القانون المدني	أحكام	مبادئ القضاء المدني قانون المرافعات
القانون المدني	كتاب	الطبيعة القانونية لمسئولية الطبيب المدنية
المحاماة	موسوعة	موسوعة أصول المرافعات ومذكرات الدفاع في الدعاوي والطعون الجزء الرابع: أصول المرافعات الشرعية فى مسائل الاحوال الشخصية. المستشار / أنور العمروسي المحامي بالنقض والادارية العليا #قانون_المرافعات
القضاء والمحاكم	كتاب	قناة_الفكر_القانوني_العراقي @iraqilegal2018
القضاء والمحاكم	كتاب	كتاب ( احكام الوصايا والاوقاف بين الفقة والقانون ) 💛
القضاء والمحاكم	كتاب	موسوعه المذكرات القانونيه فى الجنح والجنايات ✌📚
القانون المدني	موسوعة	📗موسوعة الدفوع المدنية 📃فى ضوء الفقه والقضاء 🎗للأستاذ / شريف الطباخ 🔺المحامى بالنقض والدستورية العليا 📑الجزء الثانى : 217 صفحه #دليل_المحامى_المحترف
القانون المدني	موسوعة	📗موسوعة الدفوع المدنية 📃فى ضوء الفقه والقضاء 🎗للأستاذ / شريف الطباخ 🔺المحامى بالنقض والدستورية العليا 📑الجزء الثالث : 359 صفحه #دليل_المحامى_المحترف
القانون المدني	موسوعة	📗موسوعة الدفوع المدنية 📃فى ضوء الفقه والقضاء 🎗للأستاذ / شريف الطباخ 🔺المحامى بالنقض والدستورية العليا 📑الجزء الرابع : 230 صفحه #دليل_المحامى_المحترف
القانون الجنائي	موسوعة	📗موسوعة الدفوع الجنائية 📃فى ضوء الفقه والقضاء 🎗للأستاذ / شريف الطباخ 🔺المحامى بالنقض والدستورية العليا 📑الجزء الخامس : 393 صفحه #دليل_المحامى_المحترف
القانون الجنائي	دليل	📗 شرح قانون الاجراءات الجنائية 🌟 للدكتورة أمال عثمان 🔸أستاذ القانون الجنائى 🔹كلية الحقوق - جامعة القاهرة 📑المجلد : ١٠٠٠ صفحة 🔘 للمشاركة ابعتلنا على ‏@professionL_lawyerbot #منصة_المحامى_المحترف_القانونية #دليل_المحامى_المحترف
الأنظمة والتشريعات	دليل	📕الوسيط فى سن وصياغة وتفسير التشريعات 🔰الكتاب الثانى : صياغة وتفسير التشريعات 🎗للمستشار / عليوة مصطفى فتح الباب 🌐نائب رئيس مجلس الدولة 📑الكتاب الثانى : ٧٠٤ صفحة #منصة_المحامى_المحترف_القانونية #دليل_المحامى_المحترف
القضاء والمحاكم	دليل	📕الكامل للزلمى فى الشريعة والقانون 📄الكتاب الأول : حكم احكام القرآن 🎗الدكتور مصطفى ابراهيم الزلمى 📝الكتاب ١٤٩ صفحة #دليل_المحامى_المحترف #منصة_قانونية
القضاء والمحاكم	دليل	📕الكامل للزلمى فى الشريعة والقانون 📄الكتاب الثانى : دلالات النصوص وطرق استنباط الاحكام فى ضوء أصول الفقه الاسلامى 🎗الدكتور مصطفى ابراهيم الزلمى 📝الكتاب ٣١٥ صفحة #دليل_المحامى_المحترف #منصة_قانونية
القضاء والمحاكم	دليل	📕الكامل للزلمى فى الشريعة والقانون 📄الكتاب الثالث : فلسفة الشريعة 🎗الدكتور مصطفى ابراهيم الزلمى 📝الكتاب ٢٢٠ صفحة #دليل_المحامى_المحترف #منصة_قانونية
القانون الجنائي	دليل	📕الكامل للزلمى فى الشريعة والقانون 📄الكتاب الرابع : المسئولية الجنائية فى الشريعة الاسلامية دراسة مقارنة بالقانون 🎗الدكتور مصطفى ابراهيم الزلمى 📝الكتاب ٢٣٨ صفحة #دليل_المحامى_المحترف #منصة_قانونية
القضاء والمحاكم	دليل	📕الكامل للزلمى فى الشريعة والقانون 📄الكتاب الرابع : فلسفة القانون والمنطق القانونى فى التصورات 🎗الدكتور مصطفى ابراهيم الزلمى 📝الكتاب ٢٤٦ صفحة #دليل_المحامى_المحترف #منصة_قانونية
القضاء والمحاكم	دليل	📕الكامل للزلمى فى الشريعة والقانون 📄الكتاب الخامس : إيضاح الفوائد فى شرح القواعد على نمط جديد 🎗الدكتور مصطفى ابراهيم الزلمى 📝الكتاب ٤٤٠ صفحة #دليل_المحامى_المحترف #منصة_قانونية
التحكيم	دليل	📘القواعد التى قررتها محكمة النقض فى ٥٠ عاماً ▫️منذ اول إنشائها عام ١٩٣١ حتى عام ١٩٨٠ " الدوائر الجنائية " 🎗للمستشار / الصاوى يوسف القبانى 🔸مستشار بمحكمة النقض سابقاً 📄الجزء الاول | ١٠٥١ صفحة #منصة_المحامى_المحترف_القانونية #دليل_المحامى_المحترف
التحكيم	دليل	📘القواعد التى قررتها محكمة النقض فى ٥٠ عاماً ▫️منذ اول إنشائها عام ١٩٣١ حتى عام ١٩٨٠ " الدوائر الجنائية " 🎗للمستشار / الصاوى يوسف القبانى 🔸مستشار بمحكمة النقض سابقاً 📄الجزء الثانى | ١٣٩١ صفحة #منصة_المحامى_المحترف_القانونية #دليل_المحامى_المحترف
التحكيم	دليل	📘القواعد التى قررتها محكمة النقض فى ٥٠ عاماً ▫️منذ اول إنشائها عام ١٩٣١ حتى عام ١٩٨٠ " الدوائر الجنائية " 🎗للمستشار / الصاوى يوسف القبانى 🔸مستشار بمحكمة النقض سابقاً 📄الجزء الثالث | ١٠٧٠ صفحة #منصة_المحامى_المحترف_القانونية #دليل_المحامى_المحترف
التحكيم	دليل	📘القواعد التى قررتها محكمة النقض فى ٥٠ عاماً ▫️منذ اول إنشائها عام ١٩٣١ حتى عام ١٩٨٠ " الدوائر الجنائية " 🎗للمستشار / الصاوى يوسف القبانى 🔸مستشار بمحكمة النقض سابقاً 📄الجزء الرابع | ١١٠٧ صفحة #منصة_المحامى_المحترف_القانونية #دليل_المحامى_المحترف
القانون الجنائي	أحكام	الأحكام العامة للحدود في قانون العقوبات اليمني مقارنة بالفقه الإسلامي. الدكتور مطهر أنقع أستاذ القانون الجنائي كلية الشريعة جامعة الحديدة
الأحوال الشخصية	أحكام	أحكام الأسرة في الشريعة الإسلامية مقارنة بالقانون اليمني د علي أحمد القليصي رحمه الله
الأحوال الشخصية	أحكام	أحكام الأسرة في الشريعة الإسلاميّة مقارنة بالقانون اليمني.. د علي أحمد القليصي المجلد الأول. #قناة_الفقه_القانوني_اليمني @yemenIow
القانون الجنائي	كتاب	شرح قانون العقوبات القسم العام
القانون الجنائي	كتاب	المساهمة الجنائية فى التشريعات العربية
القانون المدني	كتاب	مصادر الالتزام
القضاء والمحاكم	كتاب	التمسك بالبطلان فى قانون المرافعات
القانون التجاري	كتاب	6- قاموس المصطلحات والسياسية والاقتصادية والإجتماعية ـ 7- قاموس القانون ترجمة العقود التجارية ترجمة العقود المدنية عنوان الكتاب : الاوراق التجارية لينك التحميل : احكام الاوراق التجارية فى الفقة الاسلامى لينك التحميل : العنوان: القانون المدني- مجموعة الأعمال التحضيرية (3 اجزاء)
القانون الجنائي	كتاب	مشروع تعديل قانون الإجراءات الجزائية
القانون الجنائي	بحث	البطلان فى قانون الاجراءات الجنائية دراسة تحليلية د. عبد الحكم فودة طبعة ١٩٩٦
القانون المدني	كتاب	الإنعدام الإجرائي في قانون المرافعات والتنفيذ المدني اليمني
القضاء والمحاكم	رسالة علمية	حق الزوجة المطلقة بالسكنى دراسة مقارنة بين الشريعة و القانون في إطار قانون الأحوال الشخصية العراقي رسالة ماجستير في القانون الخاص
القانون الجنائي	أحكام	إشكالات تنفيذ الأحكام الجزائية في قانون الإجراءات الجزائية الفلسطيني
المحاماة	كتاب	المحاماة مهنة حرة تشارك السلطة القضائية في استظهار الحقائق لتحقيق العدل وتأكيد سيادة القانون، ويطلق على من يمارس مهنة المحاماة محامي أو مستشار قانوني وتضم الكثير من ألمراجع القانونية القيمة والمواضيع القانونية. للتواصل :- 770043690 - 711794654
المحاماة	كتاب	أكاديمية المحاماة المحاماة مهنة حرة تشارك السلطة القضائية في استظهار الحقائق لتحقيق العدل وتأكيد سيادة القانون، ويطلق على من يمارس مهنة المحاماة محامي أو مستشار قانوني وتضم الكثير من ألمراجع القانونية القيمة والمواضيع القانونية. للتواصل :- 770043690 - 711794654
القانون التجاري	كتاب	الوسيط في شرح القانون التجاري د. سميحة القليوبي الجزء الثاني القسم الأول #القانون_التجاري
القانون التجاري	كتاب	الوسيط في شرح القانون التجاري د. سميحة القليوبي الجزء الثاني القسم الثاني الالتزامات والعقود التجارية وعمليات البنوك #القانون_التجاري
القانون المدني	أحكام	كتاب اصول قانون الاجراءات الجنائية - الدعوى الجنائية - الدعوى المدنية - التحقيق الإبتدائي - المحاكمة - طرق الطعن في الأحكام د. حسن صادق المرصفاوي
القضاء والمحاكم	كتاب	قانون الإثبات لسنة 1979 وتعديلاته - نبيل عبد الرحمن حياوي
القضاء والمحاكم	كتاب	قواعد مهمة في قانون الإثبات القاضي عبدالملك ثابت الأغبري #قانون_يمني
التحكيم	كتاب	الأدلة الكتابية والقرائن في قانون الإثبات اليمني القاضي حسين البار عضو المحكمة العليا #قانون_يمني
القضاء والمحاكم	كتاب	وسائل الإثبات القضائي
الأنظمة والتشريعات	نظام	مفهوم فكرة النظام العام وتطبيقاتها في التشريع الفلسطيني
القانون الدولي	رسالة علمية	رسالة ماجستير بعنوان| النظام العام في القانون الدولي الخاص دراسة مقارنة|الجزائر| 2019 ....................................... #المكتبة_العراقية_للقانون_الدولي
القانون الدولي	رسالة علمية	رسالة ماجستير بعنوان|النظام العام في النزاعات الدولية الخاصة المتعلقة بالأحوال الشخصية | الباحث: زاير فاطمة الزهراء| تلمسان- جامعة أبي بكر بلقايد| 2011 ....................................... #المكتبة_العراقية_للقانون_الدولي
القانون الدولي	رسالة علمية	رسالة ماجستير بعنوان|دور النظام العام في حماية الرابطة الزوجية وانحلالها في اطار القانون الدولي الخاص| الباحث: سنينات عبد الله| تلمسان- جامعة أبي بكر بلقايد| 2009 ....................................... #المكتبة_العراقية_للقانون_الدولي
الأنظمة والتشريعات	نظام	مرفق الأمن بين النظام العام والحريات العامة
الأنظمة والتشريعات	نظام	فكرة النظام العام وحرية التعاقد في ضوء القانون الجزائري والفقه الإسلامي
الأنظمة والتشريعات	نظام	النظام القانوني لتفويض المرفق العام لأشخاص القانون الخاص
القانون الجنائي	أحكام	الأصول الفلسفية والمبادئ الدستورية لمفهوم النظام العام المعاصر في قانون الإجراءات الجنائية #قناة_الفكر_القانوني_العراقي @iraqilegal2018
الأنظمة والتشريعات	نظام	تأديب الموظف العام في النظام القانوني في دولة الإمارات العربية المتحدة
القانون المدني	كتاب	الدعوى المدنية التابعة
القانون المدني	كتاب	كتاب اجراءات التقاضي في الدعوى المدنية التابعة
القانون المدني	كتاب	أثر الحكم الجنائي الموضوعي على الدعوى المدنية التابعة
القانون التجاري	رسالة علمية	رسالة ماجستير انقضاء الشركات
القضاء والمحاكم	كتاب	كتاب الصيغ القانونية المتنوعة يحتوي الكتاب على اكثر من 400 صيغة قانونية متنوعة
القانون المدني	كتاب	الصيغ القانونية للدعاوى والعقود د. الأنصاري حسن النيداني د. رضا عبد الحليم عبد المجيد #الصيغ_القانونية
القانون المدني	كتاب	عقد الإيجار د. رمضان أبو السعود أستاذ القانون المدني كلية الحقوق - جامعة الإسكندرية #عقد_الإيجار #القانون_المدني #المكتبة_القانونية_العربية
القانون المدني	كتاب	العقود المسماة عقد البيع والمقايضة د. رمضان أبو السعود أستاذ القانون المدني كلية الحقوق - جامعة الإسكندرية #عقد_البيع #القانون_المدني #المكتبة_القانونية_العربية
التحكيم	كتاب	التأمين الإلزامي في المسؤولية الناشئة عن حوادث السيارات في القانون اليمني. القاضي أحمد صالح فرحان عضو المحكمة العليا #المكتبة_القانونية_العربية #قانون_يمني
القانون المدني	بحث	محاضرات في المدخل لدراسة العلوم القانونية د. عبد الحي حجازي #القانون_المدني
القانون المدني	كتاب	المدخل الى القانون القاعدة القانونية دكتور محمد حسين #القانون_المدني
القانون الدولي	بحث	تأصيل قواعد القانون الدولي على أساس فكرة القياس - دراسة في الفضاءات الدولية . ( الفضاء الخارجي ، أعالي البحار)
القضاء والمحاكم	بحث	مدى شرعية الاستطلاع العسكري والتجسس من الفضاء الخارجي باستخدام الأقمار الصناعية - دراسة قانونية
القانون الدولي	رسالة علمية	المناطق المشتركة في ظل القانون الدولي العام : أعالي البحار و الفضاء الخارجي رسالة ماجستير
الأحوال الشخصية	كتاب	الضوابط القانونية لإطلاق الأقمار الصناعية في الفضاء الخارجي . طبقاً لاتفاقيات الفضاء
القانون الجنائي	كتاب	كتاب بعنوان ( شرح القانون الجنائي المغربي ) القسم الخاص " جرائم : المؤامرة _ الاعتداء _ العصابة المسلحة _ الخيانة _ التجسس _ الرشوة _ التزوير _ الاغتصاب _ الفساد _ خيانة الزوجية _ القتل العمد _ التسميم _ الاجهاض _ الايذاء العمد _ الايذاء الخطأ _ القتل الخطأ _ السرقة _ الغصب _ خيانة الامانة " تأليف الدكتور : عبد الواحد العلمي الجزء الاول
القانون الجنائي	كتاب	كتاب بعنوان ( شرح القانون الجنائي المغربي ) القسم الخاص " جرائم : المؤامرة _ الاعتداء _ العصابة المسلحة _ الخيانة _ التجسس _ الرشوة _ التزوير _ الاغتصاب _ الفساد _ خيانة الزوجية _ القتل العمد _ التسميم _ الاجهاض _ الايذاء العمد _ الايذاء الخطأ _ القتل الخطأ _ السرقة _ الغصب _ خيانة الامانة " تأليف الدكتور : عبد الواحد العلمي الجزء الثاني
الأنظمة والتشريعات	كتاب	ضمانات تأديب الموظف العام في تشريعات اليمن، مصر، العراق، فرنسا تأليف الدكتور يحيى قاسم علي السهل كلية الحقوق جامعة عدن ٢٠٠٨
الأنظمة والتشريعات	كتاب	السهل في التشريع الضريبي تأليف الدكتور يحيى قاسم علي السهل كلية الحقوق جامعة عدن ٢٠٠٦
القضاء والمحاكم	بحث	المدخل لدراسة القانون نظرية القانون نظرية الحق تأليف الدكتور يحيى قاسم علي السهل كلية الحقوق في القاهرة ١٩٩٧
الأنظمة والتشريعات	كتاب	السهل في المالية العامة والتشريع الضريبي تأليف الدكتور يحيى قاسم علي السهل كلية الحقوق جامعة عدن ٢٠٠٠
القضاء والمحاكم	أحكام	معوقات تنفيذ الأحكام القضائية في اليمن تأليف الدكتور يحيى قاسم علي السهل كلية الحقوق جامعة عدن ٢٠٢٠
الأنظمة والتشريعات	كتاب	السهل في التشريع الضريبي اليمني تأليف الدكتور يحيى قاسم علي السهل كلية الحقوق جامعة عدن ٢٠٢٠
القضاء والمحاكم	كتاب	السهل في تاريخ القانون اليمني تأليف الدكتور يحيى قاسم علي السهل كلية الحقوق جامعة عدن ٢٠١٤
القضاء والمحاكم	كتاب	السهل في القانون الاداري اليمني تأليف الدكتور يحيى قاسم علي السهل كلية الحقوق جامعة عدن ٢٠٢٠
الأنظمة والتشريعات	كتاب	السهل في التشريعات المالية والمصرفية تأليف الدكتور يحيى قاسم علي السهل كلية الحقوق جامعة عدن ٢٠١٨
القانون الجنائي	كتاب	كتاب حقوق الإنسان في قانون الإجراءات الجنائية الجزء الثاني تأليف الدكتور محمود أحمد طه أستاذ و رئيس قسم القانون الجنائي كلية الحقوق جامعة طنطا
