channel,message_id,date,kind,title,author,source,category,material_type,file_type,file_size,pages_count,official_or_public_link,existing_title_match,existing_link_match,proposed_id,candidate_status,reason,excerpt
جبار,4,2026-01-15T09:20:05,channel_file,دليل المحامي المتدرب سبل القانون,,قناة جبار,المحاماة والتحكيم,دليل,PDF,28486979,,https://t.me/jabaraiar/4,True,False,jabar_4,exclude,عنوان مطابق لسجل قائم بعد التطبيع,
جبار,5,2026-01-24T15:22:21,channel_file,فن صياغة اللوائح القانونية في المحاماة,,قناة جبار,المحاماة والتحكيم,كتاب,PDF,4366159,,https://t.me/jabaraiar/5,False,False,jabar_5,review,يتطلب فحص التكرار والرابط قبل الإدخال,
جبار,6,2026-01-25T08:47:20,channel_file,شرح نظام الاحوال الشخصية,,قناة جبار,الأحوال الشخصية,نظام,PDF,18153986,,https://t.me/jabaraiar/6,True,False,jabar_6,exclude,عنوان مطابق لسجل قائم بعد التطبيع,
جبار,7,2026-01-25T08:47:41,channel_file,القواعد الفقهية,,قناة جبار,الأنظمة والتشريعات,كتاب,PDF,4692019,,https://t.me/jabaraiar/7,False,False,jabar_7,exclude,لا تظهر صلة قانونية أو قضائية واضحة,
جبار,8,2026-01-26T17:40:12,channel_file,المدد النظامية,,قناة جبار,الأنظمة والتشريعات,نظام,PDF,6740223,,https://t.me/jabaraiar/8,True,False,jabar_8,exclude,عنوان مطابق لسجل قائم بعد التطبيع,
جبار,10,2026-02-24T13:47:04,channel_file,مباديء وقرارات المحكمة العليا,,قناة جبار,المحاكم والمرافعات,نظام,PDF,13557831,,https://t.me/jabaraiar/10,False,False,jabar_10,review,يتطلب فحص التكرار والرابط قبل الإدخال,
جبار,11,2026-02-24T13:47:18,channel_file,تقريرات محكمة التمييز الجزء الأول,,قناة جبار,المحاكم والمرافعات,حكم قضائي,PDF,34152016,,https://t.me/jabaraiar/11,True,False,jabar_11,exclude,عنوان مطابق لسجل قائم بعد التطبيع,
جبار,12,2026-02-24T13:47:28,channel_file,تقريرات محكمة التمييز الجزء الثاني,,قناة جبار,المحاكم والمرافعات,حكم قضائي,PDF,23691753,,https://t.me/jabaraiar/12,True,False,jabar_12,exclude,عنوان مطابق لسجل قائم بعد التطبيع,
جبار,15,2026-03-08T12:37:26,drive_reference,مكتبة قانونية تضم أكثر من 800 ملف في مختلف المجالات: القضايا العامة – التجارية – العمالية – الأحوال الشخصية وغيرها,,قناة جبار,الأحوال الشخصية,كتاب,رابط,,,https://drive.google.com/file/d/1jh4vj-zC-cAKOBBa2EBjeYLi2QnSTqrP/view,False,False,jabar_15,review,يتطلب فحص التكرار والرابط قبل الإدخال,"مكتبة قانونية

‏تضم أكثر من 800 ملف في مختلف المجالات:
‏القضايا  العامة – التجارية – العمالية – الأحوال
‏الشخصية وغيرها.

https://drive.google.com/file/d/1jh4vj-zC-cAKOBBa2EBjeYLi2QnSTqrP/view"
جبار,17,2026-03-12T23:50:56,drive_reference,ملف شامل للصياغة القانونية,,قناة جبار,المحاماة والتحكيم,رابط مرجعي,رابط,,,https://drive.google.com/drive/mobile/folders/1XuniH5vMjV8MZ04z8FTTfIb7D-cxq0Gh,False,False,jabar_17,review,يتطلب فحص التكرار والرابط قبل الإدخال,"ملف شامل للصياغة القانونية 

https://drive.google.com/drive/mobile/folders/1XuniH5vMjV8MZ04z8FTTfIb7D-cxq0Gh"
جبار,20,2026-03-13T20:14:53,channel_file,خطاب جهة حكومية,,قناة جبار,الأنظمة والتشريعات,مذكرة,PDF,84365,,https://t.me/jabaraiar/20,False,False,jabar_20,review,يتطلب فحص التكرار والرابط قبل الإدخال,نموذج خطاب جهة حكومية
جبار,21,2026-03-23T17:49:30,channel_file,شكوى احتيال مالي,,قناة جبار,الأنظمة والتشريعات,مذكرة,PDF,177523,,https://t.me/jabaraiar/21,False,False,jabar_21,exclude,إعلان أو مادة مدفوعة أو محتوى وظيفي/توليدي غير مرجعي,"بعد برمجة كود “تحويل الذكاء الاصطناعي إلى عميل”، استعنت به لتوضيح منهجية كتابة المذكرات والشكاوى بأسلوب منهجي واضح وبسيط، مع الرجوع إلى الأنظمة واللوائح لاستكمالها على الوجه الأمثل، والتدريب العملي عليها للمحامين المتدربين أو الراغبين في صقل مهاراتهم وتحسين الصياغة القانونية.
وأعرض لكم شكوى بأسلوبي الخاص مع الاستفادة من الذكاء الاصطناعي كعميل متظلم لتجسيد الطريقة العملية وبيان كيفية صياغة الشكوى."
جبار,22,2026-03-24T13:10:10,drive_reference,لمن يبحث عن شروحات الانظمة (الجنائية التنفيذية التجارية وغيرها) هذا الملف جدًا مفيد ال,,قناة جبار,المحاكم والمرافعات,رابط مرجعي,رابط,,,https://drive.google.com/drive/mobile/folders/10Cyvk5W1Idf07Rz4j-M7LejDSEal7aY2,False,False,jabar_22,review,يتطلب فحص التكرار والرابط قبل الإدخال,"لمن يبحث عن شروحات الانظمة (الجنائية - التنفيذية - التجارية - وغيرها) 
هذا الملف جدًا مفيد 

الرابط:  https://drive.google.com/drive/mobile/folders/10Cyvk5W1Idf07Rz4j-M7LejDSEal7aY2"
جبار,26,2026-03-26T10:47:57,drive_reference,كتاب: من مذكراتي لوائح الاعتراض تأليف: المحامي عبدالله بن محمد سنوسي كتاب وقفِيّ يوثق قضايا واقعية بخصوماتها وأحكامها، بمنهج مقسم حسب جهات التقاضي، يهدف لنقل الخبرة العملية مع مراعاة خصوصية الأطراف. عدد الصفحات: ٣١٨ كتاب رائع جدًا وانصح في ,,قناة جبار,المحاماة والتحكيم,مذكرة,رابط,,,https://drive.google.com/file/d/1oJFyfAUpf0otLqqhguE6ETU0blAFDpIw/view,False,False,jabar_26,review,يتطلب فحص التكرار والرابط قبل الإدخال,"كتاب: من مذكراتي لوائح الاعتراض 📘⚖️
تأليف: المحامي عبدالله بن محمد سنوسي 

كتاب وقفِيّ يوثق قضايا واقعية بخصوماتها وأحكامها، بمنهج مقسم حسب جهات التقاضي، يهدف لنقل الخبرة العملية مع مراعاة خصوصية الأطراف.
عدد الصفحات: ٣١٨ 
كتاب رائع جدًا وانصح في الاطلاع عليه 
رابط التحميل:  https://drive.google.com/file/d/1oJFyfAUpf0otLqqhguE6ETU0blAFDpIw/view"
جبار,27,2026-03-29T11:50:10,drive_reference,📁 [الأشباه والنظائر في الأنظمة] ملف مختصر عن الأشباه والنظائر في الأنظمة: «الأنظمة الصحية أنظمة الملكية الفكرية الأنظمة والقرارات المتعلقة بالأوقاف الأنظمة العمالية الأنظمة الجنائية الأنظمة التجارية الأنظمة العقارية»,,قناة جبار,المحاكم والمرافعات,نظام,رابط,,,https://drive.google.com/file/d/1obwoiny1QEnzKDOpRkN3t7sqA7ZpOz3x/view,False,False,jabar_27,review,يتطلب فحص التكرار والرابط قبل الإدخال,"‏📁 [الأشباه والنظائر في الأنظمة] 

‏ملف مختصر عن الأشباه والنظائر في الأنظمة:
‏«الأنظمة الصحية - أنظمة الملكية الفكرية - الأنظمة والقرارات المتعلقة بالأوقاف - الأنظمة العمالية - الأنظمة الجنائية - الأنظمة التجارية - الأنظمة العقارية»

‏📌إعداد: المحامي/ علي عايض شداد القحطاني
‏📝مجموع الصفحات: صفحتين 

‏🔗رابط التحميل:

https://drive.google.com/file/d/1obwoiny1QEnzKDOpRkN3t7sqA7ZpOz3x/view"
جبار,28,2026-03-29T15:35:11,drive_reference,ملف قيّم ورائع لمن يسعى إلى إثراء مكتبته القانونية. يضم تجميعات من السوابق القضائية أُعدّت بأسلوب رقمي مرن يُسهّل الاطلاع عليها من خلال تصنيفها وتنظيمها بعناية، لتكون مرجع عملي مُثري,,قناة جبار,المحاكم والمرافعات,حكم قضائي,رابط,,,https://drive.google.com/file/d/1xhJPX18d1gfX9rWuyMmDWah0bctpEPYy/view,False,True,jabar_28,exclude,رابط مطابق لسجل قائم,"‏📚 ملف قيّم ورائع لمن يسعى إلى إثراء مكتبته القانونية.

‏يضم تجميعات من السوابق القضائية أُعدّت بأسلوب رقمي مرن يُسهّل الاطلاع عليها من خلال تصنيفها وتنظيمها بعناية، لتكون مرجع عملي مُثري.

‏📌إعداد: سبل القانون
‏🗂️عدد الصفحات: ١٧ ص
‏🔗لتحميل الملف:

https://drive.google.com/file/d/1xhJPX18d1gfX9rWuyMmDWah0bctpEPYy/view"
جبار,30,2026-03-30T12:01:45,drive_reference,ملف تجميعات ثري ورائع يضم مجموعة متنوعة عن قضايا المخدرات: الآنظمة واللوائح نماذج مذكرات دفاع تسبيبات وقواعد قضائية تعاميم رسميم سوابق قضائية مختارة,,قناة جبار,المحاماة والتحكيم,رابط مرجعي,رابط,,,https://drive.google.com/drive/mobile/folders/10GJ5gSwndof7QVd3b1A-A18uCTZp5Fcb,False,False,jabar_30,review,يتطلب فحص التكرار والرابط قبل الإدخال,"🗂️ ملف تجميعات ثري ورائع يضم مجموعة متنوعة عن قضايا المخدرات:
📌 الآنظمة واللوائح 
📌نماذج مذكرات دفاع
📌 تسبيبات وقواعد قضائية 
📌تعاميم رسميم
📌سوابق قضائية مختارة 
📝اعداد: شركة الدريس القانونية و الطويق القانونية
🔗رابط التحميل: https://drive.google.com/drive/mobile/folders/10GJ5gSwndof7QVd3b1A-A18uCTZp5Fcb"
جبار,31,2026-03-31T15:32:36,drive_reference,برنامج تمهيدي مخصص لطلاب القانون والمحامين المتدربين، يهدف إلى ترسيخ أهم المفاهيم الأساسية وتزويدهم بالمعرفة اللازمة لبدء ممارسة مهنة المحاماة بثقة وكفاءة. نظام المرافعات الشرعية نظام الاجراءات الجزائية نظام التنفيذ نظام المعاملات المدنية و,,قناة جبار,المحاماة والتحكيم,نظام,رابط,,,https://drive.google.com/file/d/1GDZWk13TEV_EyOHTuZvxgMGdrAnYSbVe/view,False,True,jabar_31,exclude,رابط مطابق لسجل قائم,"📚 برنامج تمهيدي مخصص لطلاب القانون والمحامين المتدربين، يهدف إلى ترسيخ أهم المفاهيم الأساسية وتزويدهم بالمعرفة اللازمة لبدء ممارسة مهنة المحاماة بثقة وكفاءة.
📌 نظام المرافعات الشرعية
📌نظام الاجراءات الجزائية
📌 نظام التنفيذ 
📌 نظام المعاملات المدنية 
وغيرها من الأنظمة المهمة.
📝إعداد: شهد مشعل سيف السهلي.
🗂️عدد الصفحات: ١٣ ص
🔗 لتحميل رابط الملف: 

https://drive.google.com/file/d/1GDZWk13TEV_EyOHTuZvxgMGdrAnYSbVe/view"
جبار,33,2026-04-02T12:24:25,drive_reference,للمهتمين بالعقود 📓,,قناة جبار,الأنظمة والتشريعات,رابط مرجعي,رابط,,,https://drive.google.com/drive/mobile/folders/1I3sXtJe5wEzi9siHbn2x1HbeZe_Ft1xT,False,False,jabar_33,review,يتطلب فحص التكرار والرابط قبل الإدخال,"للمهتمين بالعقود 📓: 
يحتوي الرابط على نماذج عقود جاهزة تقدر تستخدمها
📍وتعدل عليها حسب مشروعك، ويفضل تراجع البنود قبل الاعتماد من النماذج

‏📌عقد تأسيس، عقد شراكة، عقد تسويق، عقد عمل
‏عقد عمولة ، عقد توريد ، عقد توزيع ، عقد تأجير
‏عقد  بيع ، عقد مقاولة ، عقد  وساطة ، عقد هبة 
🔗رابط التحميل:

https://drive.google.com/drive/mobile/folders/1I3sXtJe5wEzi9siHbn2x1HbeZe_Ft1xT"
جبار,36,2026-04-05T13:24:34,drive_reference,لكل من يبحث عن مبادئ وقرارات المحاكم والجهات العليا، تجدون في الرابط أدناه ملف شامل يضم أبرز هذه القرارات بشكل منظم وسهل الوصول,,قناة جبار,المحاكم والمرافعات,رابط مرجعي,رابط,,,https://drive.google.com/drive/mobile/folders/15tQeSIKdG3Dcu9keRCuP--E2JqRb8OAE,False,False,jabar_36,review,يتطلب فحص التكرار والرابط قبل الإدخال,"📍لكل من يبحث عن مبادئ وقرارات المحاكم والجهات العليا، تجدون في الرابط أدناه ملف شامل يضم أبرز هذه القرارات بشكل منظم وسهل الوصول 📘⚖️
🔗رابط التحميل:  https://drive.google.com/drive/mobile/folders/15tQeSIKdG3Dcu9keRCuP--E2JqRb8OAE"
جبار,37,2026-04-06T10:57:07,drive_reference,لكل من هو مهتم بمجال حوكمة الشركات تجدون أماكم روابط شاملة دليل شامل للمبتدئين في مجال حوكمة الشركات وادارة المخاطر والامتثال,,قناة جبار,الأنظمة والتشريعات,دليل,رابط,,,https://drive.google.com/file/d/1sVMpo8NbsAWKqe5GAlrtFwcNoUTMeeUh/view,False,False,jabar_37,exclude,لا تظهر صلة قانونية أو قضائية واضحة,"📌لكل من هو مهتم بمجال حوكمة الشركات تجدون أماكم روابط شاملة
 📍📘دليل شامل للمبتدئين في مجال حوكمة الشركات وادارة المخاطر والامتثال 
🔗: https://drive.google.com/file/d/1sVMpo8NbsAWKqe5GAlrtFwcNoUTMeeUh/view
اعداد: محمد السبيعات 
📍📘نموذج الحوكمة المتكاملة: 
https://drive.google.com/file/d/1C5w-LVxGuE1MQIlPkCcds918Qf1lXxgp/view
اعداد: د. ناصر الصليهم
📍📘ملخص في الحوكمة وادارة المخاط والامتثال:
اعداد: سلطان القحطاني
https://drive.google.com/file/d/1_cPYJ5q8lu-lnXmfrbfwhdZ-8fy77590/view"
جبار,42,2026-04-07T11:20:38,drive_reference,ملف عملي مهم في القضاء الجنائي يجمع بين المبادئ والقرارات القضائية والأحاديث النبوية، ويضم باقة من أبرز الموضوعات ، منها: تداخل العقوبات، قضايا المخدرات، الجرائم الإلكترونية، الاعتداء، القذف، السرقة، المسكر، الدية، حوادث السيارات، والقصاص. ,,قناة جبار,المحاكم والمرافعات,نظام,رابط,,,https://drive.google.com/file/d/1JQ1iP-7yVUpIMalPj7rxikQ2YI2cvO-c/view,False,False,jabar_42,review,يتطلب فحص التكرار والرابط قبل الإدخال,"📌ملف عملي مهم في القضاء الجنائي يجمع بين المبادئ والقرارات القضائية والأحاديث النبوية، ويضم باقة من أبرز الموضوعات📚، منها:
📍تداخل العقوبات، قضايا المخدرات، الجرائم الإلكترونية، الاعتداء، القذف، السرقة، المسكر، الدية، حوادث السيارات، والقصاص.
📝اعداد المستشار القانوني: حسن قاسم
🗂️عدد الصفحات: ٢٥ ص
🔗رابط التحميل: https://drive.google.com/file/d/1JQ1iP-7yVUpIMalPj7rxikQ2YI2cvO-c/view"
جبار,44,2026-04-08T12:36:32,drive_reference,تغريدة ذات مرجع مهم في الدعاوى المرورية مذكرة في الدعاوى المرورية,,قناة جبار,المحاماة والتحكيم,مذكرة,رابط,,,https://drive.google.com/file/d/1YSMRggvm6RMcooy24k6vX8kJuiJlpnzM/view,False,False,jabar_44,review,يتطلب فحص التكرار والرابط قبل الإدخال,"📍تغريدة ذات مرجع مهم في الدعاوى المرورية‼️ 
📌مذكرة في الدعاوى المرورية
رابط التحميل: https://drive.google.com/file/d/1YSMRggvm6RMcooy24k6vX8kJuiJlpnzM/view
📌المسؤولية التقصيرية لسائق السيارة الناشئة عن حوادث المرور 
اعداد: بروف. احمد المحمدي 
رابط التحميل: https://drive.google.com/file/d/1rdImXa2Gw1vYcW8xgsiqslv4DjZk-1R4/view
📌توجيهات واجراءت قضائية في قضايا الحوادث المرورية
اعداد: القاضي/ محمد بن ابراهيم الصائغ
رابط التحميل: https://drive.google.com/file/d/1urGWmoLBkNeffwXMgBlTjAFi5KcQOZlM/view"
جبار,51,2026-04-11T10:29:02,drive_reference,ملف ثري تجميعات المذكرات القانونية يضم نماذج وصيغ متنوعة من المذكرات القانونية,,قناة جبار,المحاماة والتحكيم,مذكرة,رابط,,,https://drive.google.com/file/d/16SjEjX1kn8kLLcL41MuX85an3GQVcFiG/view,False,False,jabar_51,review,يتطلب فحص التكرار والرابط قبل الإدخال,"📌‼️ ملف ثري -تجميعات المذكرات القانونية- يضم نماذج وصيغ متنوعة من المذكرات القانونية📝⚖️
📝اعداد: سبل القانون
عدد: ١٥ صفحة
🔗رابط التحميل  https://drive.google.com/file/d/16SjEjX1kn8kLLcL41MuX85an3GQVcFiG/view"
جبار,54,2026-04-12T10:03:28,drive_reference,دليل المحامي المتدرب,,قناة جبار,المحاماة والتحكيم,دليل,رابط,,,https://drive.google.com/file/d/1-Itvf79mPeODdu1eQjT6DyNWupzwOtrA/view,True,False,jabar_54,exclude,عنوان مطابق لسجل قائم بعد التطبيع,"‏📍دليل المحامي المتدرب 📚⚖️
‏يحتوي الملف على:
‏📌المصطلحات الشائعة
‏📌المنصات العدلية
‏📌مهام المتدرب اليومية
‏📌صياغة المذكرات القانونية وأنواعها
‏📌خطوات مذكرة الدعوى ومهارات 
‏صياغة المذكرات
‏📌خطة لقراءة أهم الأنظمة
‏📌القضاء واختصاصاته

‏📝إعداد :سبل القانون
‏🔗 لتحميل الملف: https://drive.google.com/file/d/1-Itvf79mPeODdu1eQjT6DyNWupzwOtrA/view"
جبار,55,2026-04-13T09:53:03,drive_reference,مكتبة قانونية ثرية في القضاء التجاري مهم وجودها لكل محامي تشتمل على: الأنظمة والاختصاص البنوك والعقود التجارية التحكيم القانون التجاري الشركات الأوراق التجارية التأمين فقهيات تجارية مبادئ وتطبيقات,,قناة جبار,المحاماة والتحكيم,رابط مرجعي,رابط,,,https://drive.google.com/drive/mobile/folders/1X00VYMZfsj1PLCmQCpmdpNjEu7266aBy,False,False,jabar_55,review,يتطلب فحص التكرار والرابط قبل الإدخال,"📍مكتبة قانونية ثرية في - القضاء التجاري -
📌مهم وجودها لكل محامي
تشتمل على:
- الأنظمة والاختصاص
- البنوك والعقود التجارية
- التحكيم
- القانون التجاري 
- الشركات
- الأوراق التجارية 
- التأمين
- فقهيات تجارية
- مبادئ وتطبيقات 
🔗رابط التحميل:  https://drive.google.com/drive/mobile/folders/1X00VYMZfsj1PLCmQCpmdpNjEu7266aBy"
جبار,58,2026-04-14T10:09:28,drive_reference,نماذج اعتراض متعددة مهمة لكل محامي ومتدرب,,قناة جبار,المحاماة والتحكيم,رابط مرجعي,رابط,,,https://drive.google.com/drive/mobile/folders/1MzGF3lAI-FN-40_Jz43gADy4aHNALkU7?usp=sharing,False,False,jabar_58,review,يتطلب فحص التكرار والرابط قبل الإدخال,"📌نماذج اعتراض متعددة
مهمة لكل محامي ومتدرب ⚖️📚
اعداد: المحامي/ احمد بن نهار
🔗رابط التحميل: https://drive.google.com/drive/mobile/folders/1MzGF3lAI-FN-40_Jz43gADy4aHNALkU7?usp=sharing"
جبار,59,2026-04-15T10:00:22,drive_reference,لكل محامي وقانوني هذا الملف يسهل لك عملية البحث بالضغط على ماتريد من تعاميم وأحكام المحاكم التجارية وأحكام الإفلاس وكذلك المدونات القضائية لديوان المظالم وغيرها,,قناة جبار,المحاماة والتحكيم,كتاب,رابط,,,https://drive.google.com/file/d/1S9pKb0H3cC4qXuokFwSbEuIgqPLLND6r/view,False,False,jabar_59,review,يتطلب فحص التكرار والرابط قبل الإدخال,"لكل محامي وقانوني هذا الملف يسهل لك عملية البحث بالضغط على ماتريد من تعاميم وأحكام المحاكم التجارية وأحكام الإفلاس وكذلك المدونات القضائية لديوان المظالم وغيرها 📚⚖️
🔗رابط التحميل:  https://drive.google.com/file/d/1S9pKb0H3cC4qXuokFwSbEuIgqPLLND6r/view"
جبار,60,2026-04-16T15:22:57,drive_reference,للمهتم بالقضاء الجنائي أهم المبادئ الجنائية المقررة في القضاء السعودي من عام ١٣٩١ إلى عام ١٤٣٧ ملف مُثري وقيّم,,قناة جبار,القضايا الجنائية,كتاب,رابط,,,https://drive.google.com/file/d/1VoeFjJO4iYkUObicMv6zjo9YQh3fXv5U/view,False,False,jabar_60,review,يتطلب فحص التكرار والرابط قبل الإدخال,"للمهتم بالقضاء الجنائي 📚⚖️
📌أهم المبادئ الجنائية المقررة في القضاء السعودي من عام ١٣٩١ إلى عام ١٤٣٧ ملف مُثري وقيّم.
🔗رابط التحميل:  https://drive.google.com/file/d/1VoeFjJO4iYkUObicMv6zjo9YQh3fXv5U/view"
جبار,72,2026-04-19T10:53:43,drive_reference,الدليل الشامل في قضايا حد المسكر عقوبات حد المسكر الدفوع في قضايا حد المسكر السابقة القضائية في حد المسكر الحيازة والترويج اعداد/ رفد القانوني,,قناة جبار,المحاكم والمرافعات,دليل,رابط,,,https://drive.google.com/file/d/1tyAV9kPjc8ao6D8Now5AfwJuUTK8ltt9/view,False,False,jabar_72,review,يتطلب فحص التكرار والرابط قبل الإدخال,"الدليل الشامل في قضايا حد المسكر ⚖️📚

📌عقوبات حد المسكر
📌الدفوع في قضايا حد المسكر ‼️
📌السابقة القضائية في حد المسكر
📌الحيازة والترويج

📝اعداد/ رفد القانوني
🔗رابط التحميل:  https://drive.google.com/file/d/1tyAV9kPjc8ao6D8Now5AfwJuUTK8ltt9/view"
جبار,74,2026-04-20T13:43:56,drive_reference,لكل محامي مهتم بالمسائل العقارية ملف قيم ومهم لكل محامي متدرب يضم المبادئ والقرارات والتقريرات في القضايا العقارية,,قناة جبار,المحاماة والتحكيم,نظام,رابط,,,https://drive.google.com/file/d/17xngXFvxsWBbuZHzlqZ0Yhi2bJ3YoepA/view,False,False,jabar_74,review,يتطلب فحص التكرار والرابط قبل الإدخال,"📌لكل محامي ‏مهتم بالمسائل العقارية

📌‏ملف قيم ومهم لكل محامي متدرب يضم المبادئ
‏والقرارات والتقريرات في القضايا العقارية
لتحميل الملف: https://drive.google.com/file/d/17xngXFvxsWBbuZHzlqZ0Yhi2bJ3YoepA/view
اعداد: عبدالاله عبدالرحمن"
جبار,76,2026-04-21T16:23:18,drive_reference,دليل شامل لبوابة ناجز وفقاً للتحديثات حتى ٤ ١ ١٤٤٥ هـ ،الموافق 22 7 2023، جميع تصنيفات القضايا في ناجز 📑,,قناة جبار,الأنظمة والتشريعات,دليل,رابط,,,https://drive.google.com/file/d/1u5EzvfTCHKW9GsE_pS7gUOvmxh7rhl6I/view,False,False,jabar_76,review,يتطلب فحص التكرار والرابط قبل الإدخال,"📍‏دليل شامل لبوابة ناجز
‏وفقاً للتحديثات حتى ٤-١-١٤٤٥ هـ ،الموافق 22-7-2023،  جميع تصنيفات القضايا في ناجز 📑
لتحميل الملف: https://drive.google.com/file/d/1u5EzvfTCHKW9GsE_pS7gUOvmxh7rhl6I/view"
جبار,77,2026-04-21T20:39:10,drive_reference,اغلب المحامين يحتاجون يطلعون على هذ النوع من العقود عقد الاستشارات القانونية,,قناة جبار,المحاماة والتحكيم,كتاب,رابط,,,https://docs.google.com/file/d/13rnht41T4yGTOFyVKBxLB4Hzec5k3Qdd/edit?filetype=msword,False,False,jabar_77,review,يتطلب فحص التكرار والرابط قبل الإدخال,"📌اغلب المحامين يحتاجون يطلعون على هذ النوع من العقود ‼️

📌عقد الاستشارات القانونية
🔗لتحميل الملف:  https://docs.google.com/file/d/13rnht41T4yGTOFyVKBxLB4Hzec5k3Qdd/edit?filetype=msword
📌عقد اتعاب محاماة - العميل المدعي -
🔗تحميل الملف:  https://docs.google.com/file/d/1dxyQ42kFzgkh9UWav-6ImRLWbLpSJC1D/edit?filetype=msword
📌عقد اتعاب محاماة - العميل المدعى عليه -
لتحميل الملف:  https://docs.google.com/file/d/1TBHwea2K2o_gEzQ5a8l_B9vBPIrCP5NZ/edit?usp=docslist_api&filetype=msword
اعداد: تركي الكريدا"
جبار,80,2026-04-23T10:07:24,drive_reference,للمحامين والقانونيين والمهتمين بصياغة العقود : ملف قيم يضم أكثر من ٥٠ نموذج عقد جاهز، تنفع لمراجعة عقودك اعداد المستشار: احمد السيد,,قناة جبار,المحاماة والتحكيم,مذكرة,رابط,,,https://drive.google.com/file/d/1L9Bn_wndiPsp1U2DuTYAGDuY1JMry8IS/view,False,False,jabar_80,review,يتطلب فحص التكرار والرابط قبل الإدخال,"‏للمحامين والقانونيين والمهتمين بصياغة العقود📝 :

‏📝ملف قيم يضم أكثر من ٥٠ نموذج عقد جاهز، تنفع 
لمراجعة عقودك 📝⚖️
اعداد المستشار: احمد السيد
🔗رابط التحميل: https://drive.google.com/file/d/1L9Bn_wndiPsp1U2DuTYAGDuY1JMry8IS/view"
جبار,81,2026-04-26T20:35:13,drive_reference,مذكرة صياغة العقود: مذكرة مختصرة لأهم مهمات صياغة العقود,,قناة جبار,المحاماة والتحكيم,مذكرة,رابط,,,https://drive.google.com/file/d/1c2NMy0pVbmXNZIOS_wH7K6jburit-Y7c/view,False,False,jabar_81,exclude,لا تظهر صلة قانونية أو قضائية واضحة,"📌مذكرة صياغة العقود:
مذكرة مختصرة لأهم مهمات صياغة العقود 📝
🔗رابط التحميل:  https://drive.google.com/file/d/1c2NMy0pVbmXNZIOS_wH7K6jburit-Y7c/view
📝اعداد: عبدالله المحارب."
جبار,83,2026-04-27T19:43:19,drive_reference,ملف | تسبيبات الأحوال الشخصية (الزيارة، الحضانة، الطلاق، العضل، اللعان والنسب، النكاح، الخلع، الرجعة، المهر، النفقة، التحكيم، وسائل الإثبات، وملف: القول لمن؟) مرجع مهم عملي يساعدك في كتابة المذكرات واللوائح القانونية,,قناة جبار,المحاماة والتحكيم,مذكرة,رابط,,,https://drive.google.com/file/d/1GqRu-75d6ZGdenpAmf3lWkcSDJ1oPDNB/view,False,False,jabar_83,review,يتطلب فحص التكرار والرابط قبل الإدخال,"‼️ملف | تسبيبات الأحوال الشخصية ⚖️

📌(الزيارة، الحضانة، الطلاق، العضل، اللعان والنسب، النكاح، الخلع، الرجعة، المهر، النفقة، التحكيم، وسائل الإثبات، وملف: القول لمن؟)

📌مرجع مهم عملي يساعدك في كتابة المذكرات واللوائح القانونية
🔗رابط التحميل: https://drive.google.com/file/d/1GqRu-75d6ZGdenpAmf3lWkcSDJ1oPDNB/view
📝اعداد: الشيخ/ عبدالاله الصقيهي"
جبار,85,2026-04-28T12:46:07,drive_reference,تسهيل كتابة اللوائح والاعتراض مع صحيفة دعوى مرفقة للتدرب على نموذج المذكرات القانونية والممارسة والاطلاع عليها,,قناة جبار,المحاماة والتحكيم,مذكرة,رابط,,,https://drive.google.com/file/d/1oWQQdKdcwdXN7RKGkUz7qdACPup3Zr0-/view,False,False,jabar_85,review,يتطلب فحص التكرار والرابط قبل الإدخال,"📍تسهيل كتابة اللوائح والاعتراض 
📌مع صحيفة دعوى مرفقة للتدرب على نموذج المذكرات القانونية والممارسة والاطلاع عليها
🔗رابط التحميل: https://drive.google.com/file/d/1oWQQdKdcwdXN7RKGkUz7qdACPup3Zr0-/view
📝اعداد: سليمان الغزواني"
جبار,89,2026-04-28T20:42:22,channel_file,مكتبة نفع القضائية,,قناة جبار,المحاكم والمرافعات,كتاب,PDF,2963659,,https://t.me/jabaraiar/89,True,False,jabar_89,exclude,عنوان مطابق لسجل قائم بعد التطبيع,
جبار,90,2026-04-29T12:23:46,drive_reference,ملف رائع لكيفية تقديم الاستشارات القانونية في الشركات يوجد نماذج للاستشارات,,قناة جبار,المحاماة والتحكيم,كتاب,رابط,,,https://drive.google.com/file/d/136j4o5xwA6Q7M5z9SBt3E4J-zJjcmDRB/view,False,False,jabar_90,review,يتطلب فحص التكرار والرابط قبل الإدخال,"📍ملف رائع لكيفية تقديم الاستشارات القانونية في الشركات 
📌يوجد نماذج للاستشارات 📝⚖️
🔗لتحميل الملف: https://drive.google.com/file/d/136j4o5xwA6Q7M5z9SBt3E4J-zJjcmDRB/view
📝اعداد: أ. نبيل قملو"
جبار,92,2026-04-30T10:43:50,drive_reference,ملف قيَّم وثري في القضاء الجنائي، أرى أهمية الاحتفاظ على هذه الملفات,,قناة جبار,القضايا الجنائية,رابط مرجعي,رابط,,,https://drive.google.com/drive/mobile/folders/1-J1IrJjHXT5DNa8lwUe0pbfpiy6_vQ4U?usp=sharing,False,False,jabar_92,review,يتطلب فحص التكرار والرابط قبل الإدخال,"📌ملف قيَّم وثري في القضاء الجنائي، أرى أهمية الاحتفاظ على هذه الملفات 
🔗رابط التحميل: https://drive.google.com/drive/mobile/folders/1-J1IrJjHXT5DNa8lwUe0pbfpiy6_vQ4U?usp=sharing"
جبار,93,2026-05-02T15:32:14,drive_reference,ما الغاية التي يسعى إليها المحامي من خلال المذكرة القضائية؟ إقناع القاضي بسلامة موقفه وصحة طلباته، غير أن ضعف الصياغة والأخطاء قد تُضعف الحجة وتقلل من أثرها؛ فجودة الكتابة أداة أساسية من أدوات الإقناع، وهذا الكتاب جدير بأن يكون مرجعًا. لتحم,,قناة جبار,المحاماة والتحكيم,مذكرة,رابط,,,https://drive.google.com/file/d/1Z4zhTzTfJ6g8B6Hn45Cja1I8kSE1n8c7/view,False,False,jabar_93,review,يتطلب فحص التكرار والرابط قبل الإدخال,"📌ما الغاية التي يسعى إليها المحامي من خلال المذكرة القضائية؟

📌إقناع القاضي بسلامة موقفه وصحة طلباته، غير أن ضعف الصياغة والأخطاء قد تُضعف الحجة وتقلل من أثرها؛ فجودة الكتابة أداة أساسية من أدوات الإقناع، وهذا الكتاب جدير بأن يكون مرجعًا.
🔗لتحميل الكتاب:  https://drive.google.com/file/d/1Z4zhTzTfJ6g8B6Hn45Cja1I8kSE1n8c7/view"
جبار,98,2026-05-03T11:04:34,drive_reference,لصياغة العقود هذا الملف يقدم دليلًا شاملاً لصياغة العقود بطريقة احترافية تشمل التحضير، الصياغة الفعلية، وتجنب الأخطاء الشائعة، مع التركيز على الشروط الأساسية والضمانات والجزاءات المتبعة في العقود المختلفة,,قناة جبار,المحاماة والتحكيم,دليل,رابط,,,https://drive.google.com/file/d/16jIwum3jwoWS0ARUobx5wJRq103Av2aG/view,False,False,jabar_98,review,يتطلب فحص التكرار والرابط قبل الإدخال,"لصياغة العقود 📝⚖️

📌‏هذا الملف يقدم دليلًا شاملاً لصياغة العقود بطريقة احترافية تشمل التحضير، الصياغة الفعلية، وتجنب الأخطاء الشائعة، مع التركيز على الشروط الأساسية والضمانات والجزاءات المتبعة في العقود المختلفة.
لتحميل الملف: https://drive.google.com/file/d/16jIwum3jwoWS0ARUobx5wJRq103Av2aG/view
اعداد: القاضي السابق والمحامي/ حسان السيف"
جبار,99,2026-05-03T20:05:15,drive_reference,الوجيز لقرارات المحكمة العليا في القضايا التجارية 📑 من ١٤٤٠/٣/٢٨هـ إلى ١٤٤١/٧/١هـ,,قناة جبار,المحاكم والمرافعات,نظام,رابط,,,https://drive.google.com/file/d/1O_gpLTcPr5nPnSpLURJQ1aPGLhrvZoBM/view,False,False,jabar_99,review,يتطلب فحص التكرار والرابط قبل الإدخال,"‏الوجيز لقرارات المحكمة العليا في القضايا التجارية 📑
‏من ١٤٤٠/٣/٢٨هـ إلى ١٤٤١/٧/١هـ
لتحميل الملف: https://drive.google.com/file/d/1O_gpLTcPr5nPnSpLURJQ1aPGLhrvZoBM/view
اعداد: تركي الخثلان"
جبار,100,2026-05-03T20:06:09,drive_reference,كتاب الصياغة القضائية أهمية الصياغة القضائية صيغة تحرير الدعوى العامة والخاصة نماذج أخطاء في الصياغة يقع فيها بعض القضاة وتصويبها,,قناة جبار,المحاماة والتحكيم,كتاب,رابط,,,https://drive.google.com/file/d/1BTn0GsCejbFGa4Ey5fiVv0k_0n79dCTr/view,False,False,jabar_100,review,يتطلب فحص التكرار والرابط قبل الإدخال,"‏كتاب الصياغة القضائية ⚖️📝
‏📌أهمية الصياغة القضائية
‏📌صيغة تحرير الدعوى العامة والخاصة
‏📌نماذج أخطاء في الصياغة يقع فيها بعض القضاة وتصويبها
🔗لتحميل الملف: https://drive.google.com/file/d/1BTn0GsCejbFGa4Ey5fiVv0k_0n79dCTr/view
اعداد/ ابراهيم الحسني"
جبار,101,2026-05-05T11:00:17,drive_reference,التصنيف الخاطئ من أبرز أسباب رفض الدعوى 📂 ملف يوضح تصنيف الدعاوى في منصة ناجز بشرح مبسط ومنظم، في دليل مختصر من (26) صفحة,,قناة جبار,المحاكم والمرافعات,دليل,رابط,,,https://drive.google.com/file/d/18zpr5KU9X3bSm2mMHLe5xJa2Lc8GqXUY/view,False,False,jabar_101,review,يتطلب فحص التكرار والرابط قبل الإدخال,"‏📌التصنيف الخاطئ من أبرز أسباب رفض الدعوى

‏📂 ملف يوضح تصنيف الدعاوى في منصة ناجز
‏بشرح مبسط ومنظم، في دليل مختصر من (26) صفحة.
لتحميل الملف: 

https://drive.google.com/file/d/18zpr5KU9X3bSm2mMHLe5xJa2Lc8GqXUY/view"
جبار,102,2026-05-05T19:48:57,drive_reference,للمهتمين بالقضايا العمالية ملف قيّم ومختصر من ( 17 ) صفحة تسبيبات عمالية وفق نظام الإثبات,,قناة جبار,المحاكم والمرافعات,نظام,رابط,,,https://drive.google.com/file/d/1MopYQIb1jBfIiaiUJeSZiM-aPjKRFhmZ/view,False,False,jabar_102,review,يتطلب فحص التكرار والرابط قبل الإدخال,"📌للمهتمين بالقضايا العمالية ملف قيّم ومختصر
من ( 17 ) صفحة تسبيبات عمالية وفق نظام الإثبات
🔗لتحميل الملف:  https://drive.google.com/file/d/1MopYQIb1jBfIiaiUJeSZiM-aPjKRFhmZ/view"
جبار,106,2026-05-06T12:30:39,drive_reference,ملف مهم يجمع أبرز الدفوع أمام اللجان الجمركية الاستئنافية ويمنحك تصورًا عمليًا عن طبيعة المنازعات الجمركية وكيفية معالجتها. يفيدك في: • معرفة الأسانيد التي تستند إليها الدوائر • الإلمام بالدفوع الشكلية والموضوعية في القضايا الجمركية • فهم د,,قناة جبار,الأنظمة والتشريعات,كتاب,رابط,,,https://drive.google.com/file/d/176X1NHFIOBxWGRLHM4S7OBimmqS3qEQS/view,False,False,jabar_106,review,يتطلب فحص التكرار والرابط قبل الإدخال,"‏📌 ملف مهم يجمع أبرز الدفوع أمام اللجان الجمركية الاستئنافية⚖️
‏ويمنحك تصورًا عمليًا عن طبيعة المنازعات الجمركية وكيفية معالجتها.

‏📌 يفيدك في:
‏• معرفة الأسانيد التي تستند إليها الدوائر
‏• الإلمام بالدفوع الشكلية والموضوعية في القضايا الجمركية
‏• فهم دفوع المستوردين وكيفية الرد عليها
‏• استيعاب توجهات اللجان في مثل هذه النزاعات
🔗لتحميل الملف: https://drive.google.com/file/d/176X1NHFIOBxWGRLHM4S7OBimmqS3qEQS/view"
جبار,107,2026-05-07T14:24:16,drive_reference,ملف ثري ومهم للمحامين,,قناة جبار,المحاماة والتحكيم,كتاب,رابط,,,https://drive.google.com/file/d/1oAtsdQGOP4_aknqOt6Iz_hYfrga4ogAi/view,False,False,jabar_107,review,يتطلب فحص التكرار والرابط قبل الإدخال,"‏📝ملف ثري ومهم للمحامين يحتوي على أكثر من ٧٠٠ صفحة من التسبيبات القضائية المتنوعة:⚖️
‏📌حقوقية
‏📌أحوال شخصية
‏📌قضايا عمالية
‏📌جزائية
‏📌تجارية
‏📌قضاء التنفيذ
🔗لتحميل الملف: https://drive.google.com/file/d/1oAtsdQGOP4_aknqOt6Iz_hYfrga4ogAi/view"
جبار,109,2026-05-09T14:37:04,drive_reference,سوابق قضائية بالمحاكم العمالية من,,قناة جبار,المحاكم والمرافعات,حكم قضائي,رابط,,,https://drive.google.com/file/d/11SUz0ywML9V0FknUT-CeeP0NFI-IehNw/view,False,False,jabar_109,review,يتطلب فحص التكرار والرابط قبل الإدخال,"‏📌سوابق قضائية بالمحاكم العمالية ⚖

‏ 📝من اعداد: القاضي سليمان الدعفس
🔗لتحميل الملف: https://drive.google.com/file/d/11SUz0ywML9V0FknUT-CeeP0NFI-IehNw/view"
جبار,119,2026-05-12T12:32:25,drive_reference,من المهم أن يكون لدى كل محام مكتبة قانونية بها تجميعات مثرية ملف,,قناة جبار,المحاماة والتحكيم,كتاب,رابط,,,https://drive.google.com/file/d/1NqKaHfIl6kj5nUhPjvau7jvvQ24iAItU/view,False,False,jabar_119,review,يتطلب فحص التكرار والرابط قبل الإدخال,"من المهم أن يكون لدى كل محام مكتبة قانونية بها تجميعات مثرية ⚖️📚

📌ملف يحتوي على العديد من المكتبات القانونية الشخصية ومحركات بحث متنوعة.
📌إعداد فيصل العتيق واستفاد منها اثناء دراسة الماجستير.
لتحميل الملف:  https://drive.google.com/file/d/1NqKaHfIl6kj5nUhPjvau7jvvQ24iAItU/view"
جبار,121,2026-05-13T15:44:08,drive_reference,ملف مميز: الجريمة المعلوماتية مخاطرها وعقوباتها إعداد وتقديم المستشار القانوني: صالح بن علي الربيعة,,قناة جبار,القضايا الجنائية,كتاب,رابط,,,https://drive.google.com/file/d/1T_gdIjWfwLZGyV1VI5yrVJ8mszcSCRQK/view?usp=drivesdk,False,False,jabar_121,review,يتطلب فحص التكرار والرابط قبل الإدخال,"‏ملف مميز: 
الجريمة المعلوماتية مخاطرها وعقوباتها 💻📃

‏📌إعداد وتقديم المستشار القانوني: صالح بن علي الربيعة.
🔗لتحميل الملف https://drive.google.com/file/d/1T_gdIjWfwLZGyV1VI5yrVJ8mszcSCRQK/view?usp=drivesdk

📝عدد الصفحات 33 صفحة + 73 صفحة أحكام قضائية في جرائم معلوماتية✅"
جبار,123,2026-05-13T17:33:30,drive_reference,ملف مفيد جمع كلًا من 📑 — القرارات المتعلقة بتفعيل المحكمة العليا. — القرارات المتعلقة بتفعيل محاكم الاستئناف. — القرارات المتعلقة بتفعيل المحاكم التجارية. — القرارات المتعلقة بتفعيل المحاكم العمالية. — القرارات ذات العلاقة,,قناة جبار,المحاكم والمرافعات,نظام,رابط,,,https://drive.google.com/file/d/1ZOmgAXDziIM7SYiM8Y2zmuC3Qi5jSQY-/view,False,False,jabar_123,review,يتطلب فحص التكرار والرابط قبل الإدخال,"‏ملف مفيد جمع كلًا من 📑⚖️

‏— القرارات المتعلقة بتفعيل المحكمة العليا.
‏— القرارات المتعلقة بتفعيل محاكم الاستئناف.
‏— القرارات المتعلقة بتفعيل المحاكم التجارية.
‏— القرارات المتعلقة بتفعيل المحاكم العمالية.
‏— القرارات ذات العلاقة.
لتحميل الملف: https://drive.google.com/file/d/1ZOmgAXDziIM7SYiM8Y2zmuC3Qi5jSQY-/view"
جبار,124,2026-05-13T19:42:33,drive_reference,حالات الإعفاء من العقوبة وفق الأنظمة السعودية احرص على معرفتها حتى توظفها في القضايا التي تباشرها وقد وردت في 14 نظام ولائحة جمعها الباحث في ملف واحد. إعداد خالد بن ذعر العجمي,,قناة جبار,المحاماة والتحكيم,مذكرة,رابط,,,https://drive.google.com/file/d/1yn2uC7jWTUsc6cWOdutBm4At1V5PWEjX/edit,False,False,jabar_124,review,يتطلب فحص التكرار والرابط قبل الإدخال,"‏حالات الإعفاء من العقوبة وفق الأنظمة السعودية 📃⚖️

‏📌احرص على معرفتها حتى توظفها في القضايا التي تباشرها وقد وردت في 14 نظام ولائحة جمعها الباحث في ملف واحد.
📝إعداد خالد بن ذعر العجمي.
لتحميل الملف: https://drive.google.com/file/d/1yn2uC7jWTUsc6cWOdutBm4At1V5PWEjX/edit"
جبار,132,2026-05-23T18:13:17,drive_reference,قضايا المقاولات المنشورة في موقع وزارة العدل من شهر محرم عام 1442 إلى شهر جمادى الثاني لعام 1442هـ جمع المحامي الشيخ عبدالله الحمودي,,قناة جبار,المحاماة والتحكيم,كتاب,رابط,,,https://drive.google.com/file/d/1jB-Zx8VQBjpEYW5zvWOPSAnY-sVAM6i_/view?usp=drivesdk,False,False,jabar_132,review,يتطلب فحص التكرار والرابط قبل الإدخال,"قضايا المقاولات المنشورة في موقع وزارة العدل من شهر محرم عام 1442 إلى شهر جمادى الثاني لعام 1442هـ

جمع المحامي الشيخ عبدالله الحمودي
🔗رابط التحميل:  https://drive.google.com/file/d/1jB-Zx8VQBjpEYW5zvWOPSAnY-sVAM6i_/view?usp=drivesdk"
جبار,133,2026-05-24T20:00:16,drive_reference,ملف عقوبة إبعاد الأجنبي في النظام السعودي والقرارات الوزارية والتعاميم الإدارية 📑 إعداد المستشار القانوني: متعب عسيري,,قناة جبار,المحاكم والمرافعات,نظام,رابط,,,https://drive.google.com/file/d/1DiN9iTWFEzR2zJEfk96H_uPolKnXyOxt/view?usp=drivesdk,False,False,jabar_133,review,يتطلب فحص التكرار والرابط قبل الإدخال,"‏📌ملف عقوبة إبعاد الأجنبي في النظام السعودي والقرارات الوزارية والتعاميم الإدارية 📑📍

‏📝إعداد المستشار القانوني: متعب عسيري.
🔗لتحميل الملف: https://drive.google.com/file/d/1DiN9iTWFEzR2zJEfk96H_uPolKnXyOxt/view?usp=drivesdk
📺قناة التلقرام لمزيد من الملفات القانونية: https://t.me/jabaraiar"
جبار,145,2026-05-25T17:36:29,drive_reference,ملف يوضح كيف أن بعض القواعد والمفاهيم القانونية لها جذور ومعانٍ مذكورة في القرآن الكريم طرح جميل يربط بين الشريعة والقانون بأسلوب مختصر وبسيط. إعداد/ خالد اللحياني,,قناة جبار,الأنظمة والتشريعات,كتاب,رابط,,,https://drive.google.com/file/d/19myFzGKvQesiZ0uvKCktvaQDj_qBP0aR/view,False,False,jabar_145,review,يتطلب فحص التكرار والرابط قبل الإدخال,"‏📌ملف يوضح كيف أن بعض القواعد والمفاهيم القانونية لها جذور ومعانٍ مذكورة في القرآن الكريم 📝⚖️
‏طرح جميل يربط بين الشريعة والقانون بأسلوب مختصر وبسيط.
إعداد/ خالد اللحياني 
🔗 لتحميل الملف: https://drive.google.com/file/d/19myFzGKvQesiZ0uvKCktvaQDj_qBP0aR/view"
جبار,149,2026-05-27T08:40:18,channel_file,لائحة اعتراض احوال شخصية 18,,قناة جبار,المحاماة والتحكيم,مذكرة,PDF,169843,,https://t.me/jabaraiar/149,False,False,jabar_149,review,يتطلب فحص التكرار والرابط قبل الإدخال,"لائحة اعتراضية احوال شخصية - نفقة
 لمن يرغب بالتدرب عليها أو تقليدها"
جبار,150,2026-06-01T13:33:17,drive_reference,مع عودة الدوامات تجدون دليل البريد الإلكتروني للجهات والإدارات والدوائر القضائية التابعة لوزارة العدل 📧 شامل لكافة المحاكم وكتابات العدل وفروع الوزارة في المملكة العربية السعودية. يمكنك تقديم الطلبات من خلالها كطلب الافراج,,قناة جبار,المحاكم والمرافعات,دليل,رابط,,,https://drive.google.com/file/d/1OCsh4mVkaMO5zHt-9gD4qOg_nYVAE6ro/view?usp=drivesdk,False,False,jabar_150,review,يتطلب فحص التكرار والرابط قبل الإدخال,"‏📬مع عودة الدوامات تجدون دليل البريد الإلكتروني للجهات والإدارات والدوائر القضائية التابعة لوزارة العدل 📧

‏📌شامل لكافة المحاكم وكتابات العدل وفروع الوزارة في المملكة العربية السعودية.
‏📌يمكنك تقديم الطلبات من خلالها كطلب الافراج.
لتحميل الملف: https://drive.google.com/file/d/1OCsh4mVkaMO5zHt-9gD4qOg_nYVAE6ro/view?usp=drivesdk"
جبار,152,2026-06-02T17:06:25,drive_reference,الدليل المساعد لتأسيس منشأتك القانونية (رحلة إنشاء كيانك القانوني),,قناة جبار,الأنظمة والتشريعات,دليل,رابط,,,https://drive.google.com/file/d/1yNKE6mQN4paudPUNszTtYaXJGzHtaQF3/edit,False,False,jabar_152,review,يتطلب فحص التكرار والرابط قبل الإدخال,"‏💡📃 الدليل المساعد لتأسيس منشأتك القانونية (رحلة إنشاء كيانك القانوني).
🔗لتحميل الملف وطباعته بصورة أوضح: https://drive.google.com/file/d/1yNKE6mQN4paudPUNszTtYaXJGzHtaQF3/edit
اعداد/ محمد بن عبدالمجيد"
جبار,153,2026-06-02T17:08:59,drive_reference,كتاب مميز: خلاصة المبادئ التجارية أكثر من 400 حكم تجاري مختصر ومعنون ومفهرس في الشركات والبيوع والاختصاص والتحكيم والعلامات التجارية والتوريد والنقل للمحامي: فيصل بن عبدالله المشوح,,قناة جبار,المحاماة والتحكيم,حكم قضائي,رابط,,,https://drive.google.com/file/d/1aYCeEjVdRHg-jb7v9BjQFKEsO_4WUAy5/view?usp=drivesdk,False,False,jabar_153,review,يتطلب فحص التكرار والرابط قبل الإدخال,"‏كتاب مميز: خلاصة المبادئ التجارية 🗂📍

‏📌أكثر من 400 حكم تجاري مختصر ومعنون ومفهرس في الشركات والبيوع والاختصاص والتحكيم والعلامات التجارية والتوريد والنقل📝⚖️
‏ 📌للمحامي: فيصل بن عبدالله المشوح.
🔗لتحميل الملف: https://drive.google.com/file/d/1aYCeEjVdRHg-jb7v9BjQFKEsO_4WUAy5/view?usp=drivesdk"
جبار,157,2026-06-03T14:46:48,drive_reference,ملف قيِّم: الدعوى العمالية — مصادر الحكم في الدعوى العمالية — طرق الاعتراض — تطبيق قضائي وغيرها الكثير,,قناة جبار,المحاكم والمرافعات,حكم قضائي,رابط,,,https://drive.google.com/file/d/1u4KSLHSGo5hbxYF8LPrpXZ9tyiMeNPv1/view,False,False,jabar_157,review,يتطلب فحص التكرار والرابط قبل الإدخال,"‏ملف قيِّم: الدعوى العمالية 📃⚖️

‏— مصادر الحكم في الدعوى العمالية
‏— طرق الاعتراض 
‏— تطبيق قضائي 
وغيرها الكثير ⚖️📝
🔗لتحميل الملف: https://drive.google.com/file/d/1u4KSLHSGo5hbxYF8LPrpXZ9tyiMeNPv1/view"
جبار,159,2026-06-03T14:55:03,drive_reference,هام لقضايا المقاولات قرار مؤسسة النقد بـ إلزام المقاولين في مشروعات القطاع الخاص بالتأمين (ضد العيوب الخفية) التي تظهر في المباني بعد إنشاءها 👏 📑 الصيغة النموذجية لوثيقة التأمين على العيوب الخفية: آليه تطبيق القرار,,قناة جبار,المحاكم والمرافعات,مذكرة,رابط,,,https://drive.google.com/file/d/1miJbVPhiJ3BRd3Lylx4DLodJIVJlI1iV/edit,False,False,jabar_159,review,يتطلب فحص التكرار والرابط قبل الإدخال,"هام لقضايا المقاولات 📝⚖️
‏📍قرار مؤسسة النقد بـ إلزام المقاولين في مشروعات القطاع الخاص بالتأمين (ضد العيوب الخفية) التي تظهر في المباني بعد إنشاءها 👏🏼📑

‏📌الصيغة النموذجية لوثيقة التأمين على العيوب الخفية: https://drive.google.com/file/d/1miJbVPhiJ3BRd3Lylx4DLodJIVJlI1iV/edit
📌آليه تطبيق القرار: https://drive.google.com/file/d/1_mcUGabnhbJzuzMdvZoQQRXG5a7yt2bq/view?usp=drivesdk"
جبار,164,2026-06-04T15:08:06,drive_reference,ملف لجميع تعاميم ومحاضر القضاء التجاري من تاريخ 1439/1/1هـ 📑 مرفق فهرس لترتيب التعاميم والمحاضر. إعداد أ. أحمد الحارثي,,قناة جبار,الأنظمة والتشريعات,كتاب,رابط,,,https://drive.google.com/file/d/1x6eV_bT0zraoHqctdRERCbw_c5GoCDDU/view?usp=drivesdk,False,False,jabar_164,review,يتطلب فحص التكرار والرابط قبل الإدخال,"📌ملف لجميع تعاميم ومحاضر القضاء التجاري من تاريخ 1439/1/1هـ 📑🏛

‏📌مرفق فهرس لترتيب التعاميم والمحاضر. 
‏📝 إعداد أ. أحمد الحارثي. 
🔗لتحميل الملف: https://drive.google.com/file/d/1x6eV_bT0zraoHqctdRERCbw_c5GoCDDU/view?usp=drivesdk"
جبار,166,2026-06-05T14:00:05,drive_reference,حكم قضائي إداري فسخ عقد إداري لإخلال جهة الإدارة بإلتزاماتها، وتزويد جهات التحقيق بنسخة من صك الحكم؛ وذلك لظهور ما يشير إلى حدوث فعل يشكل جريمة جنائية او تأديبية للتحقيق فيها. من أجل الحفاظ على المال العام. الحكم كامل pdf,,قناة جبار,المحاماة والتحكيم,حكم قضائي,رابط,,,https://drive.google.com/file/d/1ijBs5dOdlzywy9KsEIVaUspzwvrgho-M/view,False,False,jabar_166,review,يتطلب فحص التكرار والرابط قبل الإدخال,"حكم قضائي إداري 📃📍

فسخ عقد إداري لإخلال جهة الإدارة بإلتزاماتها، وتزويد جهات التحقيق بنسخة من صك الحكم؛ وذلك لظهور ما يشير إلى حدوث فعل يشكل جريمة جنائية او تأديبية للتحقيق فيها. من أجل الحفاظ على المال العام.
🔗الحكم كامل pdf:  https://drive.google.com/file/d/1ijBs5dOdlzywy9KsEIVaUspzwvrgho-M/view"
جبار,169,2026-06-08T14:36:16,drive_reference,دليل فحص العقود,,قناة جبار,الأنظمة والتشريعات,دليل,رابط,,,https://drive.google.com/file/d/1-r3ZQ-iynolGD0J4aYmBEIgCT7YVpa-5/edit,True,False,jabar_169,exclude,عنوان مطابق لسجل قائم بعد التطبيع,"دليل فحص العقود 📝✍🏼
🔗لتحميل الملف: https://drive.google.com/file/d/1-r3ZQ-iynolGD0J4aYmBEIgCT7YVpa-5/edit
‏📌الدليل الأرشادي لأمين سر مجلس الإدارة 👥
🔗لتحميل الملف: https://drive.google.com/file/d/175zgQcOdjxapyfxcm12Sgx-VXiSBePws/view?usp=drivesdk
‏📌الدليل الإرشادي لإدارة الالتزام📝📘
🔗لتحميل الملف: https://drive.google.com/file/d/1IMrt4MZbQ0laNzaHIK1H2EvrOE4cehOZ/view?usp=drivesdk
اعداد/ معجب الدوسري"
جبار,172,2026-06-08T14:37:29,drive_reference,ملف مفيد | مبادئ الصياغة القانونية 📑 ١٩ صفحة,,قناة جبار,المحاماة والتحكيم,كتاب,رابط,,,https://drive.google.com/file/d/1YF9C9XvOTBy2LcL4EmlGvLBgN4GGsUkW/view,False,False,jabar_172,review,يتطلب فحص التكرار والرابط قبل الإدخال,"‏📬ملف مفيد | مبادئ الصياغة القانونية 📑✔️
 📌١٩ صفحة 
🔗لتحميل الملف: https://drive.google.com/file/d/1YF9C9XvOTBy2LcL4EmlGvLBgN4GGsUkW/view"
جبار,174,2026-06-08T14:38:30,drive_reference,لأصحاب الشركات والمنشآت دونكم نموذج | عقد العمل الموحد 📑 • مكون من (5) صفحات وما يقارب (35) بند متوافق مع نصوص نظام العمل ولائحته التنفيذية • يُبين لك البنود الإلزامية والاختيارية في عقد العمل نموذج pdf: نموذج word,,قناة جبار,المحاماة والتحكيم,مذكرة,رابط,,,https://drive.google.com/file/d/16zCjpXWS0iNQyF6sXmwy9psxTPOrjt7B/view,False,False,jabar_174,review,يتطلب فحص التكرار والرابط قبل الإدخال,"📌لأصحاب الشركات والمنشآت دونكم 
نموذج |  عقد العمل الموحد 📑👷🏻‍♂️

• مكون من (5) صفحات وما يقارب (35) بند متوافق مع نصوص نظام العمل ولائحته التنفيذية
• يُبين لك البنود الإلزامية والاختيارية في عقد العمل 
نموذج pdf: https://drive.google.com/file/d/16zCjpXWS0iNQyF6sXmwy9psxTPOrjt7B/view

نموذج word: https://docs.google.com/file/d/1GKaXUNaAFHKFDactY16azCJ3oFgUm5ah/edit?usp=docslist_api&filetype=msword"
جبار,176,2026-06-10T16:32:20,drive_reference,ملف مُثري ورائع جدًا نماذج وقوالب للجلسات الجزائية بمختلف انواعها. إعداد القاضي: محمد الفارس,,قناة جبار,القضايا الجنائية,كتاب,رابط,,,https://drive.google.com/file/d/1N7n_wgKQa2tj74cfMs_GNt2w30Pk3DRK/view,False,False,jabar_176,review,يتطلب فحص التكرار والرابط قبل الإدخال,"ملف مُثري ورائع جدًا نماذج وقوالب للجلسات الجزائية بمختلف انواعها.
إعداد القاضي: محمد الفارس
🔗لتحميل الملف:  https://drive.google.com/file/d/1N7n_wgKQa2tj74cfMs_GNt2w30Pk3DRK/view"
جبار,184,2026-06-14T16:11:23,drive_reference,ملفات هامة لكل من يبحث عن عمل 📗 أدوات النجاح في المقابلات الوظيفية للمحامي حسان السيف. 📙 أسئلة المقابلات الشخصية. 📔 مهارات اعداد السيرة الذاتية والمقابلات الشخصية,,قناة جبار,المحاماة والتحكيم,كتاب,رابط,,,https://drive.google.com/file/d/1_jbDWZBdwjbnptVQrhkuIKQkp4W6jJVo/view?usp=drivesdk,False,False,jabar_184,review,يتطلب فحص التكرار والرابط قبل الإدخال,"‏ملفات هامة لكل من يبحث عن عمل 🗂📌

‏📗 أدوات النجاح في المقابلات الوظيفية للمحامي حسان السيف.
🔗 https://drive.google.com/file/d/1_jbDWZBdwjbnptVQrhkuIKQkp4W6jJVo/view?usp=drivesdk
‏📙 أسئلة المقابلات الشخصية.
🔗 https://drive.google.com/file/d/1ZC2XohYPWKHLyjC41B1LTX_m61zP4Sy7/view
‏📔 مهارات اعداد السيرة الذاتية والمقابلات الشخصية.
🔗 https://drive.google.com/file/d/1UGtxd2fEwySIiU3xFTlZpoT7-kvN5fbv/edit"
جبار,195,2026-06-15T15:48:03,drive_reference,مذكرة الاختصاص 📑 ملف مثري ومفيد جدًا! خلاصة لدراسة 200 حكم بعدم الاختصاص من المحكمة التجارية,,قناة جبار,المحاماة والتحكيم,مذكرة,رابط,,,https://drive.google.com/file/d/1cXydIcCNLzCV3PuCoEpDJ-lx1XO-fE5U/view,False,False,jabar_195,review,يتطلب فحص التكرار والرابط قبل الإدخال,"مذكرة الاختصاص 📑📍ملف مثري ومفيد جدًا!

📌خلاصة لدراسة 200 حكم بعدم الاختصاص من المحكمة التجارية.
📝إعداد: عبدالله الحمودي.
🔗لتحميل الملف:  https://drive.google.com/file/d/1cXydIcCNLzCV3PuCoEpDJ-lx1XO-fE5U/view"
جبار,198,2026-06-15T15:50:25,drive_reference,بحث: طـرق الإثبـات 📑,,قناة جبار,المحاكم والمرافعات,كتاب,رابط,,,https://drive.google.com/file/d/146w19-oY0jMt8JC_FCIxerNo1qzLu35G/view,False,False,jabar_198,review,يتطلب فحص التكرار والرابط قبل الإدخال,"‏📌بحث: طـرق الإثبـات 📑

‏📝إعداد: فيصل بن عبدالرحمن أبو حربه.
موفق صورة لنتائج وتوصيات البحث.
🔗لتحميل الملف: https://drive.google.com/file/d/146w19-oY0jMt8JC_FCIxerNo1qzLu35G/view"
جبار,201,2026-06-15T15:52:38,drive_reference,ورقات في المسئولية الجنائية تلخيص لكتاب المسئولية الجنائية لـ أ.د. عبدالله الرشيد. أعده القاضي بالمحكمة الجزائية: مبارك آل قاسم,,قناة جبار,المحاكم والمرافعات,حكم قضائي,رابط,,,https://drive.google.com/file/d/1Y73QIy7ltQqgyqza-OH4j6s67qHFCF1X/view,False,False,jabar_201,review,يتطلب فحص التكرار والرابط قبل الإدخال,"📌ورقات في المسئولية الجنائية 📃⚖️

📝تلخيص لكتاب المسئولية الجنائية لـ أ.د. عبدالله الرشيد.
📝أعده القاضي بالمحكمة الجزائية: مبارك آل قاسم.
🔗لتحميل الملف:  https://drive.google.com/file/d/1Y73QIy7ltQqgyqza-OH4j6s67qHFCF1X/view"
جبار,206,2026-06-17T15:20:15,drive_reference,ملف رائع جمع فيه الشيخ عبدالمحسن الدوسري القاضي بالمحكمة العامة تسبيبات قضائية تتعلق بنظام المعاملات المدنية يستفاد منها في الدعاوى المماثلة,,قناة جبار,المحاكم والمرافعات,نظام,رابط,,,https://drive.google.com/file/d/1Ly7OJk7jC6xFiED1pWm9gdg2Lh1j7P7H/view,False,False,jabar_206,review,يتطلب فحص التكرار والرابط قبل الإدخال,"📌ملف رائع جمع فيه الشيخ عبدالمحسن الدوسري القاضي بالمحكمة العامة تسبيبات قضائية تتعلق بنظام المعاملات المدنية يستفاد منها في الدعاوى المماثلة.
🔗لتحميل الملف:  https://drive.google.com/file/d/1Ly7OJk7jC6xFiED1pWm9gdg2Lh1j7P7H/view"
جبار,215,2026-06-21T18:08:15,drive_reference,ملف يجمع لكم بعض السوابق القضائية الشائعة والمهمة من مختلف القضايا,,قناة جبار,المحاكم والمرافعات,رابط مرجعي,رابط,,,https://drive.google.com/drive/mobile/folders/10aCRPcVE068hJY6-Y6eORb82byMomjqu,False,False,jabar_215,review,يتطلب فحص التكرار والرابط قبل الإدخال,"📌ملف يجمع لكم بعض السوابق القضائية الشائعة والمهمة من مختلف القضايا ⚖️📝
لتحميل الملف: https://drive.google.com/drive/mobile/folders/10aCRPcVE068hJY6-Y6eORb82byMomjqu"
جبار,216,2026-06-21T18:08:29,drive_reference,ملف رهيبب يشرح لكم الانظمة بشكل مبسط وسهل,,قناة جبار,الأنظمة والتشريعات,رابط مرجعي,رابط,,,https://drive.google.com/drive/mobile/folders/10Cyvk5W1Idf07Rz4j-M7LejDSEal7aY2,False,False,jabar_216,exclude,لا تظهر صلة قانونية أو قضائية واضحة,"📌ملف رهيبب يشرح لكم الانظمة بشكل مبسط وسهل 📝⚖️
لتحميل الملف: https://drive.google.com/drive/mobile/folders/10Cyvk5W1Idf07Rz4j-M7LejDSEal7aY2"
جبار,217,2026-06-21T18:08:45,drive_reference,ملف قانوني رائع جدًا تجدون دونكم نماذج خطابات متنوعة للاستزادة اللغوية ملف,,قناة جبار,الأنظمة والتشريعات,رابط مرجعي,رابط,,,https://drive.google.com/drive/mobile/folders/0BzZo9MkWfxWzb2dNQVV6ZmhQdjg?resourcekey=0-5xDaEC8yQrRJIyCbJcbr1A,False,False,jabar_217,review,يتطلب فحص التكرار والرابط قبل الإدخال,"📌ملف قانوني رائع جدًا تجدون دونكم نماذج خطابات متنوعة للاستزادة اللغوية ⚖️📝
ملف التحميل: https://drive.google.com/drive/mobile/folders/0BzZo9MkWfxWzb2dNQVV6ZmhQdjg?resourcekey=0-5xDaEC8yQrRJIyCbJcbr1A"
جبار,218,2026-06-22T13:06:21,drive_reference,ملف ضخم جدًا ورائع يجمع تسبيبات قضائية عديدة ومتنوعة تفيدك في قضاياك,,قناة جبار,المحاكم والمرافعات,حكم قضائي,رابط,,,https://drive.google.com/file/d/1EnIrXhO2BCC0w9My0NUTB_8Uo2XmrIEp/edit,False,False,jabar_218,review,يتطلب فحص التكرار والرابط قبل الإدخال,"📌ملف ضخم جدًا ورائع يجمع تسبيبات قضائية عديدة ومتنوعة تفيدك في قضاياك ⚖️📝
🔗 لتحميل الملف: https://drive.google.com/file/d/1EnIrXhO2BCC0w9My0NUTB_8Uo2XmrIEp/edit"
جبار,219,2026-06-22T13:06:39,drive_reference,ملف مثري ومختصر عن أهم المبادئ الجنائية في القضاء السعودي,,قناة جبار,القضايا الجنائية,كتاب,رابط,,,https://drive.google.com/file/d/1VoeFjJO4iYkUObicMv6zjo9YQh3fXv5U/view,False,False,jabar_219,review,يتطلب فحص التكرار والرابط قبل الإدخال,"📌ملف مثري ومختصر عن أهم المبادئ الجنائية في القضاء السعودي 📘📝
🔗 لتحميل الملف: https://drive.google.com/file/d/1VoeFjJO4iYkUObicMv6zjo9YQh3fXv5U/view"
جبار,220,2026-06-22T13:06:55,drive_reference,نماذج متنوعة للوائح اعتراضية بقلم المحامي/ احمد بن نهار، رائعة وانصحكم بالإطلاع عليها والتدرب عليها للمتدربين,,قناة جبار,المحاماة والتحكيم,رابط مرجعي,رابط,,,https://drive.google.com/drive/mobile/folders/1MzGF3lAI-FN-40_Jz43gADy4aHNALkU7?usp=sharing,False,False,jabar_220,review,يتطلب فحص التكرار والرابط قبل الإدخال,"📌نماذج متنوعة للوائح اعتراضية بقلم المحامي/ احمد بن نهار، رائعة وانصحكم بالإطلاع عليها والتدرب عليها للمتدربين 
🔗لتحميل الملف: https://drive.google.com/drive/mobile/folders/1MzGF3lAI-"
جبار,224,2026-06-25T12:17:03,drive_reference,ملف رائع وثري لنماذج عقود متنوعة,,قناة جبار,الأنظمة والتشريعات,رابط مرجعي,رابط,,,https://drive.google.com/drive/mobile/folders/1I3sXtJe5wEzi9siHbn2x1HbeZe_Ft1xT?usp=sharing,False,False,jabar_224,exclude,لا تظهر صلة قانونية أو قضائية واضحة,"📌ملف رائع وثري لنماذج عقود متنوعة⚖️📝
🔗 رابط التحميل:  https://drive.google.com/drive/mobile/folders/1I3sXtJe5wEzi9siHbn2x1HbeZe_Ft1xT?usp=sharing"
جبار,225,2026-06-25T12:19:17,drive_reference,كتيب الخرائط الذهنية القانونية انصحكم بالاطلاع عليه,,قناة جبار,المحاكم والمرافعات,حكم قضائي,رابط,,,https://drive.google.com/file/d/1YJusx_E3cAaZut06tcShmBKiNHLbiTn2/view,False,False,jabar_225,review,يتطلب فحص التكرار والرابط قبل الإدخال,"كتيب الخرائط الذهنية القانونية انصحكم بالاطلاع عليه 🗾⚖️📝
🔗رابط التحميل:  https://drive.google.com/file/d/1YJusx_E3cAaZut06tcShmBKiNHLbiTn2/view"
جبار,227,2026-06-25T12:19:59,drive_reference,حقيبة تدريبية | مهارات الاستشارات العدلية,,قناة جبار,المحاماة والتحكيم,دليل,رابط,,,https://drive.google.com/file/d/1IOKYeQ92h_9wukUqPuyC-Mn9fLV1AUPD/view,False,False,jabar_227,exclude,لا تظهر صلة قانونية أو قضائية واضحة,"📌حقيبة تدريبية 🧳| مهارات الاستشارات العدلية 📝⚖️
رابط التحميل:  https://drive.google.com/file/d/1IOKYeQ92h_9wukUqPuyC-Mn9fLV1AUPD/view"
جبار,232,2026-06-26T22:27:34,drive_reference,المذكرات واللوائح القانونية في النظام السعودي للمستشار القانوني : عرفات عبدالفتاح,,قناة جبار,المحاماة والتحكيم,مذكرة,رابط,,,https://drive.google.com/file/d/1oZaPzIgr0exVfTLTysqD7Ksv04SrOu6m/view,False,False,jabar_232,review,يتطلب فحص التكرار والرابط قبل الإدخال,"📌المذكرات واللوائح القانونية في النظام السعودي 📝⚖️
للمستشار القانوني : عرفات عبدالفتاح
لتحميل الملف:  https://drive.google.com/file/d/1oZaPzIgr0exVfTLTysqD7Ksv04SrOu6m/view"
جبار,237,2026-06-30T13:19:31,drive_reference,ملف | فهرس الأنظمة السعودية يشتمل هذا الملف على كافة الأنظمة السعودية في ملف واحد ، حيث أنه بالضغط على أي نظام يتم إحالتك مباشرة إلى موقع هيئة الخبراء وفقًا لأخر تحديث ؛ للإطلاع على مواده ، كما يمكنك عرض أصل كل وثيقة,,قناة جبار,الأنظمة والتشريعات,نظام,رابط,,,https://drive.google.com/file/d/1w56IXDI71hwWH9Wm2lbTod2igqqxqJwO/view,False,False,jabar_237,review,يتطلب فحص التكرار والرابط قبل الإدخال,"ملف | فهرس الأنظمة السعودية 🗂⚖️

يشتمل هذا الملف على كافة الأنظمة السعودية في ملف واحد ، حيث أنه بالضغط على أي نظام يتم إحالتك مباشرة إلى موقع هيئة الخبراء وفقًا لأخر تحديث ؛ للإطلاع على مواده ، كما يمكنك عرض أصل كل وثيقة.
لتحميل الملف:  https://drive.google.com/file/d/1w56IXDI71hwWH9Wm2lbTod2igqqxqJwO/view"
جبار,239,2026-06-30T13:21:21,drive_reference,كثرت قضايا الاخطاء الطبية تجدون دونكم 👇 بحث | الأخطاء الطبية وتقدير التعويض عنها في النظام السعودي 💉📓,,قناة جبار,الأنظمة والتشريعات,نظام,رابط,,,https://drive.google.com/file/d/16Xs2Ve-CDkAwo1uexNEnlZYFNFfoXvPi/view,False,False,jabar_239,review,يتطلب فحص التكرار والرابط قبل الإدخال,"📌كثرت قضايا الاخطاء الطبية تجدون دونكم 👇🏼
بحث | الأخطاء الطبية وتقدير التعويض عنها في النظام السعودي 💉📓
لتحميل الملف:  https://drive.google.com/file/d/16Xs2Ve-CDkAwo1uexNEnlZYFNFfoXvPi/view"
جبار,240,2026-06-30T13:22:02,drive_reference,كتاب كشاف القناع عن الإقناع تأليف العلامة منصور البهوتي الحنبلي. نسخة وزارة العدل. 15 مجلد,,قناة جبار,الأنظمة والتشريعات,رابط مرجعي,رابط,,,https://drive.google.com/drive/mobile/folders/0B-h3G40acMXZbEl4LS1SclBzTDQ,False,False,jabar_240,exclude,لا تظهر صلة قانونية أو قضائية واضحة,"‏كتاب كشاف القناع عن الإقناع 📚

‏تأليف العلامة منصور البهوتي الحنبلي.
‏نسخة وزارة العدل.
‏📝15 مجلد.
لتحميل الملف: https://drive.google.com/drive/mobile/folders/0B-h3G40acMXZbEl4LS1SclBzTDQ"
جبار,242,2026-07-01T13:00:24,drive_reference,كتاب | مبادئ علم الطب الشرعي والسموم لرجال الأمن والقانون,,قناة جبار,الأنظمة والتشريعات,كتاب,رابط,,,https://drive.google.com/file/d/1la4LK3ni30Ty5j-cjv3o2QT1mZnlFaRT/view,False,False,jabar_242,review,يتطلب فحص التكرار والرابط قبل الإدخال,"كتاب | مبادئ علم الطب الشرعي والسموم لرجال الأمن والقانون ⚖️
لتحميل الملف: https://drive.google.com/file/d/1la4LK3ni30Ty5j-cjv3o2QT1mZnlFaRT/view"
جبار,243,2026-07-01T13:00:52,drive_reference,ملف رائع | سبورة قانونية,,قناة جبار,الأنظمة والتشريعات,كتاب,رابط,,,https://drive.google.com/file/d/15RP98AxksVeOj3_2vuCzhBdYEn-S7p39/view,False,False,jabar_243,review,يتطلب فحص التكرار والرابط قبل الإدخال,"ملف رائع | سبورة قانونية 📝⚖️

‏وهو عبارة عن سلسلة قانونية تثقيفية تهدف إلى التعريف بأهم المسائل القضائية والقانونية التي تهم عامة الناس في حياتهم اليومية.
لتحميل الملف: https://drive.google.com/file/d/15RP98AxksVeOj3_2vuCzhBdYEn-S7p39/view"
جبار,247,2026-07-05T13:37:38,drive_reference,ملف | انظمة الخدمة العسكرية السعودية 📑 يشمل: • نظام خدمة الضباط • نظام خدمة الأفراد • نظام التقاعد العسكري • نظام الكليات العسكرية • نظام مجلس الخدمة العسكرية • نظام الأنواط العسكرية • نظام الملابس والتجهيزات العسكرية,,قناة جبار,الأنظمة والتشريعات,نظام,رابط,,,https://drive.google.com/file/d/18W74GlrVGJNCE6vs0XKAuLpPE7OnQf8V/view,False,False,jabar_247,review,يتطلب فحص التكرار والرابط قبل الإدخال,"ملف | انظمة الخدمة العسكرية السعودية 📑👮🏻‍♂️

يشمل:
• نظام خدمة الضباط 
• نظام خدمة الأفراد 
• نظام التقاعد العسكري 
• نظام الكليات العسكرية 
• نظام مجلس الخدمة العسكرية 
• نظام الأنواط العسكرية 
• نظام الملابس والتجهيزات العسكرية 
لتحميل الملف:  https://drive.google.com/file/d/18W74GlrVGJNCE6vs0XKAuLpPE7OnQf8V/view"
جبار,249,2026-07-05T13:38:26,drive_reference,ملفات للمبتدئين والمهتمين | للتعرف على أسس ومبادئ القانون • المقدمة في دراسة الأنظمة 📎 • ملخص | مبادئ القانون 📎 • كتابين | المدخل إلى القانون 📎 📎,,قناة جبار,الأنظمة والتشريعات,كتاب,رابط,,,https://drive.google.com/file/d/1cRwF7U-X-1rNlRD5AT7J_AMox-bz0msg/view?usp=drive_open,False,False,jabar_249,review,يتطلب فحص التكرار والرابط قبل الإدخال,"‏ملفات للمبتدئين والمهتمين | للتعرف على أسس ومبادئ القانون ⚖️📖

‏• المقدمة في دراسة الأنظمة 
‏📎 https://drive.google.com/file/d/1cRwF7U-X-1rNlRD5AT7J_AMox-bz0msg/view?usp=drive_open
‏• ملخص | مبادئ القانون 
‏📎 https://drive.google.com/file/d/1HuNsHkAz4ju2JHgzu2iO8R9_ILCdqzRF/view?usp=drive_open
‏• كتابين | المدخل إلى القانون 
‏📎 https://drive.google.com/file/d/1kQrdwQQngLdPMx-WdlaQOlHyZtKLMoeK/view?usp=drive_open
‏📎 https://drive.google.com/file/d/1yjI7NkUsiVgcXX3kNi_qEKbAwBTfV1st/view?usp=drive_open"
جبار,254,2026-07-06T16:32:21,drive_reference,ملف حديث وقيِّم: القواعد القانونية لأعمال رجال الأمن العام — الاستيقاف واستخدام السلاح والقوة — رجال الضبط الجنائي والقبض والتفتيش — التعامل مع الشخصيات ذات الحصانة — الواجبات والمحظورات — الجرائم والمخالفات وعقوباتها,,قناة جبار,القضايا الجنائية,كتاب,رابط,,,https://drive.google.com/file/d/1emseAZzh_9zU9HOJZbBTOO3KWlzYQXCR/edit,False,False,jabar_254,review,يتطلب فحص التكرار والرابط قبل الإدخال,"ملف حديث وقيِّم: القواعد القانونية لأعمال رجال الأمن العام 🗂

— الاستيقاف واستخدام السلاح والقوة
— رجال الضبط الجنائي والقبض والتفتيش
— التعامل مع الشخصيات ذات الحصانة
— الواجبات والمحظورات
— الجرائم والمخالفات وعقوباتها
لتحميل الملف:  https://drive.google.com/file/d/1emseAZzh_9zU9HOJZbBTOO3KWlzYQXCR/edit"
جبار,256,2026-07-06T16:33:22,drive_reference,المعجم القانوني لطلبة الحقوق —,,قناة جبار,الأنظمة والتشريعات,كتاب,رابط,,,https://drive.google.com/file/d/1tXYC83I34HqcKI-ODqiyVmz3nn4sYc-8/view?usp=drivesdk,False,False,jabar_256,review,يتطلب فحص التكرار والرابط قبل الإدخال,"المعجم القانوني لطلبة الحقوق 🗂

— يحتوي على مئات المصطلحات القانونية باللغة العربية والإنجليزية، وبترتيب ابجدي للحروف؛ لتسهيل البحث.
— عدد الصفحات 178 صفحة.
لتحميل الملف:  https://drive.google.com/file/d/1tXYC83I34HqcKI-ODqiyVmz3nn4sYc-8/view?usp=drivesdk"
جبار,263,2026-07-07T15:04:46,drive_reference,من اهم الملفات والتي لا يمكن ان استغني عنها قبل بدء كتابة لائحتي الاعتراضية 👇 مدونة التفتيش القضائي. تقريرات محكمة التمييز. ج١,,قناة جبار,المحاماة والتحكيم,مذكرة,رابط,,,https://drive.google.com/file/d/1WJdhGwb0yA3_F97PECBJCzLw6VYhFGVT/view?usp=drivesdk,False,False,jabar_263,review,يتطلب فحص التكرار والرابط قبل الإدخال,"من اهم الملفات والتي لا يمكن ان استغني عنها قبل بدء كتابة لائحتي الاعتراضية 👇🏼📝
مدونة التفتيش القضائي.
‏🔗   https://drive.google.com/file/d/1WJdhGwb0yA3_F97PECBJCzLw6VYhFGVT/view?usp=drivesdk
تقريرات محكمة التمييز.
ج١ 🔗  https://drive.google.com/file/d/1JH2gO6W1036YVbkMV7tzJ9HPS0hIAmuW/view?usp=drivesdk"
جبار,266,2026-07-09T14:36:39,drive_reference,من اول الملفات اللي ابحث عنها وأهمها بنظري! المبادئ والقرارات، ومدونات الأحكام، والملاحظات، التي تعينك أثناء تحرير دعواك أو صياغة مذكرتك أو لائحتك الإعتراضية؛ وذلك بالبحث عن ما يخدم دعواك لتحميل الرابط,,قناة جبار,المحاماة والتحكيم,مذكرة,رابط,,,https://drive.google.com/file/d/19wu0BYdazRzTB0xjmCkk0cgNu2O5L8qG/view?usp=drivesdk,False,False,jabar_266,review,يتطلب فحص التكرار والرابط قبل الإدخال,"من اول الملفات اللي ابحث عنها وأهمها بنظري! 
المبادئ والقرارات، ومدونات الأحكام، والملاحظات، التي تعينك أثناء تحرير دعواك أو صياغة مذكرتك أو لائحتك الإعتراضية؛ وذلك بالبحث عن ما يخدم دعواك 📚📝
لتحميل الرابط  https://drive.google.com/file/d/19wu0BYdazRzTB0xjmCkk0cgNu2O5L8qG/view?usp=drivesdk"
جبار,267,2026-07-09T14:37:23,drive_reference,ملف اللغة القانونية الإنجليزية The Legal English Toolkit للمساهمة بتعزيز اللغة القانونية الإنجليزية عن طريق جمع و توفير مصادر تعلّم ذاتية لتطوير اللغة القانونية الإنجليزية. بودكاست كتب دورات أبحاث احكام مواقع قنوات لتحميل الرابط,,قناة جبار,الأنظمة والتشريعات,كتاب,رابط,,,https://drive.google.com/file/d/15rzSlAdT0cSL8jYe6Jax9sO2Wrs1bZQy/view,False,False,jabar_267,review,يتطلب فحص التكرار والرابط قبل الإدخال,"ملف اللغة القانونية الإنجليزية 
‏The Legal English Toolkit 

 للمساهمة بتعزيز اللغة القانونية الإنجليزية عن طريق جمع و توفير مصادر تعلّم ذاتية لتطوير اللغة القانونية الإنجليزية.

- بودكاست
- كتب
- دورات
- أبحاث
- احكام
- مواقع
- قنوات
لتحميل الرابط  https://drive.google.com/file/d/15rzSlAdT0cSL8jYe6Jax9sO2Wrs1bZQy/view"
جبار,271,2026-07-09T14:38:00,drive_reference,هام | لجنة الفصل في المنازعات والمخالفات التأمينية • نبذه عن اللجان الابتدائية واللجنة الاستئنافية: إنشاءها وتشكيلها عدد اللجان واختصاصها الولائي والمكاني . • ملف | الترافع امام لجنة الفصل في المنازعات والمخالفات التأمينية🗣 لتحميل ال,,قناة جبار,الأنظمة والتشريعات,كتاب,رابط,,,https://drive.google.com/file/d/1sl49P2VoKbUHWf_gBuurubhFqtWPy7Jp/view,False,False,jabar_271,review,يتطلب فحص التكرار والرابط قبل الإدخال,"هام | لجنة الفصل في المنازعات والمخالفات التأمينية 🗂⚖️

• نبذه عن اللجان الابتدائية واللجنة الاستئنافية: إنشاءها وتشكيلها عدد اللجان واختصاصها الولائي والمكاني
.
• ملف | الترافع امام لجنة الفصل في المنازعات والمخالفات التأمينية🗣
لتحميل الرابط:  https://drive.google.com/file/d/1sl49P2VoKbUHWf_gBuurubhFqtWPy7Jp/view"
جبار,273,2026-07-09T14:42:12,drive_reference,دليلك للاستشارات القانونية رائع ومختصر بقلم/ الدكتور المحامي علاء عبدالحميد ناجي لتحميل ال,,قناة جبار,المحاماة والتحكيم,دليل,رابط,,,https://drive.google.com/file/d/1Dw7X8n1K-ktZj_Y7FynloY7Yr00O2xLe/view,False,False,jabar_273,review,يتطلب فحص التكرار والرابط قبل الإدخال,"دليلك للاستشارات القانونية ⚖️📝
رائع ومختصر 
بقلم/ الدكتور المحامي علاء عبدالحميد ناجي 
لتحميل الرابط:  https://drive.google.com/file/d/1Dw7X8n1K-ktZj_Y7FynloY7Yr00O2xLe/view"
جبار,278,2026-07-12T13:01:10,drive_reference,"بحث ماجستير بعنوان | المسؤولية الجنائية في التخبيب 🗣 ""ويقصد بالتخبيب: إفساد العلاقة الزوجية، اَي كل مَن يكون سبباً مباشراً أو يتسبّب في إفساد العلاقة الزوجية، او تحريض الزوج على زوجته او العكس. اعداد/ يوسف عبدالعزيز التويجري",,قناة جبار,القضايا الجنائية,كتاب,رابط,,,https://drive.google.com/file/d/1p6p8ccBhMKs2kJmOtm59IGFAbjKA7-Y0/view,False,False,jabar_278,review,يتطلب فحص التكرار والرابط قبل الإدخال,"‏بحث ماجستير بعنوان | 
‏المسؤولية الجنائية في التخبيب 🗣

‏""ويقصد بالتخبيب: إفساد العلاقة الزوجية، اَي كل مَن يكون سبباً مباشراً أو يتسبّب في إفساد العلاقة الزوجية، او تحريض الزوج على زوجته او العكس.

‏اعداد/ يوسف عبدالعزيز التويجري
‏لتحميل الملف: https://drive.google.com/file/d/1p6p8ccBhMKs2kJmOtm59IGFAbjKA7-Y0/view"
جبار,280,2026-07-13T14:54:53,drive_reference,عقد اداري | نموذج عقد للتشغيل والصيانة والنظافة حسب ما تضمنه قرار مجلس الوزراء رقم ٢٦٨ وتاريخ ١٤٢٢/١٠/٣٠هـ • مرفقاً به ملحق للتعديلات عليه الصادرة بتعميم وزير المالية • هام للعاملين بالإدارات القانونية في الجهات الحكومية,,قناة جبار,المحاماة والتحكيم,مذكرة,رابط,,,https://drive.google.com/file/d/1DEkKRCgpgfClGwyPn3d57VU-lFLF-Wji/view,False,False,jabar_280,review,يتطلب فحص التكرار والرابط قبل الإدخال,"‏عقد اداري | نموذج عقد للتشغيل والصيانة والنظافة حسب ما تضمنه قرار مجلس الوزراء رقم ٢٦٨ وتاريخ ١٤٢٢/١٠/٣٠هـ 📝

‏• مرفقاً به ملحق للتعديلات عليه الصادرة بتعميم وزير المالية 
‏• هام للعاملين بالإدارات القانونية في الجهات الحكومية 
لتحميل الملف: https://drive.google.com/file/d/1DEkKRCgpgfClGwyPn3d57VU-lFLF-Wji/view"
جبار,288,2026-07-14T15:37:41,drive_reference,هام للمحامين المتدربين • ملف قيِّم | ادارة القضية للمحامين تحت التدريب 📎 • نموذج لعقد تدريب محاماة 📎,,قناة جبار,المحاماة والتحكيم,مذكرة,رابط,,,https://drive.google.com/file/d/1VFp7GWZcvbZ2ILQVNx-_6qMzKJcNVNFR/view,False,False,jabar_288,review,يتطلب فحص التكرار والرابط قبل الإدخال,"‏هام للمحامين المتدربين ⚖️
‏• ملف قيِّم | ادارة القضية للمحامين تحت التدريب 
‏📎 https://drive.google.com/file/d/1VFp7GWZcvbZ2ILQVNx-_6qMzKJcNVNFR/view
‏• نموذج لعقد تدريب محاماة
‏📎 https://drive.google.com/file/d/19Y7eyPnYg2VVdqGBxSqQNzc_0iBeQ4X2/view"
جبار,290,2026-07-14T15:38:07,drive_reference,معلومات عن إعداد اللائحة الاعتراضية,,قناة جبار,المحاماة والتحكيم,مذكرة,رابط,,,https://drive.google.com/file/d/1glnwHv8uybXaU7vrkqRQD9cL8w2Wn9sA/view,False,False,jabar_290,review,يتطلب فحص التكرار والرابط قبل الإدخال,"‏معلومات عن إعداد اللائحة الاعتراضية 📝⚖️
🔗 https://drive.google.com/file/d/1glnwHv8uybXaU7vrkqRQD9cL8w2Wn9sA/view"
جبار,313,2026-07-16T14:38:40,drive_reference,"كتاب ""فن الكتابة الصحيحة"" 📔 قواعد الأملاء علامات الترقيم الأخطاء اللغوية الشائعة لغة الأعلانات الصحفية مختارات من الشعر والنثر",,قناة جبار,الأنظمة والتشريعات,كتاب,رابط,,,https://drive.google.com/file/d/152kolVs-zra-kCnckFEmwRJdrJZKhWR4/view,False,False,jabar_313,exclude,لا تظهر صلة قانونية أو قضائية واضحة,"‏كتاب ""فن الكتابة الصحيحة"" 📔✔️
‏📝قواعد الأملاء
‏📝علامات الترقيم
‏📝الأخطاء اللغوية الشائعة
‏📝لغة الأعلانات الصحفية
‏📝مختارات من الشعر والنثر
لتحميل الملف: https://drive.google.com/file/d/152kolVs-zra-kCnckFEmwRJdrJZKhWR4/view"
جبار,314,2026-07-17T15:20:24,drive_reference,مهمه جدًا لإخراج صحائف دعوى ومذكرات وخطابات خالية من الأخطاء الإملائية • دليل التحرير العربي 📎 • قواعد في الإملاء 📎 • قواعد الإملاء في عشرة دروس ميسرة 📎,,قناة جبار,المحاماة والتحكيم,مذكرة,رابط,,,https://drive.google.com/file/d/1DDBfCP-RLeS6XAGl0RqjfdTG1_lvlPvl/view?usp=drivesdk,False,False,jabar_314,review,يتطلب فحص التكرار والرابط قبل الإدخال,"‏مهمه جدًا لإخراج صحائف دعوى ومذكرات وخطابات خالية من الأخطاء الإملائية 📝⚖️

‏• دليل التحرير العربي 
‏📎 https://drive.google.com/file/d/1DDBfCP-RLeS6XAGl0RqjfdTG1_lvlPvl/view?usp=drivesdk

‏• قواعد في الإملاء 
‏📎 https://drive.google.com/file/d/1oUqDU10CyX80SftXGY4EiNHmG_WB_XUe/view?usp=drivesdk

‏• قواعد الإملاء في عشرة دروس ميسرة 
‏📎 https://drive.google.com/file/d/1-jjbU_IxwRR1FuurrAyPPpM0QY7ybNHJ/view?usp=drivesdk"
جبار,317,2026-07-19T16:23:59,drive_reference,نقاط حول صياغة محاضر الصلح 🤝 ملف هام للتوصل لمحضر صلح يستوفي كافة الجوانب وقاطع للنزاع وخاصة ان محاضر الصلح بمثابة سندات تنفيذية واجبة النفاذ,,قناة جبار,المحاماة والتحكيم,كتاب,رابط,,,https://drive.google.com/file/d/1PjdmdSfq8KUhZs0h6UEBZ7SzYXLkzZtV/view,False,False,jabar_317,review,يتطلب فحص التكرار والرابط قبل الإدخال,"نقاط حول صياغة محاضر الصلح 📝🤝

📌ملف هام للتوصل لمحضر صلح يستوفي كافة الجوانب وقاطع للنزاع وخاصة ان محاضر الصلح بمثابة سندات تنفيذية واجبة النفاذ. 
لتحميل الملف:  https://drive.google.com/file/d/1PjdmdSfq8KUhZs0h6UEBZ7SzYXLkzZtV/view"
جبار,323,2026-07-19T16:26:26,drive_reference,فهرسة أهم الأنظمة القانونية: • نظام المعاملات المدنية • نظام المحاكم التجارية • نظام الإجراءات الجزائية وغيرها الكثير من الانظمة والتي أنصح أن تكون مرجع لك,,قناة جبار,القضايا الجنائية,نظام,رابط,,,https://drive.google.com/file/d/188mFQfSTVnG96gQ26Y0137veMbIwwFeN/view?pli=1,False,False,jabar_323,review,يتطلب فحص التكرار والرابط قبل الإدخال,"📌فهرسة أهم  الأنظمة القانونية:
• نظام المعاملات المدنية
• نظام المحاكم التجارية
• نظام الإجراءات الجزائية
وغيرها الكثير من الانظمة والتي أنصح أن تكون مرجع لك
لتحميل الملف:  https://drive.google.com/file/d/188mFQfSTVnG96gQ26Y0137veMbIwwFeN/view?pli=1"
جبار,325,2026-07-20T18:14:03,drive_reference,حقيبة تدريبية ، مهارات صياغة العقود,,قناة جبار,المحاماة والتحكيم,دليل,رابط,,,https://drive.google.com/file/d/16UEM9itXvQfaCgmeh-gmPSSk0-X1GOf1/view,False,False,jabar_325,exclude,لا تظهر صلة قانونية أو قضائية واضحة,"‏📌 حقيبة تدريبية ، مهارات صياغة العقود
لتحميل الملف: https://drive.google.com/file/d/16UEM9itXvQfaCgmeh-gmPSSk0-X1GOf1/view"
جبار,330,2026-07-21T17:05:05,drive_reference,فن صياغة الخطابات • الخطابات هى وسيلة هامة من وسائل التواصل وخاصة في المعاملات الرسمية مع الجهات الحكومية وفيما بينها، كما انها من الفنون التي يجب على القانوني الإلمام بها كونها مرتبطة ارتباطاً وثيقاً بأعماله اليومية,,قناة جبار,المحاماة والتحكيم,مذكرة,رابط,,,https://drive.google.com/file/d/1sj5d6qtcNc73iruqJixkBrMQM9YS8kh2/view,False,False,jabar_330,review,يتطلب فحص التكرار والرابط قبل الإدخال,"فن صياغة الخطابات 📝

• الخطابات هى وسيلة هامة من وسائل التواصل وخاصة في المعاملات الرسمية مع الجهات الحكومية وفيما بينها، كما انها من الفنون التي يجب على القانوني الإلمام بها كونها مرتبطة ارتباطاً وثيقاً بأعماله اليومية.
‏🔗  https://drive.google.com/file/d/1sj5d6qtcNc73iruqJixkBrMQM9YS8kh2/view"
جبار,339,2026-07-22T15:14:34,drive_reference,ملفات قيِّمة| لكتابة صحيفة الدعوى والمذكرات واللوائح ✨,,قناة جبار,المحاماة والتحكيم,مذكرة,رابط,,,https://drive.google.com/file/d/1fEF3KDKWs7U_nfK0EtrROzsyMINg6t0n/view?usp=drive_open,False,False,jabar_339,review,يتطلب فحص التكرار والرابط قبل الإدخال,"ملفات قيِّمة| لكتابة صحيفة الدعوى والمذكرات واللوائح 📝✨
‏🔗  https://drive.google.com/file/d/1fEF3KDKWs7U_nfK0EtrROzsyMINg6t0n/view?usp=drive_open
‏🔗  https://drive.google.com/file/d/1B2pk4ouwWj64w-36n-zHjJlSeqc8xHuB/view?usp=drive_open
‏🔗  https://drive.google.com/file/d/1cN8UuYcyOM4rtHbAYpYWcXuFPyv-3mMM/view?usp=drive_open"
جبار,343,2026-07-23T16:57:05,drive_reference,الجناية على ما دون النفس خريطة تصنيفية بصرية وشرح رائع ومبسط 🫆 اعداد/ فهد محمد القحطاني,,قناة جبار,الأنظمة والتشريعات,كتاب,رابط,,,https://drive.google.com/file/d/1pbLelgqhZ1tp_81JIlfkVvwYRukjs2GC/view,False,False,jabar_343,exclude,لا تظهر صلة قانونية أو قضائية واضحة,"الجناية على ما دون النفس خريطة تصنيفية بصرية وشرح رائع ومبسط 🫆⚖️
اعداد/ فهد محمد القحطاني
لتحميل الملف:  https://drive.google.com/file/d/1pbLelgqhZ1tp_81JIlfkVvwYRukjs2GC/view"
جبار,344,2026-07-23T16:57:46,drive_reference,لمن يبحث عن نماذج للعقود للإطلاع عليها,,قناة جبار,الأنظمة والتشريعات,رابط مرجعي,رابط,,,https://drive.google.com/drive/mobile/folders/1I3sXtJe5wEzi9siHbn2x1HbeZe_Ft1xT,False,False,jabar_344,exclude,لا تظهر صلة قانونية أو قضائية واضحة,"لمن يبحث عن نماذج للعقود للإطلاع عليها 📝⚖️
‏🔗  https://drive.google.com/drive/mobile/folders/1I3sXtJe5wEzi9siHbn2x1HbeZe_Ft1xT"
جبار,345,2026-07-24T15:52:34,drive_reference,مهم لكل محامي متدرب ملف| الصياغة القانونية,,قناة جبار,المحاماة والتحكيم,كتاب,رابط,,,https://drive.google.com/file/d/12T3UVqdBbVPeLO_iEQuWgOCnKc5gFL17/edit,False,False,jabar_345,review,يتطلب فحص التكرار والرابط قبل الإدخال,"مهم لكل محامي متدرب 📚⚖️

‏ملف| الصياغة القانونية
لتحميل الملف: https://drive.google.com/file/d/12T3UVqdBbVPeLO_iEQuWgOCnKc5gFL17/edit"
جبار,346,2026-07-24T15:52:53,drive_reference,ملف مفيد للمحامين والمتقاضين,,قناة جبار,المحاماة والتحكيم,كتاب,رابط,,,https://drive.google.com/file/d/1MgERPJnQAt5CJ-9GyXZiolsQKzxbwVuY/view,False,False,jabar_346,review,يتطلب فحص التكرار والرابط قبل الإدخال,"ملف مفيد للمحامين والمتقاضين ..
‏يحتوي على ايميلات المحاكم
‏والدوائر القضائية وكتابات العدل في المملكة.
🔗 https://drive.google.com/file/d/1MgERPJnQAt5CJ-9GyXZiolsQKzxbwVuY/view"
جبار,348,2026-07-24T15:54:41,drive_reference,المدد الزمنية المقررة في نظام الأحوال الشخصية، مع تصنيفها، مرجع مختصر يسهل الرجوع إليه والمراجعة اعداد/ فهد محمد القحطاني,,قناة جبار,الأحوال الشخصية,نظام,رابط,,,https://drive.google.com/file/d/1R1Qz8Wsby_GPjYlEnEB7HXQOmLekrsrf/view,False,False,jabar_348,review,يتطلب فحص التكرار والرابط قبل الإدخال,"المدد الزمنية المقررة في نظام الأحوال الشخصية، مع تصنيفها، مرجع مختصر يسهل الرجوع إليه والمراجعة ⚖️📝
اعداد/ فهد محمد القحطاني
🔗 https://drive.google.com/file/d/1R1Qz8Wsby_GPjYlEnEB7HXQOmLekrsrf/view"
جبار,350,2026-07-24T15:55:29,drive_reference,ملف مختصر في عقوبات الجناية على ما دون النفس، غايته تقريب الصورة وتيسير المراجعة، وإخراج المادة العلمية بصورة منظمة وواضحة 🫆 اعداد/ فهد محمد القحطاني,,قناة جبار,الأنظمة والتشريعات,كتاب,رابط,,,https://drive.google.com/file/d/1xOUHADXjejD8yXVIkVm-3Qs8FsSMZ8vY/view,False,False,jabar_350,exclude,لا تظهر صلة قانونية أو قضائية واضحة,"ملف مختصر في عقوبات الجناية على ما دون النفس، غايته تقريب الصورة وتيسير المراجعة، وإخراج المادة العلمية بصورة منظمة وواضحة 🫆⚖️
اعداد/ فهد محمد القحطاني
🔗 https://drive.google.com/file/d/1xOUHADXjejD8yXVIkVm-3Qs8FsSMZ8vY/view"
جبار,352,2026-07-25T16:40:25,drive_reference,الاختصاص في جرائم الشركات وفق نظام الشركات السعودي. إعداد : د. حمد بن ناصر التريكي,,قناة جبار,الأنظمة والتشريعات,نظام,رابط,,,https://drive.google.com/file/d/1K7anc-8Uemd9WwIkEpSKqR8HtkVuJiSM/view,False,False,jabar_352,review,يتطلب فحص التكرار والرابط قبل الإدخال,"الاختصاص في جرائم الشركات وفق نظام الشركات السعودي. 
إعداد : د. حمد بن ناصر التريكي
‏🔗  https://drive.google.com/file/d/1K7anc-8Uemd9WwIkEpSKqR8HtkVuJiSM/view"
جبار,353,2026-07-25T16:40:44,drive_reference,ملف رائع مساعد على إدارة القضايا العمالية ❶↢ إدارة القضايا العمالية ❷↢ ملحق العمل للمرأة ❸↢ نموذج تحرير الدعوى العمالية ❹↢ محضر عدم اتفاق,,قناة جبار,المحاكم والمرافعات,مذكرة,رابط,,,https://drive.google.com/file/d/1Ra6Nf9gChcQegTmY-n5XjyPFeo0uOZ3A/view,False,False,jabar_353,review,يتطلب فحص التكرار والرابط قبل الإدخال,"‏ملف رائع مساعد على إدارة القضايا العمالية

‏❶↢ إدارة القضايا العمالية
‏❷↢ ملحق العمل للمرأة
‏❸↢ نموذج تحرير الدعوى العمالية
‏❹↢ محضر عدم اتفاق
🔗 https://drive.google.com/file/d/1Ra6Nf9gChcQegTmY-n5XjyPFeo0uOZ3A/view"
جبار,357,2026-07-27T11:59:33,drive_reference,كتابة الخطابات مهارة كتابة الخطابات والمراسلات للقانوني 👇 ملف,,قناة جبار,الأنظمة والتشريعات,مذكرة,رابط,,,https://drive.google.com/file/d/15xFNazKPPTOtCV52H091TSLsS4DpihvB/view,False,False,jabar_357,review,يتطلب فحص التكرار والرابط قبل الإدخال,"كتابة الخطابات 

‏مهارة كتابة الخطابات والمراسلات للقانوني 👇🏻
‏ملف يحتوي على طريقة كتابة كل من: 
‏- الخطابات 
‏- القرارات 
‏- المُراسلات 
🔗: https://drive.google.com/file/d/15xFNazKPPTOtCV52H091TSLsS4DpihvB/view"
جبار,358,2026-07-27T12:00:14,drive_reference,يتطلب عمل المحامي في بعض الأحيان كتابة الخطابات، والمراسلات الرسمية، وقد يحتاج المبتدئ إلى بعض المراجع المعينة له في هذه المجال منها هذا الدليل المختصر للكتابة الإدارية✅,,قناة جبار,المحاماة والتحكيم,مذكرة,رابط,,,https://drive.google.com/file/d/1wuZyG5vDKFO7u9skxtvKL4DXKlZzX23c/view?usp=drivesdk,False,False,jabar_358,review,يتطلب فحص التكرار والرابط قبل الإدخال,"يتطلب عمل المحامي -في بعض الأحيان- كتابة الخطابات، والمراسلات الرسمية، وقد يحتاج المبتدئ إلى بعض المراجع المعينة له في هذه المجال
منها هذا الدليل المختصر للكتابة الإدارية✅
‏🔗:  https://drive.google.com/file/d/1wuZyG5vDKFO7u9skxtvKL4DXKlZzX23c/view?usp=drivesdk"
جبار,370,2026-07-31T11:44:05,drive_reference,مذكرة صياغة العقود 👏,,قناة جبار,المحاماة والتحكيم,مذكرة,رابط,,,https://drive.google.com/file/d/1Bh9fWLXsSuuhDX1cdNpuGK7Cb7XEqGWg/view,False,False,jabar_370,exclude,لا تظهر صلة قانونية أو قضائية واضحة,"مذكرة صياغة العقود 📝👏🏼
‏🔗  https://drive.google.com/file/d/1Bh9fWLXsSuuhDX1cdNpuGK7Cb7XEqGWg/view"
جبار,373,2026-08-02T14:57:24,drive_reference,« دليل مختصر لأبرز المنصات القانونية » 👏,,قناة جبار,الأنظمة والتشريعات,دليل,رابط,,,https://drive.google.com/file/d/1Kytrt0SaxRFSsoheW_gZzAibCrRho84T/view,False,False,jabar_373,review,يتطلب فحص التكرار والرابط قبل الإدخال,"« دليل مختصر لأبرز المنصات القانونية » 👏🏼
يتضمن أهم المنصات التي يحتاج إليها المحامي المتدرب، مع نبذة مختصرة عن كل منصة، وأبرز خدماتها، والحالات التي يُستفاد منها عمليًا.
‏🔗  https://drive.google.com/file/d/1Kytrt0SaxRFSsoheW_gZzAibCrRho84T/view"
جبار,377,2026-08-03T15:25:12,drive_reference,لكل اخصائي قانوني تجد أهم اللوائح والسياسات اللازمة لعمل الشركات ونبذة عنها,,قناة جبار,الأنظمة والتشريعات,كتاب,رابط,,,https://drive.google.com/file/d/1WWSwpIyNE8Ae2pcNu8PBoJzSAItGuhmj/view,False,True,jabar_377,exclude,رابط مطابق لسجل قائم,"لكل اخصائي قانوني تجد أهم اللوائح
والسياسات اللازمة
لعمل الشركات ونبذة عنها
‏🔗:  https://drive.google.com/file/d/1WWSwpIyNE8Ae2pcNu8PBoJzSAItGuhmj/view"
جبار,379,2026-08-03T15:30:39,channel_file,عرض خريجي القانون,,قناة جبار,الأنظمة والتشريعات,كتاب,PowerPoint,34207,,https://t.me/jabaraiar/379,False,False,jabar_379,review,يتطلب فحص التكرار والرابط قبل الإدخال,
جبار,380,2026-08-03T15:30:39,channel_file,نموذج تحليل القضايا,,قناة جبار,الأنظمة والتشريعات,مذكرة,Excel,6388,,https://t.me/jabaraiar/380,False,False,jabar_380,exclude,لا تظهر صلة قانونية أو قضائية واضحة,
جبار,381,2026-08-03T15:30:39,channel_file,ملف الاعمال,,قناة جبار,الأنظمة والتشريعات,كتاب,Word,119419,,https://t.me/jabaraiar/381,False,False,jabar_381,review,يتطلب فحص التكرار والرابط قبل الإدخال,
جبار,384,2026-08-04T14:43:32,drive_reference,محاضرات في تكييف الدعوى وتنزيل الأحكام,,قناة جبار,المحاكم والمرافعات,كتاب,رابط,,,https://drive.google.com/file/d/0B07SKIspgiGxSjU1VEtZazJ0SHM/view?usp=drivesdk&resourcekey=0-sGxtRx-q9YUdaVg6q2NEbw,False,False,jabar_384,review,يتطلب فحص التكرار والرابط قبل الإدخال,"محاضرات في تكييف الدعوى وتنزيل الأحكام 
‏🔗  https://drive.google.com/file/d/0B07SKIspgiGxSjU1VEtZazJ0SHM/view?usp=drivesdk&resourcekey=0-sGxtRx-q9YUdaVg6q2NEbw"
جبار,388,2026-08-04T14:45:06,drive_reference,الجوانب القانونية في منازعات ضريبة القيمة المضافة,,قناة جبار,الأنظمة والتشريعات,كتاب,رابط,,,https://drive.google.com/file/d/1aj7OaHFyB6Qwe2GBDEJ9swy7YNTCZbRo/view,True,False,jabar_388,exclude,عنوان مطابق لسجل قائم بعد التطبيع,"الجوانب القانونية في منازعات ضريبة القيمة المضافة ⚖️
‏🔗  https://drive.google.com/file/d/1aj7OaHFyB6Qwe2GBDEJ9swy7YNTCZbRo/view"
جبار,392,2026-08-06T15:19:36,drive_reference,مجموع ملاحظات وتنبيهات محاكم الاستئناف على الأحكام الصادرة من محاكم الدرجة الأولى,,قناة جبار,الأنظمة والتشريعات,كتاب,رابط,,,https://drive.google.com/file/d/13ZTqiPMsbhluyd34bX84tzTq7m4N-pcR/view,False,False,jabar_392,review,يتطلب فحص التكرار والرابط قبل الإدخال,"مجموع ملاحظات وتنبيهات محاكم الاستئناف على الأحكام الصادرة من محاكم الدرجة الأولى
‏🔗  https://drive.google.com/file/d/13ZTqiPMsbhluyd34bX84tzTq7m4N-pcR/view"
جبار,393,2026-08-06T15:20:18,drive_reference,📑ملف | أكثر الأخطاء اللغوية والإملائية شيوعًا — يحتاج له كل شخص وخصوصًا من يعمل في الجانب العدلي؛ حيث أن فصاحة اللسان وقوة العبارة والكتابة من اهم الأسلحة التي يمتلكها المرء. — ٥٠ صفحة أحتفظ بها دائمًا,,قناة جبار,الأنظمة والتشريعات,كتاب,رابط,,,https://drive.google.com/file/d/1FbntzCBzxiZqVxXF19-YC8wtRj3aRj4M/view,False,False,jabar_393,exclude,لا تظهر صلة قانونية أو قضائية واضحة,"📑ملف | أكثر الأخطاء اللغوية والإملائية شيوعًا 
— يحتاج له كل شخص وخصوصًا من يعمل في الجانب العدلي؛ حيث أن فصاحة اللسان وقوة العبارة والكتابة من اهم الأسلحة التي يمتلكها المرء.
— ٥٠ صفحة أحتفظ بها دائمًا.
‏🔗  https://drive.google.com/file/d/1FbntzCBzxiZqVxXF19-YC8wtRj3aRj4M/view"
جبار,414,2026-08-11T13:58:11,drive_reference,للمهتمين بقضايا المخدرات ملف ثري يضم كل ما تحتاجه في هذا النوع من القضايا ، ويشمل : • الأنظمة واللوائح ذات الصلة • نماذج مذكرات دفاع جاهزة • تسبيبات وقواعد قضائية • تعاميم رسمية • سوابق قضائية مختارة مرجع عملي يفيدك في قضايا المخدرات 👇,,قناة جبار,المحاماة والتحكيم,رابط مرجعي,رابط,,,https://drive.google.com/drive/folders/10GJ5gSwndof7QVd3b1A-A18uCTZp5Fcb,False,False,jabar_414,review,يتطلب فحص التكرار والرابط قبل الإدخال,"للمهتمين بقضايا المخدرات ملف ثري يضم كل
ما تحتاجه في هذا النوع من القضايا ، ويشمل : 

• الأنظمة واللوائح ذات الصلة
• نماذج مذكرات دفاع جاهزة
• تسبيبات وقواعد قضائية
• تعاميم رسمية
• سوابق قضائية مختارة
مرجع عملي يفيدك في قضايا المخدرات 👇
‏🔗  https://drive.google.com/drive/folders/10GJ5gSwndof7QVd3b1A-A18uCTZp5Fcb"
جبار,422,2026-08-16T17:20:38,drive_reference,الدليل الشامل لتصنيفات الدعاوى وأنواعها في منصة ناجز مرجع قانوني يوضح تصنيفات الدعاوى في ناجز، من التصنيفات الرئيسية والفرعية حتى أنواع الدعاوى، لتسهيل اختيار التصنيف والمسار القضائي الصحيح عند قيد الدعوى إلكترونيًا. يضم 7 تصنيفات رئيسية، و,,قناة جبار,المحاكم والمرافعات,دليل,رابط,,,https://drive.google.com/file/d/1arNQeYBhrCNk2ZsRjOvHulB6johVjf2g/edit,False,False,jabar_422,review,يتطلب فحص التكرار والرابط قبل الإدخال,"📍الدليل الشامل لتصنيفات الدعاوى وأنواعها في منصة ناجز ⚖️

مرجع قانوني يوضح تصنيفات الدعاوى في ناجز، من التصنيفات الرئيسية والفرعية حتى أنواع الدعاوى، لتسهيل اختيار التصنيف والمسار القضائي الصحيح عند قيد الدعوى إلكترونيًا.
يضم 7 تصنيفات رئيسية، و41 تصنيفًا فرعيًا، و231 نوع دعوى.
✍️ إعداد: البحوث القانونية – عبدالوهاب بن فضل
‏𝕏 الحساب:  @TW_ALWI
لتحميل الملف:   https://drive.google.com/file/d/1arNQeYBhrCNk2ZsRjOvHulB6johVjf2g/edit"
جبار,429,2026-08-16T17:24:14,drive_reference,سنة وحدة قد تكون كفيلة بأنها تغيّر مستواك القانوني بالكامل اذا عرفت وين تحط جهدك ومع الالتزام بخطة الشاطري للتدريب القانوني بتبني خلال هالسنة ركيزة علمية قوية وتكوّن عندك معرفة واسعة بأغلب الأنظمة هالخطة تنفع طالب القانون والمحامي المتدرب ا,,قناة جبار,المحاماة والتحكيم,كتاب,رابط,,,https://drive.google.com/file/d/1fWTLCz_t1k9RU-PZlAtTYqFhkIZ58dZ6/view,False,False,jabar_429,review,يتطلب فحص التكرار والرابط قبل الإدخال,"سنة وحدة قد تكون كفيلة بأنها تغيّر مستواك القانوني بالكامل اذا عرفت وين تحط جهدك

ومع الالتزام بخطة الشاطري للتدريب القانوني بتبني خلال هالسنة ركيزة علمية قوية وتكوّن عندك معرفة واسعة بأغلب الأنظمة 
هالخطة تنفع طالب القانون والمحامي المتدرب
اعداد/ شركة بدر الشاطري 
‏🔗  https://drive.google.com/file/d/1fWTLCz_t1k9RU-PZlAtTYqFhkIZ58dZ6/view"
جبار,433,2026-08-17T14:03:19,drive_reference,انصح دائمًا من يريد تطوير صياغته للعقود ان يتخذ العقود الجاهزه مفتاحًا له فيتمرن عليها مثال : تأخذ عقد من العقود الجاهزه تعرف مضمونه وبنوده ونقاط القوه والضعف فيه ثم تحذو حذوه مع اضفاء عباراتك الخاصة 👍 وهذا ملف جاهز يضم حوالي 50 عقد جاهز في,,قناة جبار,المحاماة والتحكيم,كتاب,رابط,,,https://drive.google.com/file/d/1Bq5PJSQ62b-9zVXMBvT2sXVawQlsrMxi/view,False,False,jabar_433,review,يتطلب فحص التكرار والرابط قبل الإدخال,"انصح دائمًا من يريد تطوير صياغته للعقود ان يتخذ العقود الجاهزه مفتاحًا له فيتمرن عليها 
مثال :
تأخذ عقد من العقود الجاهزه تعرف مضمونه وبنوده ونقاط القوه والضعف فيه
ثم تحذو حذوه مع اضفاء عباراتك الخاصة 👍🏻
وهذا ملف جاهز يضم حوالي 50 عقد جاهز في البيع والهبه والشراكه والايجار والى اخره
‏🔗  https://drive.google.com/file/d/1Bq5PJSQ62b-9zVXMBvT2sXVawQlsrMxi/view"
جبار,435,2026-08-17T14:03:54,drive_reference,ملف تحليل السوابق القضائية يساعدك بقراءة السابقة وتحليلها بطريقة منظمه مختصره,,قناة جبار,المحاكم والمرافعات,حكم قضائي,رابط,,,https://drive.google.com/file/d/1t1lA6XRmZ1pgC95d5fG0kZx9-gwYA6mD/view?usp=drivesdk,False,False,jabar_435,review,يتطلب فحص التكرار والرابط قبل الإدخال,"ملف تحليل السوابق القضائية يساعدك بقراءة السابقة وتحليلها بطريقة منظمه مختصره 
‏🔗  https://drive.google.com/file/d/1t1lA6XRmZ1pgC95d5fG0kZx9-gwYA6mD/view?usp=drivesdk"
جبار,436,2026-08-18T14:07:42,drive_reference,كموظف لازم تعرف متى يتم تطبيق العقوبات عليك من انذار او خصم او حرمان علاوة او حتى الفصل من العمل وكل هالعقوبات يسبقها اجراءات نظامية بدونها قد يبطل الاجراء كامل هذا الملف البسيط فيه كل اللي تحتاج معرفته بهالخصوص 👍,,قناة جبار,الأنظمة والتشريعات,نظام,رابط,,,https://drive.google.com/file/d/1FBWpnAcUsyd2UQMvEF85qGbK9XRtENGs/view,False,False,jabar_436,review,يتطلب فحص التكرار والرابط قبل الإدخال,"كموظف لازم تعرف متى يتم تطبيق العقوبات عليك من انذار او خصم او حرمان علاوة او حتى الفصل من العمل 
وكل هالعقوبات يسبقها اجراءات نظامية بدونها قد يبطل الاجراء كامل
هذا الملف البسيط فيه كل اللي تحتاج معرفته بهالخصوص 👍🏻
‏🔗  https://drive.google.com/file/d/1FBWpnAcUsyd2UQMvEF85qGbK9XRtENGs/view"
جبار,440,2026-08-19T12:09:36,drive_reference,وحدة من اكثر القرارات المتداولة مؤخرا، قرار 616 بتاريخ ٢٠/١٠/١٤٤٢هـ والمعني بالموافقة على القواعد والترتيبات الخاصة بكيفية معاملة الموظفين والعمال في القطاعات المستهدفة بالتحول والتخصيص,,قناة جبار,المحاكم والمرافعات,نظام,رابط,,,https://drive.google.com/file/d/1Ukww-_DmatPi2ZM8YZqqMNI3NWD2kwbl/view,False,False,jabar_440,review,يتطلب فحص التكرار والرابط قبل الإدخال,"وحدة من اكثر القرارات المتداولة مؤخرا، قرار 616 بتاريخ ٢٠/١٠/١٤٤٢هـ والمعني بالموافقة على القواعد والترتيبات الخاصة  بكيفية معاملة الموظفين والعمال في القطاعات المستهدفة بالتحول والتخصيص
‏🔗  https://drive.google.com/file/d/1Ukww-_DmatPi2ZM8YZqqMNI3NWD2kwbl/view"
جبار,442,2026-08-19T12:10:41,drive_reference,صياغة العقود اليوم من أهم المهارات التي ينبغي لكل قانوني إتقانها، خصوصًا مع نهضة المشاريع في المملكة حتى أصبحت بعض الشركات تبحث عن موظف متخصص تكون مهمته الأساسية كتابة العقود ومراجعتها، وهذا ملف يجمع أهم ما تحتاج معرفته لتطوير هذه المهارة و,,قناة جبار,المحاماة والتحكيم,كتاب,رابط,,,https://drive.google.com/file/d/1_bHBoXxVUqgXZ9FTSMc0V_gqMc9zIxzb/view,False,False,jabar_442,review,يتطلب فحص التكرار والرابط قبل الإدخال,"صياغة العقود اليوم من أهم المهارات التي ينبغي لكل قانوني إتقانها، خصوصًا مع نهضة المشاريع في المملكة حتى أصبحت بعض الشركات تبحث عن موظف متخصص تكون مهمته الأساسية كتابة العقود ومراجعتها، وهذا ملف يجمع أهم ما تحتاج معرفته لتطوير هذه المهارة والارتقاء بها
‏🔗  https://drive.google.com/file/d/1_bHBoXxVUqgXZ9FTSMc0V_gqMc9zIxzb/view"
جبار,447,2026-08-23T12:58:29,drive_reference,كل من يطمح لدخول مجال المحاماة هذه بعض المهارات الأساسية التي ينبغي أن يتقنها المحامي الناجح,,قناة جبار,المحاماة والتحكيم,كتاب,رابط,,,https://drive.google.com/file/d/1aP6UDAQmSILNkQvcwZ1recpLrnX1Qgf5/view?usp=drivesdk,False,False,jabar_447,review,يتطلب فحص التكرار والرابط قبل الإدخال,"كل من يطمح لدخول مجال المحاماة 
‏هذه بعض المهارات الأساسية التي ينبغي أن يتقنها المحامي الناجح 
🔗 https://drive.google.com/file/d/1aP6UDAQmSILNkQvcwZ1recpLrnX1Qgf5/view?usp=drivesdk"
جبار,450,2026-08-24T13:51:55,drive_reference,مكتبة قانونية شاملة متكاملة في التعاميم والقرارات و التفتيش والاستئناف وغيرها الكثير، ينبغي الحرص على اقتنائها,,قناة جبار,المحاكم والمرافعات,رابط مرجعي,رابط,,,https://drive.google.com/drive/mobile/folders/1OGxyJ_oPbqcy8KGHwUbUPEbhdDqIb2TJ,False,False,jabar_450,review,يتطلب فحص التكرار والرابط قبل الإدخال,مكتبة قانونية شاملة متكاملة في التعاميم والقرارات و التفتيش والاستئناف وغيرها الكثير، ينبغي الحرص على اقتنائها ‏🔗   https://drive.google.com/drive/mobile/folders/1OGxyJ_oPbqcy8KGHwUbUPEbhdDqIb2TJ
جبار,451,2026-08-24T13:52:23,drive_reference,ملف مهم لمعرفة الرسوم الحكومية pdf لكل شخص له رغبة بفتح شركة أو مؤسسة تجارية تضمن الملف أنواع الخدمات الحكومية مع الرسوم وكذلك أنواع المنصات الحكومية والمدد الزمنية,,قناة جبار,الأنظمة والتشريعات,كتاب,رابط,,,https://drive.google.com/file/d/1v9q7k44YTzL4KEpGPIQYSDF7Nfbp-ytY/view,False,False,jabar_451,review,يتطلب فحص التكرار والرابط قبل الإدخال,"📌ملف مهم لمعرفة الرسوم الحكومية pdf
لكل شخص له رغبة بفتح شركة أو مؤسسة تجارية تضمن الملف أنواع الخدمات الحكومية مع الرسوم وكذلك أنواع المنصات الحكومية والمدد الزمنية 🔗رابط التحميل:   https://drive.google.com/file/d/1v9q7k44YTzL4KEpGPIQYSDF7Nfbp-ytY/view"
جبار,453,2026-08-25T13:55:12,drive_reference,ملف مفيد للمحامين يسهل لك تصنيف الدعاوى في ناجز الفرعيه والرئيسيه 👍,,قناة جبار,المحاماة والتحكيم,كتاب,رابط,,,https://drive.google.com/file/d/1PsKDSi7AhSNzLszBhAMsJT27vzs8-V60/view,False,False,jabar_453,review,يتطلب فحص التكرار والرابط قبل الإدخال,ملف مفيد للمحامين يسهل لك تصنيف الدعاوى في ناجز الفرعيه والرئيسيه 👍🏻 ‏🔗  https://drive.google.com/file/d/1PsKDSi7AhSNzLszBhAMsJT27vzs8-V60/view
جبار,455,2026-08-25T13:56:22,drive_reference,السوابق القضائية كنز معرفي كثر ما اقول انه ثمين فأنا اظلمه ببساطة فيها كل شيء جاهز نصوص النظام حسب القضية قواعد فقهية آيات وأحاديث مرتبطة بالموضوع لو تجعل لك وِرد يومي فيها راح تكون عندك ملكة قانونية متينة 👍 وهذي مجموعة سوابق قضائية تم ترتي,,قناة جبار,المحاكم والمرافعات,نظام,رابط,,,https://drive.google.com/file/d/1JEJKtgY_7LdmqfvoZYEZLKz6sWeCZj-s/view,False,False,jabar_455,review,يتطلب فحص التكرار والرابط قبل الإدخال,"السوابق القضائية كنز معرفي كثر ما اقول انه ثمين فأنا اظلمه 
ببساطة فيها كل شيء جاهز نصوص النظام حسب القضية قواعد فقهية آيات وأحاديث مرتبطة بالموضوع لو تجعل لك وِرد يومي فيها راح تكون عندك ملكة قانونية متينة 👍🏻
وهذي مجموعة سوابق قضائية تم ترتيبها بشكل سهل من فريق قانوني مختص  @splllaw 
‏🔗  https://drive.google.com/file/d/1JEJKtgY_7LdmqfvoZYEZLKz6sWeCZj-s/view"
جبار,456,2026-08-25T13:56:54,drive_reference,لكل اخصائي قانوني تجد أهم اللوائح والسياسات اللازمة لعمل الشركات ونبذة عنها,,قناة جبار,الأنظمة والتشريعات,كتاب,رابط,,,https://drive.google.com/file/d/1WWSwpIyNE8Ae2pcNu8PBoJzSAItGuhmj/view,False,True,jabar_456,exclude,رابط مطابق لسجل قائم,"لكل اخصائي قانوني تجد أهم اللوائح
والسياسات اللازمة لعمل الشركات ونبذة عنها
‏🔗  https://drive.google.com/file/d/1WWSwpIyNE8Ae2pcNu8PBoJzSAItGuhmj/view"
جبار,458,2026-08-26T11:01:31,drive_reference,تجميعات لجميع انواع المذكرات مابين مذكرة رد ودفاع واستئناف والتماس وغيرها انصح الجميع بالاطلاع عليها وخصوصًا المبتدئين بكتابة المذكرات,,قناة جبار,المحاماة والتحكيم,مذكرة,رابط,,,https://drive.google.com/file/d/1xb6p0-7mY1zSgODn13H37uRjbJrax_ak/view,False,False,jabar_458,exclude,لا تظهر صلة قانونية أو قضائية واضحة,"تجميعات لجميع انواع المذكرات مابين مذكرة رد ودفاع واستئناف والتماس وغيرها انصح الجميع بالاطلاع عليها وخصوصًا المبتدئين بكتابة المذكرات 
‏🔗  https://drive.google.com/file/d/1xb6p0-7mY1zSgODn13H37uRjbJrax_ak/view"
جبار,459,2026-08-26T11:02:47,drive_reference,ملف لتحليل السوابق القضائية انصحكم فيييه👍,,قناة جبار,المحاكم والمرافعات,حكم قضائي,رابط,,,https://drive.google.com/file/d/1fexaN0X72qcq5ww5WKZPF2r5BCgTWw5q/view,False,False,jabar_459,review,يتطلب فحص التكرار والرابط قبل الإدخال,ملف لتحليل السوابق القضائية انصحكم فيييه👍🏻 ‏🔗  https://drive.google.com/file/d/1fexaN0X72qcq5ww5WKZPF2r5BCgTWw5q/view
جبار,462,2026-08-30T11:37:04,drive_reference,الرقابة القانونية في تحسين الامتثال والحوكمة وتقليل المخاطر,,قناة جبار,الأنظمة والتشريعات,كتاب,رابط,,,https://drive.google.com/file/d/1GbjFbvI1l_nqTs4SNTt-LMBChIqXN3VC/view,False,False,jabar_462,review,يتطلب فحص التكرار والرابط قبل الإدخال,"‏الرقابة القانونية في تحسين الامتثال والحوكمة وتقليل المخاطر .

https://drive.google.com/file/d/1GbjFbvI1l_nqTs4SNTt-LMBChIqXN3VC/view"
جبار,463,2026-09-01T15:52:24,drive_reference,هام للمحامين المتدربين • ملف قيِّم | ادارة القضية للمحامين تحت التدريب 📎 • نموذج لعقد تدريب محاماة 📎,,قناة جبار,المحاماة والتحكيم,مذكرة,رابط,,,https://drive.google.com/file/d/1VFp7GWZcvbZ2ILQVNx-_6qMzKJcNVNFR/view,False,False,jabar_463,review,يتطلب فحص التكرار والرابط قبل الإدخال,هام للمحامين المتدربين ⚖️ • ملف قيِّم | ادارة القضية للمحامين تحت التدريب ‏📎  https://drive.google.com/file/d/1VFp7GWZcvbZ2ILQVNx-_6qMzKJcNVNFR/view  • نموذج لعقد تدريب محاماة ‏📎  https://drive.google.com/file/d/19Y7eyPnYg2VVdqGBxSqQNzc_0iBeQ4X2/view
جبار,464,2026-09-01T15:53:37,drive_reference,معلومات عن إعداد اللائحة الاعتراضية,,قناة جبار,المحاماة والتحكيم,مذكرة,رابط,,,https://drive.google.com/file/d/1glnwHv8uybXaU7vrkqRQD9cL8w2Wn9sA/view,False,False,jabar_464,review,يتطلب فحص التكرار والرابط قبل الإدخال,"معلومات عن إعداد اللائحة الاعتراضية 📝⚖️
‏🔗  https://drive.google.com/file/d/1glnwHv8uybXaU7vrkqRQD9cL8w2Wn9sA/view"
جبار,465,2026-09-01T15:54:50,drive_reference,"كتاب ""فن الكتابة الصحيحة"" 📔 قواعد الأملاء علامات الترقيم الأخطاء اللغوية الشائعة لغة الأعلانات الصحفية مختارات من الشعر والنثر",,قناة جبار,الأنظمة والتشريعات,كتاب,رابط,,,https://drive.google.com/file/d/152kolVs-zra-kCnckFEmwRJdrJZKhWR4/view,False,False,jabar_465,exclude,لا تظهر صلة قانونية أو قضائية واضحة,"كتاب ""فن الكتابة الصحيحة"" 📔✔️ 📝قواعد الأملاء 📝علامات الترقيم 📝الأخطاء اللغوية الشائعة 📝لغة الأعلانات الصحفية 📝مختارات من الشعر والنثر لتحميل الملف:  https://drive.google.com/file/d/152kolVs-zra-kCnckFEmwRJdrJZKhWR4/view"
جبار,469,2026-09-03T15:49:04,drive_reference,قضايا الاخطاء الطبية كثرت، تجدون دونكم ملف رائع ومفيد ساعدني شخصيًا في أحد القضايا الطبية,,قناة جبار,الأنظمة والتشريعات,كتاب,رابط,,,https://drive.google.com/file/d/1VPMhm70IsfmSAnmv6vyK7LHAVA8I_OG4/view,False,False,jabar_469,exclude,لا تظهر صلة قانونية أو قضائية واضحة,"قضايا الاخطاء الطبية كثرت، تجدون دونكم ملف رائع ومفيد ساعدني شخصيًا في أحد القضايا الطبية
‏🔗  https://drive.google.com/file/d/1VPMhm70IsfmSAnmv6vyK7LHAVA8I_OG4/view"
جبار,472,2026-09-03T15:52:26,drive_reference,حقيبة تدريبية | مهارات الاستشارات العدلية,,قناة جبار,المحاماة والتحكيم,دليل,رابط,,,https://drive.google.com/file/d/1IOKYeQ92h_9wukUqPuyC-Mn9fLV1AUPD/view,False,False,jabar_472,exclude,لا تظهر صلة قانونية أو قضائية واضحة,📌حقيبة تدريبية 🧳| مهارات الاستشارات العدلية 📝⚖️ رابط التحميل:  https://drive.google.com/file/d/1IOKYeQ92h_9wukUqPuyC-Mn9fLV1AUPD/view
جبار,473,2026-09-03T15:56:58,drive_reference,إخواني المحامين المتدربين وطلاب التدريب العدلي، دونكم أحد أفضل الكتب التي مرت علي في مجال المذكرات واللوائح في النظام السعودي. كتاب يحوي نماذج عديدة جدًا من مذكرات واقعية وعملية تقدرون تتدربون من خلالها وتستفيدون من المعلومات والصياغات الوا,,قناة جبار,المحاماة والتحكيم,مذكرة,رابط,,,https://drive.google.com/file/d/1oZaPzIgr0exVfTLTysqD7Ksv04SrOu6m/view,False,False,jabar_473,review,يتطلب فحص التكرار والرابط قبل الإدخال,"إخواني المحامين المتدربين وطلاب التدريب العدلي، دونكم أحد أفضل الكتب التي مرت علي في مجال المذكرات واللوائح في النظام السعودي.

كتاب يحوي نماذج عديدة جدًا من مذكرات واقعية وعملية تقدرون تتدربون من خلالها وتستفيدون من المعلومات والصياغات الواردة فيها؛ كونها تحمل عصارة خبرة عملية في المذكرة الواحدة.

لتحميل الملف:  https://drive.google.com/file/d/1oZaPzIgr0exVfTLTysqD7Ksv04SrOu6m/view"
جبار,477,2026-09-11T16:45:33,drive_reference,مهمه جدًا لإخراج صحائف دعوى ومذكرات وخطابات خالية من الأخطاء الإملائية • دليل التحرير العربي 📎 • قواعد في الإملاء 📎 • قواعد الإملاء في عشرة دروس ميسرة 📎,,قناة جبار,المحاماة والتحكيم,مذكرة,رابط,,,https://drive.google.com/file/d/1DDBfCP-RLeS6XAGl0RqjfdTG1_lvlPvl/view?usp=drivesdk,False,False,jabar_477,review,يتطلب فحص التكرار والرابط قبل الإدخال,"‏مهمه جدًا لإخراج صحائف دعوى ومذكرات وخطابات خالية من الأخطاء الإملائية 📝⚖️

‏• دليل التحرير العربي 
‏📎 https://drive.google.com/file/d/1DDBfCP-RLeS6XAGl0RqjfdTG1_lvlPvl/view?usp=drivesdk

‏• قواعد في الإملاء 
‏📎 https://drive.google.com/file/d/1oUqDU10CyX80SftXGY4EiNHmG_WB_XUe/view?usp=drivesdk

‏• قواعد الإملاء في عشرة دروس ميسرة 
‏📎 https://drive.google.com/file/d/1-jjbU_IxwRR1FuurrAyPPpM0QY7ybNHJ/view?usp=drivesdk"
جبار,484,2026-09-21T15:20:22,drive_reference,ملف | انظمة الخدمة العسكرية السعودية 📑 يشمل: • نظام خدمة الضباط • نظام خدمة الأفراد • نظام التقاعد العسكري • نظام الكليات العسكرية • نظام مجلس الخدمة العسكرية • نظام الأنواط العسكرية • نظام الملابس والتجهيزات العسكرية,,قناة جبار,الأنظمة والتشريعات,نظام,رابط,,,https://drive.google.com/file/d/18W74GlrVGJNCE6vs0XKAuLpPE7OnQf8V/view,False,False,jabar_484,review,يتطلب فحص التكرار والرابط قبل الإدخال,"‏ملف | انظمة الخدمة العسكرية السعودية 📑👮🏻‍♂️

‏يشمل:
‏• نظام خدمة الضباط 
‏• نظام خدمة الأفراد 
‏• نظام التقاعد العسكري 
‏• نظام الكليات العسكرية 
‏• نظام مجلس الخدمة العسكرية 
‏• نظام الأنواط العسكرية 
‏• نظام الملابس والتجهيزات العسكرية 
لتحميل الملف: https://drive.google.com/file/d/18W74GlrVGJNCE6vs0XKAuLpPE7OnQf8V/view"
جبار,487,2026-09-21T15:23:32,drive_reference,ملف رائع | سبورة قانونية,,قناة جبار,الأنظمة والتشريعات,كتاب,رابط,,,https://drive.google.com/file/d/15RP98AxksVeOj3_2vuCzhBdYEn-S7p39/view,False,False,jabar_487,review,يتطلب فحص التكرار والرابط قبل الإدخال,"ملف رائع | سبورة قانونية 📝⚖️

‏وهو عبارة عن سلسلة قانونية تثقيفية تهدف إلى التعريف بأهم المسائل القضائية والقانونية التي تهم عامة الناس في حياتهم اليومية.
لتحميل الملف: https://drive.google.com/file/d/15RP98AxksVeOj3_2vuCzhBdYEn-S7p39/view"
جبار,489,2026-09-21T15:25:20,drive_reference,حقيبة تدريبية | مهارات الاستشارات العدلية,,قناة جبار,المحاماة والتحكيم,دليل,رابط,,,https://drive.google.com/file/d/1IOKYeQ92h_9wukUqPuyC-Mn9fLV1AUPD/view,False,False,jabar_489,exclude,لا تظهر صلة قانونية أو قضائية واضحة,"📌حقيبة تدريبية 🧳| مهارات الاستشارات العدلية 📝⚖️
رابط التحميل:  https://drive.google.com/file/d/1IOKYeQ92h_9wukUqPuyC-Mn9fLV1AUPD/view"
جبار,491,2026-09-24T17:21:56,drive_reference,ملف حديث وقيِّم: القواعد القانونية لأعمال رجال الأمن العام — الاستيقاف واستخدام السلاح والقوة — رجال الضبط الجنائي والقبض والتفتيش — التعامل مع الشخصيات ذات الحصانة — الواجبات والمحظورات — الجرائم والمخالفات وعقوباتها,,قناة جبار,القضايا الجنائية,كتاب,رابط,,,https://drive.google.com/file/d/1emseAZzh_9zU9HOJZbBTOO3KWlzYQXCR/edit,False,False,jabar_491,review,يتطلب فحص التكرار والرابط قبل الإدخال,"ملف حديث وقيِّم: القواعد القانونية لأعمال رجال الأمن العام 🗂

— الاستيقاف واستخدام السلاح والقوة
— رجال الضبط الجنائي والقبض والتفتيش
— التعامل مع الشخصيات ذات الحصانة
— الواجبات والمحظورات
— الجرائم والمخالفات وعقوباتها
لتحميل الملف:  https://drive.google.com/file/d/1emseAZzh_9zU9HOJZbBTOO3KWlzYQXCR/edit

منصة جبار للمقالات والمذكرات:
‏ https://jabaraiar.xyz/"
جبار,494,2026-09-27T18:06:12,drive_reference,مذكرة تحليلية ل 200 حكم صادر بعدم الاختصاص من المحكمة التجارية، لفهم منهج القضاء في التكييف، وتحديد جهة الاختصاص، وأسباب الإحالة للمحاكم الأخرى,,قناة جبار,المحاماة والتحكيم,مذكرة,رابط,,,https://drive.google.com/file/d/12sORXKEvnNejjWaVUedPKQgX-oaiswCK/view,False,False,jabar_494,review,يتطلب فحص التكرار والرابط قبل الإدخال,"مذكرة تحليلية ل 200 حكم صادر بعدم الاختصاص من المحكمة التجارية، لفهم منهج القضاء في التكييف، وتحديد جهة الاختصاص، وأسباب الإحالة للمحاكم الأخرى.
📚 إعداد: عبدالله بن تركي الحمودي ‏📎  https://drive.google.com/file/d/12sORXKEvnNejjWaVUedPKQgX-oaiswCK/view  منصة جبار للمقالات والمذكرات: ‏ https://jabaraiar.xyz/"
جبار,495,2026-09-27T18:07:12,drive_reference,سوابق قضائية عمالية للاستزادة وفهم قضايا نظام العمل وذلك من الدليل الارشادي للمنازعات العمالية🗣 المقدم من الاستاذ : سليمان دعفس الدعفس. القاضي بالمحكمة العمالية في الرياض منصة جبار للمقالات والمذكرات,,قناة جبار,المحاماة والتحكيم,مذكرة,رابط,,,https://drive.google.com/file/d/11SUz0ywML9V0FknUT-CeeP0NFI-IehNw/view?usp=drivesdk,False,False,jabar_495,review,يتطلب فحص التكرار والرابط قبل الإدخال,"سوابق قضائية عمالية للاستزادة وفهم قضايا نظام العمل ⚖️
وذلك من الدليل الارشادي للمنازعات العمالية🗣️
المقدم من الاستاذ : سليمان دعفس الدعفس.
- القاضي بالمحكمة العمالية في الرياض
‏🔗  https://drive.google.com/file/d/11SUz0ywML9V0FknUT-CeeP0NFI-IehNw/view?usp=drivesdk
منصة جبار للمقالات والمذكرات:
‏ https://jabaraiar.xyz/"
جبار,496,2026-09-27T18:08:26,drive_reference,دليل شامل وموسع لأهم الشهادات المهنية في المجال القانوني منصة جبار للمقالات والمذكرات,,قناة جبار,المحاماة والتحكيم,مذكرة,رابط,,,https://drive.google.com/file/d/1GqD8w0qqoTUK77KSL9AMYxq_nKF0B4ez/view?usp=drivesdk,False,False,jabar_496,review,يتطلب فحص التكرار والرابط قبل الإدخال,"دليل شامل وموسع لأهم الشهادات المهنية في المجال القانوني 
‏🔗  https://drive.google.com/file/d/1GqD8w0qqoTUK77KSL9AMYxq_nKF0B4ez/view?usp=drivesdk
منصة جبار للمقالات والمذكرات:
‏ https://jabaraiar.xyz/"
جبار,500,2026-09-30T14:06:15,drive_reference,ملف قانوني رائع جدًا تجدون دونكم نماذج خطابات متنوعة للاستزادة اللغوية ملف,,قناة جبار,الأنظمة والتشريعات,رابط مرجعي,رابط,,,https://drive.google.com/drive/mobile/folders/0BzZo9MkWfxWzb2dNQVV6ZmhQdjg?resourcekey=0-5xDaEC8yQrRJIyCbJcbr1A,False,False,jabar_500,review,يتطلب فحص التكرار والرابط قبل الإدخال,"📌ملف قانوني رائع جدًا تجدون دونكم نماذج خطابات متنوعة للاستزادة اللغوية ⚖️📝
ملف التحميل: https://drive.google.com/drive/mobile/folders/0BzZo9MkWfxWzb2dNQVV6ZmhQdjg?resourcekey=0-5xDaEC8yQrRJIyCbJcbr1A"
جبار,501,2026-09-30T14:06:33,drive_reference,ملف رهيبب يشرح لكم الانظمة بشكل مبسط وسهل,,قناة جبار,الأنظمة والتشريعات,رابط مرجعي,رابط,,,https://drive.google.com/drive/mobile/folders/10Cyvk5W1Idf07Rz4j-M7LejDSEal7aY2,False,False,jabar_501,exclude,لا تظهر صلة قانونية أو قضائية واضحة,"📌ملف رهيبب يشرح لكم الانظمة بشكل مبسط وسهل 📝⚖️
لتحميل الملف: https://drive.google.com/drive/mobile/folders/10Cyvk5W1Idf07Rz4j-M7LejDSEal7aY2"
جبار,502,2026-09-30T14:06:52,drive_reference,ملف يجمع لكم بعض السوابق القضائية الشائعة والمهمة من مختلف القضايا,,قناة جبار,المحاكم والمرافعات,رابط مرجعي,رابط,,,https://drive.google.com/drive/mobile/folders/10aCRPcVE068hJY6-Y6eORb82byMomjqu,False,False,jabar_502,review,يتطلب فحص التكرار والرابط قبل الإدخال,"📌ملف يجمع لكم بعض السوابق القضائية الشائعة والمهمة من مختلف القضايا ⚖️📝
لتحميل الملف: https://drive.google.com/drive/mobile/folders/10aCRPcVE068hJY6-Y6eORb82byMomjqu"
جبار,503,2026-09-30T14:07:09,drive_reference,نماذج متنوعة للوائح اعتراضية بقلم المحامي/ احمد بن نهار، رائعة وانصحكم بالإطلاع عليها والتدرب عليها للمتدربين,,قناة جبار,المحاماة والتحكيم,رابط مرجعي,رابط,,,https://drive.google.com/drive/mobile/folders/1MzGF3lAI-FN-40_Jz43gADy4aHNALkU7?usp=sharing,False,False,jabar_503,review,يتطلب فحص التكرار والرابط قبل الإدخال,"📌نماذج متنوعة للوائح اعتراضية بقلم المحامي/ احمد بن نهار، رائعة وانصحكم بالإطلاع عليها والتدرب عليها للمتدربين 
🔗لتحميل الملف: https://drive.google.com/drive/mobile/folders/1MzGF3lAI-FN-40_Jz43gADy4aHNALkU7?usp=sharing"
جبار,512,2026-10-01T22:39:34,drive_reference,مهمه جدًا لإخراج صحائف دعوى ومذكرات وخطابات خالية من الأخطاء الإملائية • دليل التحرير العربي 📎 • قواعد في الإملاء 📎 • قواعد الإملاء في عشرة دروس ميسرة 📎,,قناة جبار,المحاماة والتحكيم,مذكرة,رابط,,,https://drive.google.com/file/d/1DDBfCP-RLeS6XAGl0RqjfdTG1_lvlPvl/view?usp=drivesdk,False,False,jabar_512,review,يتطلب فحص التكرار والرابط قبل الإدخال,"‏مهمه جدًا لإخراج صحائف دعوى ومذكرات وخطابات خالية من الأخطاء الإملائية 📝⚖️

‏• دليل التحرير العربي 
‏📎 https://drive.google.com/file/d/1DDBfCP-RLeS6XAGl0RqjfdTG1_lvlPvl/view?usp=drivesdk

‏• قواعد في الإملاء 
‏📎 https://drive.google.com/file/d/1oUqDU10CyX80SftXGY4EiNHmG_WB_XUe/view?usp=drivesdk

‏• قواعد الإملاء في عشرة دروس ميسرة 
‏📎 https://drive.google.com/file/d/1-jjbU_IxwRR1FuurrAyPPpM0QY7ybNHJ/view?usp=drivesdk"
جبار,515,2026-10-01T22:40:18,drive_reference,حقيبة تدريبية ، مهارات صياغة العقود,,قناة جبار,المحاماة والتحكيم,دليل,رابط,,,https://drive.google.com/file/d/16UEM9itXvQfaCgmeh-gmPSSk0-X1GOf1/view,False,False,jabar_515,exclude,لا تظهر صلة قانونية أو قضائية واضحة,"📌 حقيبة تدريبية ، مهارات صياغة العقود
لتحميل الملف:  https://drive.google.com/file/d/16UEM9itXvQfaCgmeh-gmPSSk0-X1GOf1/view"
