qadaa_0329	أحكام الأحوال الشخصية في الشريعة الإسلامية على وفق مذهب أبي حنيفة وما عليه العمل بالمحاكم	عبد الوهاب خلاف	المحاكم والمرافعات	متن	المكتبة الوقفية	
qadaa_1076	جلاء العينين في محاكمة الأحمدين	نعمان بن محمود بن عبد الله، أبو البركات خير الدين، الألوسي	المحاكم والمرافعات	متن	المكتبة الشاملة	
qadaa_1177	توصيف الأقضية في الشريعة الإسلامية «دراسة شرعية لأصول وفروع تنزيل الأحكام الكلية على الوقائع القضائية والفتوية مع تطبيقات قضائية من أقضية السلف ومحاكم المملكة العربية السعودية»	عبد الله بن محمد بن سعد آل خنين	القضاء الشرعي	بحث	المكتبة الشاملة	
qadaa_1374	المحاكمة بين المفسرين أبي حيان وابن عطية ومحمود الزمخشري من أول الكتاب إلى نهاية سورة يوسف تحقيق ودراسة		المحاكم والمرافعات	بحث	مكتبة الباحث العلمي	
qadaa_1383	المحاكمات بين أبي حيان وابن عطية والزمخشري		المحاكم والمرافعات	متن	مكتبة الباحث العلمي	
qadaa_2143	مبتكرات اللآلي والدرر في المحاكمة بين العيني وابن حجر - ت الروبي وعرفة		المحاكم والمرافعات	متن	مكتبة الباحث العلمي	
qadaa_2258	محاكمة الغماري وابن عاشور في حديث مدينة العلم		المحاكم والمرافعات	متن	مكتبة الباحث العلمي	
qadaa_2739	جلاء العينين بمحاكمة الأحمدين ابن تيمية، ابن الهيتمي		المحاكم والمرافعات	متن	مكتبة الباحث العلمي	
qadaa_3481	محاكمة يهوذا الاسخريوطي الخائن المصلوب		المحاكم والمرافعات	متن	مكتبة الباحث العلمي	
qadaa_3785	ما جرى عليه العمل في محاكم التمييز خلاف المذهب الحنبلي جمعا ودراسة		المحاكم والمرافعات	بحث	مكتبة الباحث العلمي	
qadaa_3915	سلطة القاضي في تشديد وتخفيف العقوبة في الشريعة الإسلامية دراسة مقارنة تطبيقية على بعض المحاكم الشرعية بالسعودية		القضاء الشرعي	بحث	مكتبة الباحث العلمي	
qadaa_3930	أصول المحاكمات الشرعية الجزائية		المحاكم والمرافعات	متن	مكتبة الباحث العلمي	
qadaa_4086	إجرام الأحداث ومحاكمتهم في الفقه الإسلامي دراسة مقارنة		المحاكم والمرافعات	بحث	مكتبة الباحث العلمي	
qadaa_4286	المترجم في المحاكم الشرعية شروطه وآدبه		المحاكم والمرافعات	متن	مكتبة الباحث العلمي	
qadaa_4439	حقوق الإنسان بعد المحاكمة في الفقه والنظام وتطبيقاتهما في المملكة العربية السعودية		الأنظمة والتشريعات	نظام	مكتبة الباحث العلمي	
qadaa_4489	مقاصد الشريعة من العقوبات التعزيرية وتطبيقاتها القضائية في محاكم المملكة العربية السعودية		المحاكم والمرافعات	متن	مكتبة الباحث العلمي	
qadaa_4553	تقدير دية النفس وما دونها في الفقه الإسلامي وتطبيقاتها في محاكم مدينة الرياض		المحاكم والمرافعات	متن	مكتبة الباحث العلمي	
qadaa_4602	أصول المحاكمات الشرعية		المحاكم والمرافعات	متن	مكتبة الباحث العلمي	
qadaa_4619	إذن القاضي وأثره في التصرفات دراسة فقهية تطبيقية لقانون أحكام الأسرة البحريني مع مقارنة لما عليه العمل في المحاكم السعودية		القضاء الشرعي	بحث	مكتبة الباحث العلمي	
qadaa_4662	اجتهاد القاضي وفتواه ومدى تطبيق ذلك في المحاكم الشرعية وفي قطاع غزة		القضاء الشرعي	متن	مكتبة الباحث العلمي	
qadaa_4683	أحكام العدة في الفقه الإسلامي وماعليه العمل في المحاكم الشرعية الأردنية		المحاكم والمرافعات	متن	مكتبة الباحث العلمي	
qadaa_4711	الإثبات باليمين القضائية وتطبيقاتها في المحاكم الشرعية		المحاكم والمرافعات	متن	مكتبة الباحث العلمي	
qadaa_4751	قضاء المحاكم في مسائل الأوقاف		القضاء الشرعي	متن	مكتبة الباحث العلمي	
qadaa_4770	الحماية الجنائية للجنين في الفقه الإسلامي وتطبيقاتها في اللجان الطبية والمحاكم الشرعية بالرياض		المحاكم والمرافعات	متن	مكتبة الباحث العلمي	
qadaa_4804	القتل بالترك بين الشريعة والقانون دراسة نظرية تطبيقية من واقع سجلات القضايا في بعض المحاكم الشرعية بالمملكة العربية السعودية		الأنظمة والتشريعات	بحث	مكتبة الباحث العلمي	
qadaa_4841	مقومات العدل في رسالة عمر إلى أبي موسى الأشعري وأثرها في القضاء في محاكم المملكة العربية السعودية		القضاء الشرعي	بحث	مكتبة الباحث العلمي	
qadaa_4915	جرائم الشذوذ الجنسي وعقوبتها في الشريعة والقانون دراسة تطبيقية في محاكم منطقة الرياض		الأنظمة والتشريعات	بحث	مكتبة الباحث العلمي	
qadaa_4935	الإرث بالتقدير والاحتياط وتطبيقاته في المحاكم الشرعية الفلسطينية		المحاكم والمرافعات	متن	مكتبة الباحث العلمي	
qadaa_4950	الدفوع الشكلية بين الشريعة و قانون أصول المحاكمات المدنية		الأنظمة والتشريعات	نظام	مكتبة الباحث العلمي	
qadaa_4985	البينة الخطية في الفقه الإسلامي وتطبيقاتها في المحاكم الشرعية بقطاع غزة		المحاكم والمرافعات	متن	مكتبة الباحث العلمي	
qadaa_4986	التحكيم في الشريعة الإسلامية وتطبيقاته في المحاكم الشرعية		المحاكم والمرافعات	متن	مكتبة الباحث العلمي	
qadaa_5006	الحكم الغيابي في الفقه الإسلامي وتطبيقاته في المحاكم الشرعية والنظامية		الأنظمة والتشريعات	نظام	مكتبة الباحث العلمي	
qadaa_5043	المنازعة على أرض الوقف وتطبيقاتها في المحاكم الشرعية بقطاع غزة		المحاكم والمرافعات	متن	مكتبة الباحث العلمي	
qadaa_5071	التفريق بين الزوجين بسبب حبس الزوج في الفقه الإسلامي والمعمول به في المحاكم الشرعية في الضفة الغربية		المحاكم والمرافعات	متن	مكتبة الباحث العلمي	
qadaa_5097	الدعاوى غير المنصوص عليها في قانون الأحوال الشخصية المعمول به في المحاكم الشرعية في قطاع غزة		الأنظمة والتشريعات	نظام	مكتبة الباحث العلمي	
qadaa_5100	أحكام الخلوة في الفقه الإسلامي و تطبيقاتها في المحاكم الشرعية في قطاع غزة		المحاكم والمرافعات	متن	مكتبة الباحث العلمي	
qadaa_5102	الضمانات القضائية للمتخاصمين أمام المحاكم الشرعية في قطاع غزة		المحاكم والمرافعات	متن	مكتبة الباحث العلمي	
qadaa_5175	موانع الميراث في الشريعة الإسلامية وتطبيقاتها في المحاكم الشرعية بقطاع غزة		المحاكم والمرافعات	متن	مكتبة الباحث العلمي	
qadaa_5206	المواريث في الشريعة الإسلامية على المذاهب الأربعة والعمل عليه في المحاكم المصرية		المحاكم والمرافعات	متن	مكتبة الباحث العلمي	
qadaa_5226	أحكام اليتيم المالية في الشريعة الإسلامية وتطبيقاتها في المحاكم الشرعية		المحاكم والمرافعات	متن	مكتبة الباحث العلمي	
qadaa_5254	من لا تجب لهم النفقة في الفقه الإسلامي وتطبيقاتها في المحاكم الشرعية في قطاع غزة		المحاكم والمرافعات	متن	مكتبة الباحث العلمي	
qadaa_5264	القواعد الفقهية وتطبيقاتها في المحاكم الشرعية		المحاكم والمرافعات	متن	مكتبة الباحث العلمي	
qadaa_5287	أحكام الوصاية في الشريعة الإسلامية ومدى تطبيقاتها في المحاكم الشرعية في قطاع غزة		المحاكم والمرافعات	متن	مكتبة الباحث العلمي	
qadaa_5292	رد شهادة العدل و تطبيقاتها في المحاكم الشرعية في قطاع غزة		المحاكم والمرافعات	متن	مكتبة الباحث العلمي	
qadaa_5303	ضمانات المتهم أثناء المحاكمة دراسة مقارنة بين الفقه الإسلامي والقانون الكويتي		الأنظمة والتشريعات	بحث	مكتبة الباحث العلمي	
qadaa_5325	أثر الخلل في عقود النكاح و تطبيقاته في المحاكم الشرعية في قطاع غزة		المحاكم والمرافعات	متن	مكتبة الباحث العلمي	
qadaa_5429	محاكمة الوزراء في الفقه والنظام السعودي		الأنظمة والتشريعات	نظام	مكتبة الباحث العلمي	
qadaa_5441	الاختيارات في المحاكمات		المحاكم والمرافعات	متن	مكتبة الباحث العلمي	
qadaa_5492	القضاء في محاكم الأحوال الشخصية في غامبيا		القضاء الشرعي	متن	مكتبة الباحث العلمي	
qadaa_5513	التفريق بين الزوجين للردة أو إباء الإسلام وتطبيقاتها في المحاكم الشرعية في قطاع غزة		المحاكم والمرافعات	متن	مكتبة الباحث العلمي	
qadaa_5533	ميراث الخنثى في ضوء الحقائق العلمية المعاصرة وتطبيقاتها في المحاكم الشرعية في قطاع غزة		المحاكم والمرافعات	متن	مكتبة الباحث العلمي	
qadaa_5702	حقوق المحضون دراسة حديثية فقهية تطبيقية في المحاكم السعودية		المحاكم والمرافعات	بحث	مكتبة الباحث العلمي	
qadaa_6197	طرق الطعن بالأحكام القضائية وفق قانون أصول المحاكمات الشرعية الأردني		الأنظمة والتشريعات	نظام	مكتبة الباحث العلمي	
qadaa_6544	اختصاصات المحاكم في القضاء العام		القضاء الشرعي	متن	مكتبة الباحث العلمي	
qadaa_6549	استبدال الوقف الذي لم تتعطل منافعه بوقف خير منه في الفقه الإسلامي ونظام المرافعات السعودي مع بيان ما جرى عليه العمل في محاكم مكة المكرمة		الأنظمة والتشريعات	شرح	مكتبة الباحث العلمي	
qadaa_6606	الإثبات بشهادة النساء منفردات وتطبيقاتها في المحاكم الشرعية في قطاع غزة		المحاكم والمرافعات	متن	مكتبة الباحث العلمي	
qadaa_6652	النوازل في فقه الأقليات التحكيم والتحاكم في المحاكم		المحاكم والمرافعات	متن	مكتبة الباحث العلمي	
qadaa_6683	مدى مشروعية قيام المراكز الإسلامية بتطليق المطلقات المسلمات من محاكم غير إسلامية		المحاكم والمرافعات	متن	مكتبة الباحث العلمي	
qadaa_6821	حق المتهم أو الظنين في محاكمة عادلة في قانون المحاكمات الجزائية الأردني		الأنظمة والتشريعات	نظام	مكتبة الباحث العلمي	
qadaa_6898	حجية الأحكام الصادرة بالطلاق من قبل المحاكم الغربية بحق الأقليات الإسلامية		المحاكم والمرافعات	متن	مكتبة الباحث العلمي	
qadaa_6913	محاكم القضاء الشرعي في جمهورية كينيا والتحديات التي تواجهها		القضاء الشرعي	متن	مكتبة الباحث العلمي	
qadaa_6923	إجراءات قسمة التركات في المحاكم		المحاكم والمرافعات	متن	مكتبة الباحث العلمي	
qadaa_7012	تحديد جهة الاختصاص لمحاكمة الإعلاميين		المحاكم والمرافعات	متن	مكتبة الباحث العلمي	
qadaa_7120	أدباء أمام المحاكم الأدب الممنوع عبر أربعة قرون		المحاكم والمرافعات	متن	مكتبة الباحث العلمي	
qadaa_7236	محاكمة الخنثى قصيدة النثر في الخطاب النقدي العراقي		المحاكم والمرافعات	نظم	مكتبة الباحث العلمي	
qadaa_7992	مصر للمصريين محاكمات العربيين		المحاكم والمرافعات	متن	مكتبة الباحث العلمي	
qadaa_8223	قضايا التاريخ الكبرى أو أشهر المحاكمات والجرائم		المحاكم والمرافعات	متن	مكتبة الباحث العلمي	
qadaa_8311	محاكمة الصهيونية الإسرائيلية		المحاكم والمرافعات	متن	مكتبة الباحث العلمي	
qadaa_8654	الحضور الأندلسي بالجزائر في العهد العثماني على ضوء سجلات المحاكم الشرعية		المحاكم والمرافعات	متن	مكتبة الباحث العلمي	
qadaa_8700	محاكمة الشعراوي ما له وما عليه		المحاكم والمرافعات	متن	مكتبة الباحث العلمي	
qadaa_8730	محاكمة جارودي		المحاكم والمرافعات	متن	مكتبة الباحث العلمي	
qadaa_8899	التدابير الشرعية للحد من الطلاق في الفقة الإسلامي وقانون الأحوال الشخصية المعمول به في المحاكم  الشرعية الفلسطينية في القدس والضفة الغربية		الأنظمة والتشريعات	نظام	مكتبة الباحث العلمي	
qadaa_8966	التدابير الشرعية والقضائية للحد من الطلاق وتطبيقاتها في المحاكم الشرعية في قطاع غزة		المحاكم والمرافعات	متن	مكتبة الباحث العلمي	
qadaa_8996	الإشهاد على الطلاق والرجعة وتطبيقاته في المحاكم الشرعية في قطاع غزة		المحاكم والمرافعات	متن	مكتبة الباحث العلمي	
qadaa_9106	التدابير الشرعية والقانونية للحد من الطلاق (لدى المحاكم الشرعية في قطاع غزة )		الأنظمة والتشريعات	نظام	مكتبة الباحث العلمي	
qadaa_9127	الإثبات بشهادة النساء منفردات في الشريعة الإسلامية وتطبيقاتها في المحاكم الشريعة في قطاع غزة		المحاكم والمرافعات	متن	مكتبة الباحث العلمي	
qadaa_9224	نظم العدالة الجنائية في الدول العربية التحقيق والمحاكمة		المحاكم والمرافعات	نظم	مكتبة الباحث العلمي	
qadaa_9267	المساهمة الجنائية في جرائم الحدود والقصاص دراسة تطبيقية على أحكام المحاكم الشريعة بالرياض		المحاكم والمرافعات	بحث	مكتبة الباحث العلمي	
qadaa_9268	نظم العدالة الجنائية في الدول العربية المراحل السابقة على المحاكمة		المحاكم والمرافعات	نظم	مكتبة الباحث العلمي	
qadaa_9935	محاكمة دمنة		المحاكم والمرافعات	متن	مكتبة الباحث العلمي	
qadaa_10007	الحسبة وتطبيقاتها في المحاكم الشرعية		المحاكم والمرافعات	متن	مكتبة الباحث العلمي	
qadaa_10345	الاشهاد على الطلاق والرجعة وتطبيقاتها في المحاكم الشرعية في قطاع غزة		المحاكم والمرافعات	متن	مكتبة الباحث العلمي	
qadaa_10884	عقوبة الصلب في الفقه الإسلامي وتطبيقاتها في المحاكم الشرعية	عبد السلام بن عبد الله بن متعب الغامدي	المحاكم والمرافعات	متن	مكتبة الباحث العلمي	
qadaa_10906	القواعد الفقهية المتعلقة بتكوين الضمان مع تطبيقات قضائية من المحاكم الشرعية	يحيى بن حمد بن بطي النعيمي	المحاكم والمرافعات	متن	مكتبة الباحث العلمي	
qadaa_10954	الأحكام الفقهية المتعلقة بمجلس التقاضي وتطبيقاتها في محاكم المملكة العربية السعودية	ناصر بن محمد بن محسن القرني	القضاء الشرعي	متن	مكتبة الباحث العلمي	
qadaa_10955	الأحكام الفقهية لمنازعات المعاهدين وتطبيقاتها القضائية في محاكم المملكة	عبد العالي بن عبد الله الحلفي المطيري	المحاكم والمرافعات	متن	مكتبة الباحث العلمي	
qadaa_11103	حقوق المجني عليه في مرحلتي التحقيق والمحاكمة دراسة مقارنة بين الشريعة والنظام	عبيد بن فرحان سعود السحيمي	الأنظمة والتشريعات	بحث	مكتبة الباحث العلمي	
qadaa_11175	تاريخ دمشق الاجتماعي والاقتصادي والعمراني من خلال سجلات محاكم شرعية دمشق 1170-1137ھ - محمد غسان عبيد_	محمد غسان عبيد	المحاكم والمرافعات	متن	مكتبة الباحث العلمي	
qadaa_11223	الحق أن المستحق للمحاكمة هو تركي الحمد	عبد المحسن بن حمد العباد البدر	المحاكم والمرافعات	متن	مكتبة الباحث العلمي	
qadaa_11293	جلاء العينين في محاكمة الأحمدين- داود بن عثمان- دكتوراة		المحاكم والمرافعات	متن	مكتبة الباحث العلمي	
qadaa_11316	التأثير على إرادة المتهم في مرحلتي التحقيق والمحاكمة - سعد بخيت - ماجستير		المحاكم والمرافعات	متن	مكتبة الباحث العلمي	
qadaa_11518	المحاكم العقارية	فوزان بن عبد الله الفوزان@ د. أحمد بن عبد الله الجعفري@ د. عبد الرحمن بن منصور السدرة@ د. وليد بن سليمان التويجري@ فهد بن إبراهيم قاسم	المحاكم والمرافعات	بحث	موقع بحوث	https://www.buhooth.link:8080/data/journals/%D8%A7%D9%84%D9%85%D8%AC%D9%84%D8%A9%20%D8%A7%D9%84%D9%82%D8%B6%D8%A7%D8%A6%D9%8A%D8%A9%20-%20%D9%88%D8%B2%D8%A7%D8%B1%D8%A9%20%D8%A7%D9%84%D8%B9%D8%AF%D9%84%20(%D8%A7%D9%84%D8%B3%D8%B9%D9%88%D8%AF%D9%8A%D8%A9)/3/12%20%D8%A7%D9%84%D9%85%D8%AD%D8%A7%D9%83%D9%85%20%D8%A7%D9%84%D8%B9%D9%82%D8%A7%D8%B1%D9%8A%D8%A9.pdf
qadaa_11521	المحاكم الجنائية الدولية: اختصاصها، ومهامها	د. علي بن فايز الشهري	المحاكم والمرافعات	بحث	موقع بحوث	https://www.buhooth.link:8080/data/journals/%D8%A7%D9%84%D9%85%D8%AC%D9%84%D8%A9%20%D8%A7%D9%84%D9%82%D8%B6%D8%A7%D8%A6%D9%8A%D8%A9%20-%20%D9%88%D8%B2%D8%A7%D8%B1%D8%A9%20%D8%A7%D9%84%D8%B9%D8%AF%D9%84%20(%D8%A7%D9%84%D8%B3%D8%B9%D9%88%D8%AF%D9%8A%D8%A9)/3/8%20%D8%A7%D9%84%D9%85%D8%AD%D8%A7%D9%83%D9%85%20%D8%A7%D9%84%D8%AC%D9%86%D8%A7%D8%A6%D9%8A%D8%A9%20%D8%A7%D9%84%D8%AF%D9%88%D9%84%D9%8A%D8%A9$%20%D8%A7%D8%AE%D8%AA%D8%B5%D8%A7%D8%B5%D9%87%D8%A7%D8%8C%20%D9%88%D9%85%D9%87%D8%A7%D9%85%D9%87%D8%A7.pdf
qadaa_11533	إشكاليات تدعيم مبدأ أصل البراءة في مرحلة المحاكمة	د. أحمد لطفي السيد مرعي	المحاكم والمرافعات	بحث	موقع بحوث	https://www.buhooth.link:8080/data/journals/%D8%A7%D9%84%D9%85%D8%AC%D9%84%D8%A9%20%D8%A7%D9%84%D9%82%D8%B6%D8%A7%D8%A6%D9%8A%D8%A9%20-%20%D9%88%D8%B2%D8%A7%D8%B1%D8%A9%20%D8%A7%D9%84%D8%B9%D8%AF%D9%84%20(%D8%A7%D9%84%D8%B3%D8%B9%D9%88%D8%AF%D9%8A%D8%A9)/6/2%20%D8%A5%D8%B4%D9%83%D8%A7%D9%84%D9%8A%D8%A7%D8%AA%20%D8%AA%D8%AF%D8%B9%D9%8A%D9%85%20%D9%85%D8%A8%D8%AF%D8%A3%20%D8%A3%D8%B5%D9%84%20%D8%A7%D9%84%D8%A8%D8%B1%D8%A7%D8%A1%D8%A9%20%D9%81%D9%8A%20%D9%85%D8%B1%D8%AD%D9%84%D8%A9%20%D8%A7%D9%84%D9%85%D8%AD%D8%A7%D9%83%D9%85%D8%A9.pdf
qadaa_11734	محاكمة الغماري وابن عاشور في حديث: (مدينة العلم)	أ. د. أحمد بن علي الحندودي الغامدي	المحاكم والمرافعات	بحث	موقع بحوث	https://www.buhooth.link:8080/data/journals/%D9%85%D8%AC%D9%84%D8%A9%20%D8%A7%D9%84%D8%AC%D8%A7%D9%85%D8%B9%D8%A9%20%D8%A7%D9%84%D8%A5%D8%B3%D9%84%D8%A7%D9%85%D9%8A%D8%A9%20%D9%84%D9%84%D8%B9%D9%84%D9%88%D9%85%20%D8%A7%D9%84%D8%B4%D8%B1%D8%B9%D9%8A%D8%A9%20(%D8%A7%D9%84%D8%B3%D8%B9%D9%88%D8%AF%D9%8A%D8%A9)/188/%D8%A7%D9%84%D8%AC%D8%B2%D8%A1%20%D8%A7%D9%84%D8%A3%D9%88%D9%84/7%20%D9%85%D8%AD%D8%A7%D9%83%D9%85%D8%A9%20%D8%A7%D9%84%D8%BA%D9%85%D8%A7%D8%B1%D9%8A%20%D9%88%D8%A7%D8%A8%D9%86%20%D8%B9%D8%A7%D8%B4%D9%88%D8%B1%20%D9%81%D9%8A%20%D8%AD%D8%AF%D9%8A%D8%AB$%20(%D9%85%D8%AF%D9%8A%D9%86%D8%A9%20%D8%A7%D9%84%D8%B9%D9%84%D9%85).pdf
qadaa_11802	الآثار النّظاميّة المترتّبة على قيمة المطالبات الماليّة وفقاً لنظام المحاكم التّجاريّة	أ. د. أحمد بن عبد العزيز بن شبيب	الأنظمة والتشريعات	بحث	موقع بحوث	https://www.buhooth.link:8080/data/journals/%D9%85%D8%AC%D9%84%D8%A9%20%D8%A7%D9%84%D8%AC%D8%A7%D9%85%D8%B9%D8%A9%20%D8%A7%D9%84%D8%A5%D8%B3%D9%84%D8%A7%D9%85%D9%8A%D8%A9%20%D9%84%D9%84%D8%B9%D9%84%D9%88%D9%85%20%D8%A7%D9%84%D8%B4%D8%B1%D8%B9%D9%8A%D8%A9%20(%D8%A7%D9%84%D8%B3%D8%B9%D9%88%D8%AF%D9%8A%D8%A9)/200/%D8%A7%D9%84%D8%AC%D8%B2%D8%A1%20%D8%A7%D9%84%D8%AB%D8%A7%D9%86%D9%8A/13%20%D8%A7%D9%84%D8%A2%D8%AB%D8%A7%D8%B1%20%D8%A7%D9%84%D9%86%D9%91%D8%B8%D8%A7%D9%85%D9%8A%D9%91%D8%A9%20%D8%A7%D9%84%D9%85%D8%AA%D8%B1%D8%AA%D9%91%D8%A8%D8%A9%20%D8%B9%D9%84%D9%89%20%D9%82%D9%8A%D9%85%D8%A9%20%D8%A7%D9%84%D9%85%D8%B7%D8%A7%D9%84%D8%A8%D8%A7%D8%AA%20%D8%A7%D9%84%D9%85%D8%A7%D9%84%D9%8A%D9%91%D8%A9%20%D9%88%D9%81%D9%82%D8%A7%D9%8B%20%D9%84%D9%86%D8%B8%D8%A7%D9%85%20%D8%A7%D9%84%D9%85%D8%AD%D8%A7%D9%83%D9%85%20%D8%A7%D9%84%D8%AA%D9%91%D8%AC%D8%A7%D8%B1%D9%8A%D9%91%D8%A9.pdf
qadaa_11927	إيجاز الإطناب: مناقدةٌ بلاغيةٌ ومحاكمةٌ عقليةٌ	د. هاني بن عبيد الله الصاعدي	المحاكم والمرافعات	بحث	موقع بحوث	https://www.buhooth.link:8080/data/journals/%D9%85%D8%AC%D9%84%D8%A9%20%D8%A7%D9%84%D8%AC%D8%A7%D9%85%D8%B9%D8%A9%20%D8%A7%D9%84%D8%A5%D8%B3%D9%84%D8%A7%D9%85%D9%8A%D8%A9%20%D9%84%D9%84%D8%BA%D8%A9%20%D8%A7%D9%84%D8%B9%D8%B1%D8%A8%D9%8A%D8%A9%20%D9%88%D8%A2%D8%AF%D8%A7%D8%A8%D9%87%D8%A7%20(%D8%A7%D9%84%D8%B3%D8%B9%D9%88%D8%AF%D9%8A%D8%A9)/6/%D8%A7%D9%84%D8%AC%D8%B2%D8%A1%20%D8%A7%D9%84%D8%AB%D8%A7%D9%86%D9%8A/8%20%D8%A5%D9%8A%D8%AC%D8%A7%D8%B2%20%D8%A7%D9%84%D8%A5%D8%B7%D9%86%D8%A7%D8%A8$%20%D9%85%D9%86%D8%A7%D9%82%D8%AF%D8%A9%D9%8C%20%D8%A8%D9%84%D8%A7%D8%BA%D9%8A%D8%A9%D9%8C%20%D9%88%D9%85%D8%AD%D8%A7%D9%83%D9%85%D8%A9%D9%8C%20%D8%B9%D9%82%D9%84%D9%8A%D8%A9%D9%8C.pdf
qadaa_12232	انحراف الأحداث: الأسباب، والعلاج، والمحاكمة	عبد الله بن عبد الرحمن الدويش	المحاكم والمرافعات	بحث	موقع بحوث	https://www.buhooth.link:8080/data/journals/%D9%85%D8%AC%D9%84%D8%A9%20%D8%A7%D9%84%D8%B9%D8%AF%D9%84%20-%20%D9%88%D8%B2%D8%A7%D8%B1%D8%A9%20%D8%A7%D9%84%D8%B9%D8%AF%D9%84%20(%D8%A7%D9%84%D8%B3%D8%B9%D9%88%D8%AF%D9%8A%D8%A9)/30/2%20%D8%A7%D9%86%D8%AD%D8%B1%D8%A7%D9%81%20%D8%A7%D9%84%D8%A3%D8%AD%D8%AF%D8%A7%D8%AB$%20%D8%A7%D9%84%D8%A3%D8%B3%D8%A8%D8%A7%D8%A8%D8%8C%20%D9%88%D8%A7%D9%84%D8%B9%D9%84%D8%A7%D8%AC%D8%8C%20%D9%88%D8%A7%D9%84%D9%85%D8%AD%D8%A7%D9%83%D9%85%D8%A9.pdf
qadaa_12240	المترجم في المحاكم الشرعية: شروطه، وآدابه	عائض بن أحمد آل مدرة	المحاكم والمرافعات	بحث	موقع بحوث	https://www.buhooth.link:8080/data/journals/%D9%85%D8%AC%D9%84%D8%A9%20%D8%A7%D9%84%D8%B9%D8%AF%D9%84%20-%20%D9%88%D8%B2%D8%A7%D8%B1%D8%A9%20%D8%A7%D9%84%D8%B9%D8%AF%D9%84%20(%D8%A7%D9%84%D8%B3%D8%B9%D9%88%D8%AF%D9%8A%D8%A9)/39/6%20%D8%A7%D9%84%D9%85%D8%AA%D8%B1%D8%AC%D9%85%20%D9%81%D9%8A%20%D8%A7%D9%84%D9%85%D8%AD%D8%A7%D9%83%D9%85%20%D8%A7%D9%84%D8%B4%D8%B1%D8%B9%D9%8A%D8%A9$%20%D8%B4%D8%B1%D9%88%D8%B7%D9%87%D8%8C%20%D9%88%D8%A2%D8%AF%D8%A7%D8%A8%D9%87.pdf
qadaa_12271	الاختصاص النوعي للمحاكم التجارية في ضوء نص المادة 35 من نظام المرافعات الشرعية (الصادر بالمرسوم الملكي رقم م/34 في 24/5/1435هـ)	د. أحمد بن صالح مخلوف	الأنظمة والتشريعات	بحث	موقع بحوث	https://www.buhooth.link:8080/data/journals/%D9%85%D8%AC%D9%84%D8%A9%20%D8%A7%D9%84%D8%B9%D8%AF%D9%84%20-%20%D9%88%D8%B2%D8%A7%D8%B1%D8%A9%20%D8%A7%D9%84%D8%B9%D8%AF%D9%84%20(%D8%A7%D9%84%D8%B3%D8%B9%D9%88%D8%AF%D9%8A%D8%A9)/66/3%20%D8%A7%D9%84%D8%A7%D8%AE%D8%AA%D8%B5%D8%A7%D8%B5%20%D8%A7%D9%84%D9%86%D9%88%D8%B9%D9%8A%20%D9%84%D9%84%D9%85%D8%AD%D8%A7%D9%83%D9%85%20%D8%A7%D9%84%D8%AA%D8%AC%D8%A7%D8%B1%D9%8A%D8%A9%20%D9%81%D9%8A%20%D8%B6%D9%88%D8%A1%20...%20%D8%A8%D8%A7%D9%84%D9%85%D8%B1%D8%B3%D9%88%D9%85%20%D8%A7%D9%84%D9%85%D9%84%D9%83%D9%8A%20%D8%B1%D9%82%D9%85%20%D9%85&34%20%D9%81%D9%8A%2024&5&1435%D9%87%D9%80).pdf
qadaa_12453	الحدود القانونية لاختصاص المحاكم الإدارية بين التوسع والتضييق: دراسةٌ مقارنةٌ بين كل من فرنسا ومصر والمملكة العربية السعودية	د. إكرامي بسيوني عبد الحي	الأنظمة والتشريعات	بحث	موقع بحوث	https://www.buhooth.link:8080/data/journals/%D9%85%D8%AC%D9%84%D8%A9%20%D8%A7%D9%84%D8%B9%D9%84%D9%88%D9%85%20%D8%A7%D9%84%D8%B4%D8%B1%D8%B9%D9%8A%D8%A9%20-%20%D8%AC%D8%A7%D9%85%D8%B9%D8%A9%20%D8%A7%D9%84%D9%82%D8%B5%D9%8A%D9%85%20(%D8%A7%D9%84%D8%B3%D8%B9%D9%88%D8%AF%D9%8A%D8%A9)/10/1/8%20%D8%A7%D9%84%D8%AD%D8%AF%D9%88%D8%AF%20%D8%A7%D9%84%D9%82%D8%A7%D9%86%D9%88%D9%86%D9%8A%D8%A9%20%D9%84%D8%A7%D8%AE%D8%AA%D8%B5%D8%A7%D8%B5%20%D8%A7%D9%84%D9%85%D8%AD%D8%A7%D9%83%D9%85%20%D8%A7%D9%84%D8%A5%D8%AF%D8%A7%D8%B1%D9%8A%D8%A9%20%D8%A8%D9%8A%D9%86%20...%20%D9%85%D9%86%20%D9%81%D8%B1%D9%86%D8%B3%D8%A7%20%D9%88%D9%85%D8%B5%D8%B1%20%D9%88%D8%A7%D9%84%D9%85%D9%85%D9%84%D9%83%D8%A9%20%D8%A7%D9%84%D8%B9%D8%B1%D8%A8%D9%8A%D8%A9%20%D8%A7%D9%84%D8%B3%D8%B9%D9%88%D8%AF%D9%8A%D8%A9.pdf
qadaa_12616	الدفع بعدم الاختصاص النوعي أمام المحاكم التجارية في الفقه الإسلامي ونظام المرافعات الشرعية: دراسةٌ مقارنةٌ	أ. د. يوسف بن عبد الله الخضير	الأنظمة والتشريعات	بحث	موقع بحوث	https://www.buhooth.link:8080/data/journals/%D9%85%D8%AC%D9%84%D8%A9%20%D8%A7%D9%84%D8%B9%D9%84%D9%88%D9%85%20%D8%A7%D9%84%D8%B4%D8%B1%D8%B9%D9%8A%D8%A9%20-%20%D8%AC%D8%A7%D9%85%D8%B9%D8%A9%20%D8%A7%D9%84%D9%82%D8%B5%D9%8A%D9%85%20(%D8%A7%D9%84%D8%B3%D8%B9%D9%88%D8%AF%D9%8A%D8%A9)/8/1/8%20%D8%A7%D9%84%D8%AF%D9%81%D8%B9%20%D8%A8%D8%B9%D8%AF%D9%85%20%D8%A7%D9%84%D8%A7%D8%AE%D8%AA%D8%B5%D8%A7%D8%B5%20%D8%A7%D9%84%D9%86%D9%88%D8%B9%D9%8A%20%D8%A3%D9%85%D8%A7%D9%85%20%D8%A7%D9%84%D9%85%D8%AD%D8%A7%D9%83%D9%85%20...%20%D8%A7%D9%84%D8%A5%D8%B3%D9%84%D8%A7%D9%85%D9%8A%20%D9%88%D9%86%D8%B8%D8%A7%D9%85%20%D8%A7%D9%84%D9%85%D8%B1%D8%A7%D9%81%D8%B9%D8%A7%D8%AA%20%D8%A7%D9%84%D8%B4%D8%B1%D8%B9%D9%8A%D8%A9$%20%D8%AF%D8%B1%D8%A7%D8%B3%D8%A9%D9%8C%20%D9%85%D9%82%D8%A7%D8%B1%D9%86%D8%A9%D9%8C.pdf
qadaa_12912	المركز القانونيّ للمصلح في المحاكم السّعوديّة	د. سالم بن راشد العزيزي	الأنظمة والتشريعات	بحث	موقع بحوث	https://www.buhooth.link:8080/data/journals/%D9%85%D8%AC%D9%84%D8%A9%20%D8%AC%D8%A7%D9%85%D8%B9%D8%A9%20%D8%A3%D9%85%20%D8%A7%D9%84%D9%82%D8%B1%D9%89%20%D9%84%D8%B9%D9%84%D9%88%D9%85%20%D8%A7%D9%84%D8%B4%D8%B1%D9%8A%D8%B9%D8%A9%20%D9%88%D8%A7%D9%84%D8%AF%D8%B1%D8%A7%D8%B3%D8%A7%D8%AA%20%D8%A7%D9%84%D8%A5%D8%B3%D9%84%D8%A7%D9%85%D9%8A%D8%A9%20(%D8%A7%D9%84%D8%B3%D8%B9%D9%88%D8%AF%D9%8A%D8%A9)/92/14%20%D8%A7%D9%84%D9%85%D8%B1%D9%83%D8%B2%20%D8%A7%D9%84%D9%82%D8%A7%D9%86%D9%88%D9%86%D9%8A%D9%91%20%D9%84%D9%84%D9%85%D8%B5%D9%84%D8%AD%20%D9%81%D9%8A%20%D8%A7%D9%84%D9%85%D8%AD%D8%A7%D9%83%D9%85%20%D8%A7%D9%84%D8%B3%D9%91%D8%B9%D9%88%D8%AF%D9%8A%D9%91%D8%A9.pdf
qadaa_13055	البصمة الوراثية: ضوابطها، حجيتها، ومجالاتها: دراسةٌ فقهيةٌ مقارنةٌ بقانون أصول المحاكمات الجزائية الأردني رقم (9) لسنة 1961م وتعديلاته، والمعدل رقم (32)		الأنظمة والتشريعات	بحث	موقع بحوث	https://www.buhooth.link:8080/data/journals/%D9%85%D8%AC%D9%84%D8%A9%20%D8%AC%D8%A7%D9%85%D8%B9%D8%A9%20%D8%A7%D9%84%D8%B4%D8%A7%D8%B1%D9%82%D8%A9%20%D9%84%D9%84%D8%B9%D9%84%D9%88%D9%85%20%D8%A7%D9%84%D8%B4%D8%B1%D8%B9%D9%8A%D8%A9%20%D9%88%D8%A7%D9%84%D8%AF%D8%B1%D8%A7%D8%B3%D8%A7%D8%AA%20%D8%A7%D9%84%D8%A5%D8%B3%D9%84%D8%A7%D9%85%D9%8A%D8%A9%20(%D8%A7%D9%84%D8%A5%D9%85%D8%A7%D8%B1%D8%A7%D8%AA)/19/3/2%20%D8%A7%D9%84%D8%A8%D8%B5%D9%85%D8%A9%20%D8%A7%D9%84%D9%88%D8%B1%D8%A7%D8%AB%D9%8A%D8%A9$%20%D8%B6%D9%88%D8%A7%D8%A8%D8%B7%D9%87%D8%A7%D8%8C%20%D8%AD%D8%AC%D9%8A%D8%AA%D9%87%D8%A7%D8%8C%20%D9%88%D9%85%D8%AC%D8%A7%D9%84%D8%A7%D8%AA%D9%87%D8%A7$%20%D8%AF%D8%B1%D8%A7%D8%B3%D8%A9%D9%8C%20...%20%D9%84%D8%B3%D9%86%D8%A9%201961%D9%85%20%D9%88%D8%AA%D8%B9%D8%AF%D9%8A%D9%84%D8%A7%D8%AA%D9%87%D8%8C%20%D9%88%D8%A7%D9%84%D9%85%D8%B9%D8%AF%D9%84%20%D8%B1%D9%82%D9%85%20(32).pdf
qadaa_13061	الدفع بعدم أداء الرسم القانوني للدعوى في المحاكم الشرعية الأردنية: دراسةٌ فقهيةٌ قانونيةٌ تطبيقيةٌ	د. محمد علي محمد العمري	الأنظمة والتشريعات	بحث	موقع بحوث	https://www.buhooth.link:8080/data/journals/%D9%85%D8%AC%D9%84%D8%A9%20%D8%AC%D8%A7%D9%85%D8%B9%D8%A9%20%D8%A7%D9%84%D8%B4%D8%A7%D8%B1%D9%82%D8%A9%20%D9%84%D9%84%D8%B9%D9%84%D9%88%D9%85%20%D8%A7%D9%84%D8%B4%D8%B1%D8%B9%D9%8A%D8%A9%20%D9%88%D8%A7%D9%84%D8%AF%D8%B1%D8%A7%D8%B3%D8%A7%D8%AA%20%D8%A7%D9%84%D8%A5%D8%B3%D9%84%D8%A7%D9%85%D9%8A%D8%A9%20(%D8%A7%D9%84%D8%A5%D9%85%D8%A7%D8%B1%D8%A7%D8%AA)/19/4/9%20%D8%A7%D9%84%D8%AF%D9%81%D8%B9%20%D8%A8%D8%B9%D8%AF%D9%85%20%D8%A3%D8%AF%D8%A7%D8%A1%20%D8%A7%D9%84%D8%B1%D8%B3%D9%85%20%D8%A7%D9%84%D9%82%D8%A7%D9%86%D9%88%D9%86%D9%8A%20%D9%84%D9%84%D8%AF%D8%B9%D9%88%D9%89%20...%20%D8%A7%D9%84%D8%B4%D8%B1%D8%B9%D9%8A%D8%A9%20%D8%A7%D9%84%D8%A3%D8%B1%D8%AF%D9%86%D9%8A%D8%A9$%20%D8%AF%D8%B1%D8%A7%D8%B3%D8%A9%D9%8C%20%D9%81%D9%82%D9%87%D9%8A%D8%A9%D9%8C%20%D9%82%D8%A7%D9%86%D9%88%D9%86%D9%8A%D8%A9%D9%8C%20%D8%AA%D8%B7%D8%A8%D9%8A%D9%82%D9%8A%D8%A9%D9%8C.pdf
qadaa_13064	قضايا المطالبة بالأموال المكتسبة أثناء الزواج في هيئة تطوير الأراضي الاتحادية (FELDA) في المحاكم الشرعية العليا بماليزيا: دراسةٌ تحليليةٌ	د. عبد الباري بن اوانج@ د. سيتي نورهداية محمد طاهر@ د. ميسزيري سيتيريس	المحاكم والمرافعات	بحث	موقع بحوث	https://www.buhooth.link:8080/data/journals/%D9%85%D8%AC%D9%84%D8%A9%20%D8%AC%D8%A7%D9%85%D8%B9%D8%A9%20%D8%A7%D9%84%D8%B4%D8%A7%D8%B1%D9%82%D8%A9%20%D9%84%D9%84%D8%B9%D9%84%D9%88%D9%85%20%D8%A7%D9%84%D8%B4%D8%B1%D8%B9%D9%8A%D8%A9%20%D9%88%D8%A7%D9%84%D8%AF%D8%B1%D8%A7%D8%B3%D8%A7%D8%AA%20%D8%A7%D9%84%D8%A5%D8%B3%D9%84%D8%A7%D9%85%D9%8A%D8%A9%20(%D8%A7%D9%84%D8%A5%D9%85%D8%A7%D8%B1%D8%A7%D8%AA)/20/1/15%20%D9%82%D8%B6%D8%A7%D9%8A%D8%A7%20%D8%A7%D9%84%D9%85%D8%B7%D8%A7%D9%84%D8%A8%D8%A9%20%D8%A8%D8%A7%D9%84%D8%A3%D9%85%D9%88%D8%A7%D9%84%20%D8%A7%D9%84%D9%85%D9%83%D8%AA%D8%B3%D8%A8%D8%A9%20%D8%A3%D8%AB%D9%86%D8%A7%D8%A1%20%D8%A7%D9%84%D8%B2%D9%88%D8%A7%D8%AC%20...%20%D8%A7%D9%84%D9%85%D8%AD%D8%A7%D9%83%D9%85%20%D8%A7%D9%84%D8%B4%D8%B1%D8%B9%D9%8A%D8%A9%20%D8%A7%D9%84%D8%B9%D9%84%D9%8A%D8%A7%20%D8%A8%D9%85%D8%A7%D9%84%D9%8A%D8%B2%D9%8A%D8%A7$%20%D8%AF%D8%B1%D8%A7%D8%B3%D8%A9%D9%8C%20%D8%AA%D8%AD%D9%84%D9%8A%D9%84%D9%8A%D8%A9%D9%8C.pdf
qadaa_13112	أثر التقادم في إثبات الحدود وتنفيذها: دراسةٌ فقهيةٌ مقارنةٌ بقانون أصول المحاكمات الجزائية الأردني	د. رائد بن علي الكردي@ د. أسامة بن حسن الربابعة	الأنظمة والتشريعات	بحث	موقع بحوث	https://www.buhooth.link:8080/data/journals/%D9%85%D8%AC%D9%84%D8%A9%20%D8%AC%D8%A7%D9%85%D8%B9%D8%A9%20%D8%A7%D9%84%D8%B4%D8%A7%D8%B1%D9%82%D8%A9%20%D9%84%D9%84%D8%B9%D9%84%D9%88%D9%85%20%D8%A7%D9%84%D8%B4%D8%B1%D8%B9%D9%8A%D8%A9%20%D9%88%D8%A7%D9%84%D9%82%D8%A7%D9%86%D9%88%D9%86%D9%8A%D8%A9%20(%D8%A7%D9%84%D8%A5%D9%85%D8%A7%D8%B1%D8%A7%D8%AA)/13/2/2%20%D8%A3%D8%AB%D8%B1%20%D8%A7%D9%84%D8%AA%D9%82%D8%A7%D8%AF%D9%85%20%D9%81%D9%8A%20%D8%A5%D8%AB%D8%A8%D8%A7%D8%AA%20%D8%A7%D9%84%D8%AD%D8%AF%D9%88%D8%AF%20%D9%88%D8%AA%D9%86%D9%81%D9%8A%D8%B0%D9%87%D8%A7$%20...%20%D9%85%D9%82%D8%A7%D8%B1%D9%86%D8%A9%D9%8C%20%D8%A8%D9%82%D8%A7%D9%86%D9%88%D9%86%20%D8%A3%D8%B5%D9%88%D9%84%20%D8%A7%D9%84%D9%85%D8%AD%D8%A7%D9%83%D9%85%D8%A7%D8%AA%20%D8%A7%D9%84%D8%AC%D8%B2%D8%A7%D8%A6%D9%8A%D8%A9%20%D8%A7%D9%84%D8%A3%D8%B1%D8%AF%D9%86%D9%8A.pdf
qadaa_13317	القواعد الفقهية التي استندت إليها الأحكام القضائية: دراسةٌ تأصيليةٌ تطبيقيةٌ على بعض قضايا المحاكم العامة	د. مشاعل بنت نغيمش الحربي	المحاكم والمرافعات	بحث	موقع بحوث	https://www.buhooth.link:8080/data/journals/%D9%85%D8%AC%D9%84%D8%A9%20%D8%AC%D8%A7%D9%85%D8%B9%D8%A9%20%D8%A8%D9%8A%D8%B4%D8%A9%20%D9%84%D9%84%D8%B9%D9%84%D9%88%D9%85%20%D8%A7%D9%84%D8%A5%D9%86%D8%B3%D8%A7%D9%86%D9%8A%D8%A9%20(%D8%A7%D9%84%D8%B3%D8%B9%D9%88%D8%AF%D9%8A%D8%A9)/4/20%20%D8%A7%D9%84%D9%82%D9%88%D8%A7%D8%B9%D8%AF%20%D8%A7%D9%84%D9%81%D9%82%D9%87%D9%8A%D8%A9%20%D8%A7%D9%84%D8%AA%D9%8A%20%D8%A7%D8%B3%D8%AA%D9%86%D8%AF%D8%AA%20%D8%A5%D9%84%D9%8A%D9%87%D8%A7%20%D8%A7%D9%84%D8%A3%D8%AD%D9%83%D8%A7%D9%85%20...%20%D8%AA%D8%B7%D8%A8%D9%8A%D9%82%D9%8A%D8%A9%D9%8C%20%D8%B9%D9%84%D9%89%20%D8%A8%D8%B9%D8%B6%20%D9%82%D8%B6%D8%A7%D9%8A%D8%A7%20%D8%A7%D9%84%D9%85%D8%AD%D8%A7%D9%83%D9%85%20%D8%A7%D9%84%D8%B9%D8%A7%D9%85%D8%A9.pdf
qadaa_13398	تغليظ اليمين وتطبيقاته في المحاكم الشرعية (المحكمة العامة بالطائف أنموذجاً): دراسةٌ فقهيةٌ تطبيقةٌ	د. خالد بن حسن الحارثي	المحاكم والمرافعات	بحث	موقع بحوث	https://www.buhooth.link:8080/data/journals/%D9%85%D8%AC%D9%84%D8%A9%20%D8%AC%D8%A7%D9%85%D8%B9%D8%A9%20%D8%B7%D9%8A%D8%A8%D8%A9%20%D9%84%D9%84%D8%A2%D8%AF%D8%A7%D8%A8%20%D9%88%D8%A7%D9%84%D8%B9%D9%84%D9%88%D9%85%20%D8%A7%D9%84%D8%A5%D9%86%D8%B3%D8%A7%D9%86%D9%8A%D8%A9%20(%D8%A7%D9%84%D8%B3%D8%B9%D9%88%D8%AF%D9%8A%D8%A9)/5/3%20%D8%AA%D8%BA%D9%84%D9%8A%D8%B8%20%D8%A7%D9%84%D9%8A%D9%85%D9%8A%D9%86%20%D9%88%D8%AA%D8%B7%D8%A8%D9%8A%D9%82%D8%A7%D8%AA%D9%87%20%D9%81%D9%8A%20%D8%A7%D9%84%D9%85%D8%AD%D8%A7%D9%83%D9%85%20%D8%A7%D9%84%D8%B4%D8%B1%D8%B9%D9%8A%D8%A9%20...%20%D8%A7%D9%84%D8%B9%D8%A7%D9%85%D8%A9%20%D8%A8%D8%A7%D9%84%D8%B7%D8%A7%D8%A6%D9%81%20%D8%A3%D9%86%D9%85%D9%88%D8%B0%D8%AC%D8%A7%D9%8B)$%20%D8%AF%D8%B1%D8%A7%D8%B3%D8%A9%D9%8C%20%D9%81%D9%82%D9%87%D9%8A%D8%A9%D9%8C%20%D8%AA%D8%B7%D8%A8%D9%8A%D9%82%D8%A9%D9%8C.pdf
qadaa_13437	المستحدث في الاختصاص القضائي للمحاكم التجارية وفقاً لأنظمة المملكة العربية السعودية: دراسةٌ قانونيةٌ تحليليةٌ	د. أحمد بن عبد الرحمن المجالي	الأنظمة والتشريعات	بحث	موقع بحوث	https://www.buhooth.link:8080/data/journals/%D9%85%D8%AC%D9%84%D8%A9%20%D9%82%D8%B6%D8%A7%D8%A1%20(%D8%A7%D9%84%D8%B3%D8%B9%D9%88%D8%AF%D9%8A%D8%A9)/11/4%20%D8%A7%D9%84%D9%85%D8%B3%D8%AA%D8%AD%D8%AF%D8%AB%20%D9%81%D9%8A%20%D8%A7%D9%84%D8%A7%D8%AE%D8%AA%D8%B5%D8%A7%D8%B5%20%D8%A7%D9%84%D9%82%D8%B6%D8%A7%D8%A6%D9%8A%20%D9%84%D9%84%D9%85%D8%AD%D8%A7%D9%83%D9%85%20%D8%A7%D9%84%D8%AA%D8%AC%D8%A7%D8%B1%D9%8A%D8%A9%20...%20%D8%A7%D9%84%D9%85%D9%85%D9%84%D9%83%D8%A9%20%D8%A7%D9%84%D8%B9%D8%B1%D8%A8%D9%8A%D8%A9%20%D8%A7%D9%84%D8%B3%D8%B9%D9%88%D8%AF%D9%8A%D8%A9$%20%D8%AF%D8%B1%D8%A7%D8%B3%D8%A9%D9%8C%20%D9%82%D8%A7%D9%86%D9%88%D9%86%D9%8A%D8%A9%D9%8C%20%D8%AA%D8%AD%D9%84%D9%8A%D9%84%D9%8A%D8%A9%D9%8C.pdf
qadaa_13467	عزل القاضي لناظر الوقف: دراسةً فقهيةً تطبيقيةً في محاكم المملكة العربية السعودية	أ. د. ماهر بن عبد الغني الحربي	القضاء الشرعي	بحث	موقع بحوث	https://www.buhooth.link:8080/data/journals/%D9%85%D8%AC%D9%84%D8%A9%20%D9%82%D8%B6%D8%A7%D8%A1%20(%D8%A7%D9%84%D8%B3%D8%B9%D9%88%D8%AF%D9%8A%D8%A9)/19/6%20%D8%B9%D8%B2%D9%84%20%D8%A7%D9%84%D9%82%D8%A7%D8%B6%D9%8A%20%D9%84%D9%86%D8%A7%D8%B8%D8%B1%20%D8%A7%D9%84%D9%88%D9%82%D9%81$%20%D8%AF%D8%B1%D8%A7%D8%B3%D8%A9%D9%8B%20%D9%81%D9%82%D9%87%D9%8A%D8%A9%D9%8B%20%D8%AA%D8%B7%D8%A8%D9%8A%D9%82%D9%8A%D8%A9%D9%8B%20%D9%81%D9%8A%20%D9%85%D8%AD%D8%A7%D9%83%D9%85%20%D8%A7%D9%84%D9%85%D9%85%D9%84%D9%83%D8%A9%20%D8%A7%D9%84%D8%B9%D8%B1%D8%A8%D9%8A%D8%A9%20%D8%A7%D9%84%D8%B3%D8%B9%D9%88%D8%AF%D9%8A%D8%A9.pdf
qadaa_13474	العرف التجاري: الاستناد إليه، وإثباته (وفقاً لنظام المحاكم التجارية السعودية)	د. عادل بن عبد الرحمن الشمري	الأنظمة والتشريعات	بحث	موقع بحوث	https://www.buhooth.link:8080/data/journals/%D9%85%D8%AC%D9%84%D8%A9%20%D9%82%D8%B6%D8%A7%D8%A1%20(%D8%A7%D9%84%D8%B3%D8%B9%D9%88%D8%AF%D9%8A%D8%A9)/21/1%20%D8%A7%D9%84%D8%B9%D8%B1%D9%81%20%D8%A7%D9%84%D8%AA%D8%AC%D8%A7%D8%B1%D9%8A$%20%D8%A7%D9%84%D8%A7%D8%B3%D8%AA%D9%86%D8%A7%D8%AF%20%D8%A5%D9%84%D9%8A%D9%87%D8%8C%20%D9%88%D8%A5%D8%AB%D8%A8%D8%A7%D8%AA%D9%87%20(%D9%88%D9%81%D9%82%D8%A7%D9%8B%20%D9%84%D9%86%D8%B8%D8%A7%D9%85%20%D8%A7%D9%84%D9%85%D8%AD%D8%A7%D9%83%D9%85%20%D8%A7%D9%84%D8%AA%D8%AC%D8%A7%D8%B1%D9%8A%D8%A9%20%D8%A7%D9%84%D8%B3%D8%B9%D9%88%D8%AF%D9%8A%D8%A9).pdf
qadaa_13512	القانون واجب التّطبيق وشرط عدم مخالفة أحكام الشّريعة الإسلاميّة أمام المحاكم الغربيّة (المحاكم الإنجليزيّة نموذجاً)	د. سليمان بن تركي التركي	الأنظمة والتشريعات	بحث	موقع بحوث	https://www.buhooth.link:8080/data/journals/%D9%85%D8%AC%D9%84%D8%A9%20%D9%82%D8%B6%D8%A7%D8%A1%20(%D8%A7%D9%84%D8%B3%D8%B9%D9%88%D8%AF%D9%8A%D8%A9)/26/7%20%D8%A7%D9%84%D9%82%D8%A7%D9%86%D9%88%D9%86%20%D9%88%D8%A7%D8%AC%D8%A8%20%D8%A7%D9%84%D8%AA%D9%91%D8%B7%D8%A8%D9%8A%D9%82%20%D9%88%D8%B4%D8%B1%D8%B7%20%D8%B9%D8%AF%D9%85%20%D9%85%D8%AE%D8%A7%D9%84%D9%81%D8%A9%20...%20%D8%A3%D9%85%D8%A7%D9%85%20%D8%A7%D9%84%D9%85%D8%AD%D8%A7%D9%83%D9%85%20%D8%A7%D9%84%D8%BA%D8%B1%D8%A8%D9%8A%D9%91%D8%A9%20(%D8%A7%D9%84%D9%85%D8%AD%D8%A7%D9%83%D9%85%20%D8%A7%D9%84%D8%A5%D9%86%D8%AC%D9%84%D9%8A%D8%B2%D9%8A%D9%91%D8%A9%20%D9%86%D9%85%D9%88%D8%B0%D8%AC%D8%A7%D9%8B).pdf
qadaa_13524	الاختصاص القيمي في نظام المحاكم التجارية: دراسةٌ مقارنةٌ	أ. د. أحمد بن عبد العزيز بن شبيب	الأنظمة والتشريعات	بحث	موقع بحوث	https://www.buhooth.link:8080/data/journals/%D9%85%D8%AC%D9%84%D8%A9%20%D9%82%D8%B6%D8%A7%D8%A1%20(%D8%A7%D9%84%D8%B3%D8%B9%D9%88%D8%AF%D9%8A%D8%A9)/28/5%20%D8%A7%D9%84%D8%A7%D8%AE%D8%AA%D8%B5%D8%A7%D8%B5%20%D8%A7%D9%84%D9%82%D9%8A%D9%85%D9%8A%20%D9%81%D9%8A%20%D9%86%D8%B8%D8%A7%D9%85%20%D8%A7%D9%84%D9%85%D8%AD%D8%A7%D9%83%D9%85%20%D8%A7%D9%84%D8%AA%D8%AC%D8%A7%D8%B1%D9%8A%D8%A9$%20%D8%AF%D8%B1%D8%A7%D8%B3%D8%A9%D9%8C%20%D9%85%D9%82%D8%A7%D8%B1%D9%86%D8%A9%D9%8C.pdf
qadaa_13546	تسبيب الأحكام القضائية بالقواعد الفقهية: دراسةٌ تأصيليةٌ تطبيقيةٌ على بعض قضايا المحاكم التجارية	د. عبد العزيز بن عبد الله الحماد	المحاكم والمرافعات	بحث	موقع بحوث	https://www.buhooth.link:8080/data/journals/%D9%85%D8%AC%D9%84%D8%A9%20%D9%82%D8%B6%D8%A7%D8%A1%20(%D8%A7%D9%84%D8%B3%D8%B9%D9%88%D8%AF%D9%8A%D8%A9)/31/7%20%D8%AA%D8%B3%D8%A8%D9%8A%D8%A8%20%D8%A7%D9%84%D8%A3%D8%AD%D9%83%D8%A7%D9%85%20%D8%A7%D9%84%D9%82%D8%B6%D8%A7%D8%A6%D9%8A%D8%A9%20%D8%A8%D8%A7%D9%84%D9%82%D9%88%D8%A7%D8%B9%D8%AF%20%D8%A7%D9%84%D9%81%D9%82%D9%87%D9%8A%D8%A9$%20%D8%AF%D8%B1%D8%A7%D8%B3%D8%A9%D9%8C%20...%20%D8%AA%D8%B7%D8%A8%D9%8A%D9%82%D9%8A%D8%A9%D9%8C%20%D8%B9%D9%84%D9%89%20%D8%A8%D8%B9%D8%B6%20%D9%82%D8%B6%D8%A7%D9%8A%D8%A7%20%D8%A7%D9%84%D9%85%D8%AD%D8%A7%D9%83%D9%85%20%D8%A7%D9%84%D8%AA%D8%AC%D8%A7%D8%B1%D9%8A%D8%A9.pdf
qadaa_13588	الإقرار في القضاء وأثر القرينة في ترك العمل به: دراسةٌ فقهيةٌ تأصيليةٌ تطبيقيةٌ على المحاكم بالمملكة العربية السعودية	د. سعد بن محمد التميمي	القضاء الشرعي	بحث	موقع بحوث	https://www.buhooth.link:8080/data/journals/%D9%85%D8%AC%D9%84%D8%A9%20%D9%82%D8%B6%D8%A7%D8%A1%20(%D8%A7%D9%84%D8%B3%D8%B9%D9%88%D8%AF%D9%8A%D8%A9)/38/3%20%D8%A7%D9%84%D8%A5%D9%82%D8%B1%D8%A7%D8%B1%20%D9%81%D9%8A%20%D8%A7%D9%84%D9%82%D8%B6%D8%A7%D8%A1%20%D9%88%D8%A3%D8%AB%D8%B1%20%D8%A7%D9%84%D9%82%D8%B1%D9%8A%D9%86%D8%A9%20%D9%81%D9%8A%20...%20%D8%AA%D8%B7%D8%A8%D9%8A%D9%82%D9%8A%D8%A9%D9%8C%20%D8%B9%D9%84%D9%89%20%D8%A7%D9%84%D9%85%D8%AD%D8%A7%D9%83%D9%85%20%D8%A8%D8%A7%D9%84%D9%85%D9%85%D9%84%D9%83%D8%A9%20%D8%A7%D9%84%D8%B9%D8%B1%D8%A8%D9%8A%D8%A9%20%D8%A7%D9%84%D8%B3%D8%B9%D9%88%D8%AF%D9%8A%D8%A9.pdf
qadaa_13623	أثر الخبرة الطبية في جودة عمل القاضي وتطبيقاتها في قضايا الأحوال الشخصية في المحاكم الشرعية	أ. د. ابتسام بالقاسم القرني	القضاء الشرعي	بحث	موقع بحوث	https://www.buhooth.link:8080/data/journals/%D9%85%D8%AC%D9%84%D8%A9%20%D9%85%D8%AC%D9%85%D8%B9%20%D8%A7%D9%84%D9%81%D9%82%D9%87%20%D8%A7%D9%84%D8%A5%D8%B3%D9%84%D8%A7%D9%85%D9%8A%20(%D8%A7%D9%84%D8%B3%D8%B9%D9%88%D8%AF%D9%8A%D8%A9)/38/3%20%D8%A3%D8%AB%D8%B1%20%D8%A7%D9%84%D8%AE%D8%A8%D8%B1%D8%A9%20%D8%A7%D9%84%D8%B7%D8%A8%D9%8A%D8%A9%20%D9%81%D9%8A%20%D8%AC%D9%88%D8%AF%D8%A9%20%D8%B9%D9%85%D9%84%20...%20%D9%82%D8%B6%D8%A7%D9%8A%D8%A7%20%D8%A7%D9%84%D8%A3%D8%AD%D9%88%D8%A7%D9%84%20%D8%A7%D9%84%D8%B4%D8%AE%D8%B5%D9%8A%D8%A9%20%D9%81%D9%8A%20%D8%A7%D9%84%D9%85%D8%AD%D8%A7%D9%83%D9%85%20%D8%A7%D9%84%D8%B4%D8%B1%D8%B9%D9%8A%D8%A9.pdf
rasail_13965	المحاكمة بين المفسرين أبي حيان		القضاء الشرعي	بحث	جامعة الرسائل العلمية	
rasail_14090	جلاء العينين في محاكمة الأحمدين داود		القضاء الشرعي	بحث	جامعة الرسائل العلمية	
rasail_14121	الاختصاص النوعي للمحاكم وفقاً لنظام		الأنظمة والتشريعات	بحث	جامعة الرسائل العلمية	
rasail_14132	حقوق المتهم فـي مرحلة المحاكمة دراســــــة		القضاء الشرعي	بحث	جامعة الرسائل العلمية	
rasail_14240	اشكاليات التنفيذ في قانون اصول المحاكمات		المحاكم والمرافعات	بحث	جامعة الرسائل العلمية	
rasail_14258	إشكالات التنفيذ في قانون أصول المحاكمة		المحاكم والمرافعات	بحث	جامعة الرسائل العلمية	
rasail_14275	إجراءات التحقيق والمحاكمة أمام المحكمة		المحاكم والمرافعات	بحث	جامعة الرسائل العلمية	
rasail_14422	القرارات الخماسية لمحاكم الاستئناف		المبادئ والقرارات القضائية	بحث	جامعة الرسائل العلمية	
rasail_14428	القضاء المستعجل في قانون اصول المحاكمات		الأنظمة والتشريعات	بحث	جامعة الرسائل العلمية	
rasail_14541	النوازل الفقهية للأقليات في المحاكم		القضاء الشرعي	بحث	جامعة الرسائل العلمية	
rasail_14579	تأجيل الدعوى القضائية في المحاكم		المحاكم والمرافعات	بحث	جامعة الرسائل العلمية	
rasail_14722	ضمانات المحاكمة العادلة أمام محكمة		القضاء الشرعي	بحث	جامعة الرسائل العلمية	
rasail_14750	محاكمة المتهم الفار من وجه العدالة		القضاء الشرعي	بحث	جامعة الرسائل العلمية	
rasail_14916	نظرية البطلان في قانون أصول المحاكمات		الأنظمة والتشريعات	بحث	جامعة الرسائل العلمية	
rasail_14932	أحكام البطلان في الإجراءات والمحاكمات		المحاكم والمرافعات	بحث	جامعة الرسائل العلمية	
rasail_15061	الاحتياجات التدريبية لدى موظفي المحاكم		القضاء الشرعي	بحث	جامعة الرسائل العلمية	
rasail_15063	أقلام مكبلة و تحرش جنسي و محاكمات		القضاء الشرعي	بحث	جامعة الرسائل العلمية	
rasail_15312	المحاكمة العادلة بين معايير الشريعة		القضاء الشرعي	بحث	جامعة الرسائل العلمية	
rasail_15363	انموذج محاكمة لعمليات مجزرة المعيصم		القضاء الشرعي	بحث	جامعة الرسائل العلمية	
rasail_15436	جريمة التخابر واجراءات محاكمة مرتكبيها		الجنايات والحدود	بحث	جامعة الرسائل العلمية	
rasail_15454	حق المتهم في محاكمة عادلة في التشريع		الأنظمة والتشريعات	بحث	جامعة الرسائل العلمية	
rasail_15620	تنظيم المحاكم الإدارية في التشريع		القضاء الإداري	بحث	جامعة الرسائل العلمية	
rasail_15656	ضوابط علانية المحاكمات الجزائية		القضاء الشرعي	بحث	جامعة الرسائل العلمية	
rasail_15714	إجرام الأحداث ومحاكمتهم في الفقه		القضاء الشرعي	بحث	جامعة الرسائل العلمية	
rasail_15785	ضمانات المتهم أمام المحاكم الجنائية الدولية أثناء التحقيق والمحاكمة		الجنايات والحدود	بحث	جامعة الرسائل العلمية	
rasail_15787	ضمانات المتهم في محاكمة عادلة في المواثيق الدولية والتشريع الجزائري		الأنظمة والتشريعات	بحث	جامعة الرسائل العلمية	
rasail_15788	ضمانت المتهم أثناء المحاكمة الجنائية دراسة مقارنة بين الشريعة الإسلامية		الجنايات والحدود	بحث	جامعة الرسائل العلمية	
rasail_15789	ضمانت المتهم أثناء المحاكمة الجنائية		الجنايات والحدود	بحث	جامعة الرسائل العلمية	
rasail_15848	المحكمة الجنائية الدولية في مواجهة المحاكم الوطنية		الجنايات والحدود	بحث	جامعة الرسائل العلمية	
rasail_15894	مجلس الأمن والمحاكم الجنائية الدولية		الجنايات والحدود	بحث	جامعة الرسائل العلمية	
rasail_16028	تقييم دور المحاكم الجنائية الدولية		الجنايات والحدود	بحث	جامعة الرسائل العلمية	
rasail_16117	وقف الخصومة في قانون أصول المحاكمات المدنية الأردني دراسة مقارنة		المحاكم والمرافعات	بحث	جامعة الرسائل العلمية	
rasail_16118	وقف الخصومة في قانون أصول المحاكمات المدنية الأردني		المحاكم والمرافعات	بحث	جامعة الرسائل العلمية	
rasail_16519	تنظيم المحاكم الادارية في التشريع الاردني		الأنظمة والتشريعات	بحث	جامعة الرسائل العلمية	
rasail_16523	دور المحاكم الجنائية الدولية الخاصة في تحديد جريمة الإبادة الجماعية		الجنايات والحدود	بحث	جامعة الرسائل العلمية	
rasail_16549	احكام البطلان في الاجراءات و المحاكمات الجزائية دراسة مقارنة بين		القضاء الشرعي	بحث	جامعة الرسائل العلمية	
rasail_16599	ضوابط علانية المحاكمات الجزائية في التشريع الاردني دراسة مقارنة		الأنظمة والتشريعات	بحث	جامعة الرسائل العلمية	
rasail_16607	ضمانات التحقيق مع الأحداث في مرحلة ما قبل المحاكمة في القانونيّن		الأنظمة والتشريعات	بحث	جامعة الرسائل العلمية	
rasail_16623	اثر مبدا التقاضي الاداري على درجتين في سير اجراءات المحاكمة العادلة		القضاء الشرعي	بحث	جامعة الرسائل العلمية	
rasail_16731	المحاكم الادارية وامكانية انعقاد جلساتها		القضاء الشرعي	بحث	جامعة الرسائل العلمية	
rasail_16989	أصول المحاكمات الشرعية عرض وتأصيل		القضاء الشرعي	بحث	جامعة الرسائل العلمية	
rasail_17222	صول المحاكمات الشرعية الجزائية ، د أسامة علي مصطفى الفقير الربابعة		القضاء الشرعي	بحث	جامعة الرسائل العلمية	
rasail_17223	ضمانات المتهم أثناء المحاكمة دراسة مقارنة بين الفقه الاسلامي و القانون		الأنظمة والتشريعات	بحث	جامعة الرسائل العلمية	
rasail_17268	محاكم القضاء الشرعي في جمهورية كينيا و التحديات التي تواجهها		القضاء الشرعي	بحث	جامعة الرسائل العلمية	
rasail_17665	تصور مقترح لممارسة الخدمة الاجتماعية في المحاكم الشرعية		القضاء الشرعي	بحث	جامعة الرسائل العلمية	
rasail_17698	الاحتياجات التدريبية لدى موظفي المحاكم الشرعية بمدينة مكة المكرمة		القضاء الشرعي	بحث	جامعة الرسائل العلمية	
rasail_17965	اصول محاكمة المتهم امام محكمة الجنايات		الجنايات والحدود	بحث	جامعة الرسائل العلمية	
rasail_17970	الاختصاص القضائي بين الشريعة وقانوني أصول المحاكمات الشرعية والمدينة		الأنظمة والتشريعات	بحث	جامعة الرسائل العلمية	
rasail_17972	الاختصاص الوظيفي و المكاني للمحاكم الشرعية في قطاع غزة		القضاء الشرعي	بحث	جامعة الرسائل العلمية	
rasail_18058	المسؤولية المدنية للخبير المنتدب أمام المحاكم الشرعية		القضاء الشرعي	بحث	جامعة الرسائل العلمية	
rasail_18066	النظام القانوني للمحاكم الإدارية		القضاء الإداري	بحث	جامعة الرسائل العلمية	
rasail_18089	جرائم الحرب أمام المحاكم الدولية الجنائية		الجنايات والحدود	بحث	جامعة الرسائل العلمية	
rasail_18118	خصوصيات النظام القانوني للمحاكم العسكرية		الأنظمة والتشريعات	بحث	جامعة الرسائل العلمية	
rasail_18232	اساليب التفكير وعلاقتها باتخاذ القرار لدى عينة من منسوبي المحاكم		القضاء الشرعي	بحث	جامعة الرسائل العلمية	
rasail_18261	الآثار الناجمة عن حضور الأطفال ضحايا الإساءة إلى المحاكم وتصور وقائي		القضاء الشرعي	بحث	جامعة الرسائل العلمية	
rasail_18271	اعادة المحاكمة في الدعوى المدنية		المحاكم والمرافعات	بحث	جامعة الرسائل العلمية	
rasail_18293	ضمانات المتهم العسكري في مرحلة المحاكمة		القضاء الشرعي	بحث	جامعة الرسائل العلمية	
legal_lib_11294	الشرط الجزائي وتطبيقاته في المحاكم		المحاكم والمرافعات	كتاب	المكتبة القانونية ⚖️	
legal_lib_11424	محاكم الاحوال الشخصية		القضاء والأنظمة العامة	كتاب	المكتبة القانونية ⚖️	
legal_lib_11427	تكوين لجنة محاكمة المحامين وتحريك		المحاماة والتحكيم	كتاب	المكتبة القانونية ⚖️	
legal_lib_11659	مادة أصول المحاكمات		المحاكم والمرافعات	كتاب	المكتبة القانونية ⚖️	
legal_lib_11711	فقه المحاكمات الأدبية والفكرية		المحاكم والمرافعات	كتاب	المكتبة القانونية ⚖️	
legal_lib_11735	اختصاص المحاكم السعودية بنظر الدعاوى		الجنايات والحدود	كتاب	المكتبة القانونية ⚖️	
legal_lib_11753	المواد المتعلة بمحاكم الأحوال الشخصية		القضاء والأنظمة العامة	كتاب	المكتبة القانونية ⚖️	
legal_lib_11967	د يوسف فرح اجراءات موازية بين المحاكم		المحاكم والمرافعات	كتاب	المكتبة القانونية ⚖️	
legal_lib_11980	إجراءات محاكمة الأحداث		القضاء والأنظمة العامة	كتاب	المكتبة القانونية ⚖️	
legal_lib_12116	الرد القانوني على الصندوق في المحاكم		المحاكم والمرافعات	كتاب	المكتبة القانونية ⚖️	
legal_lib_12121	في اروقة المحاكم		المحاكم والمرافعات	كتاب	المكتبة القانونية ⚖️	
legal_lib_12168	إجراءات المحاكمة في الدعوى الجزائية		المحاكم والمرافعات	كتاب	المكتبة القانونية ⚖️	
legal_lib_12250	مذكرة مادة أصول المحاكمات		المحاكم والمرافعات	كتاب	المكتبة القانونية ⚖️	
legal_lib_12252	حقوق المتهم عند القبض والتحقيق والمحاكمة		المحاكم والمرافعات	كتاب	المكتبة القانونية ⚖️	
legal_lib_12309	اختصاص المحاكم في النظام الجديد		المحاكم والمرافعات	نظام	المكتبة القانونية ⚖️	
legal_lib_12466	دليل المترافع أمام المحاكم العام++++		الإثبات والشهادة	كتاب	المكتبة القانونية ⚖️	
legal_lib_12467	مشروع نظام المحاكم التجارية، وإجراءاتها		الأنظمة التجارية	نظام	المكتبة القانونية ⚖️	
legal_lib_12480	نظام المحاكم التجارية.pdf.pdf.pdf		الأنظمة التجارية	نظام	المكتبة القانونية ⚖️	
legal_lib_12483	إضاءات على نظام المحاكم التجارية		الأنظمة التجارية	نظام	المكتبة القانونية ⚖️	
legal_lib_12485	الاختصاص النوعي للمحاكم التجارية		الأنظمة التجارية	كتاب	المكتبة القانونية ⚖️	
legal_lib_12602	8 اختصاصات المحاكم في نظام المرافعات الشرعية		المحاكم والمرافعات	نظام	المكتبة القانونية ⚖️	
legal_lib_12608	الدوائر الجزئية بالمحاكم العامة		المحاكم والمرافعات	كتاب	المكتبة القانونية ⚖️	
legal_lib_12641	لوائح نظام المحاكم التجارية.pdf		الأنظمة التجارية	نظام	المكتبة القانونية ⚖️	
legal_lib_12646	المفيد في أصول المحاكمات		المحاكم والمرافعات	كتاب	المكتبة القانونية ⚖️	
legal_lib_12649	اختصاصات المحاكم		المحاكم والمرافعات	كتاب	المكتبة القانونية ⚖️	
legal_lib_12674	الآلية التنفيذية لعمل المحاكم خلال فترة تعليق الحضور pdf pdf pdf		المحاكم والمرافعات	شرح	المكتبة القانونية ⚖️	
legal_lib_12680	روابط لخدمات المحاكم		المحاكم والمرافعات	كتاب	المكتبة القانونية ⚖️	
legal_lib_12765	إجرام الأحداث ومحاكمتهم في الفقه الإسلامي		القضاء والأنظمة العامة	كتاب	المكتبة القانونية ⚖️	
legal_lib_12775	أسس الملازمة القضائية في المحاكم الجزائية		المحاكم والمرافعات	كتاب	المكتبة القانونية ⚖️	
legal_lib_12778	إعادة المحاكمة في نظام الإجراءات الجزائية السعودي		المحاكم والمرافعات	نظام	المكتبة القانونية ⚖️	
legal_lib_12783	الإختصاص الجنائي في المحاكم الغير الجنائية		المحاكم والمرافعات	كتاب	المكتبة القانونية ⚖️	
legal_lib_12817	الدعوى الجزائية وإجراءات المحاكمة في نظام الإجراءات الجزائية		المحاكم والمرافعات	نظام	المكتبة القانونية ⚖️	
legal_lib_12827	القانون الجنائي لدولي اهم الجرائم الدولية المحاكم الدولية الجنائية		المحاكم والمرافعات	كتاب	المكتبة القانونية ⚖️	
legal_lib_12893	مصطلحات اجرائية وتوثيقية في المحاكم		المحاكم والمرافعات	كتاب	المكتبة القانونية ⚖️	
legal_lib_12974	القواعد الفقهية وتطبيقاتها في المحاكم		المحاكم والمرافعات	كتاب	المكتبة القانونية ⚖️	
legal_lib_13047	النظام القانوني للمحاكم الإدارية		الأنظمة والتشريعات	نظام	المكتبة القانونية ⚖️	
legal_lib_13085	الشرط الجزائي وتطبيقاته في المحاكم السعودية		الجنايات والحدود	كتاب	المكتبة القانونية ⚖️	
legal_lib_13165	إجراءات قسمة التركات في المحاكم		المحاكم والمرافعات	كتاب	المكتبة القانونية ⚖️	
legal_lib_13170	فقه قسمة التركات وإجراءاته في المحاكم		المحاكم والمرافعات	كتاب	المكتبة القانونية ⚖️	
legal_lib_13195	نظام المحاكم التجارية ولوائحه التنفيذية		الأنظمة التجارية	نظام	المكتبة القانونية ⚖️	
legal_lib_13199	إيميلات الدوائر وأرقام التواصل لدى المحاكم		المحاكم والمرافعات	كتاب	المكتبة القانونية ⚖️	
legal_lib_13205	نظام المحاكم التجارية حسن الحربي		الأنظمة التجارية	نظام	المكتبة القانونية ⚖️	
legal_lib_13213	الإنهاءات الثبوتية في المحاكم الشرعية		المحاكم والمرافعات	كتاب	المكتبة القانونية ⚖️	
legal_lib_13251	ايميل بريد محاكم الرياض		القضاء والأنظمة العامة	كتاب	المكتبة القانونية ⚖️	
legal_lib_13274	دليل التواصل (محاكم الرياض)		الإثبات والشهادة	كتاب	المكتبة القانونية ⚖️	
legal_lib_13323	إيميلات الدوائر وأرقام التواصل لدى المحاكم بالمملكة العربية السعودية		الجنايات والحدود	كتاب	المكتبة القانونية ⚖️	
legal_lib_13329	مفيد القضاة في أصول المحاكمات		المحاكم والمرافعات	كتاب	المكتبة القانونية ⚖️	
legal_lib_13347	ايميلات المحاكم الادارية في المملكة العربية السعودية		الجنايات والحدود	كتاب	المكتبة القانونية ⚖️	
legal_lib_13395	جميع محاكم الرياض		القضاء والأنظمة العامة	كتاب	المكتبة القانونية ⚖️	
legal_lib_13439	بريد المحاكم التجارية		الأنظمة التجارية	كتاب	المكتبة القانونية ⚖️	
legal_lib_13452	‎⁨المدخل إلى إجراءات التقاضي في محاكم القضاء العام د عبدالرحمن		المحاكم والمرافعات	كتاب	المكتبة القانونية ⚖️	
alex_12328	فن المرافعة وصناعة المحامى المترافع امام المحاكم الجنائية		القضاء الشرعي	كتاب	مكتبة الإسكندرية	
alex_12383	كشاف احصائى زمنى لسجلات المحاكم الشرعية والاوقاف ا الشام		القضاء الشرعي	كتاب	مكتبة الإسكندرية	
alex_12404	احكام الاسرة عند المسيحيين المصريين ومدى تطبيقها بالمحاكم		القضاء الشرعي	كتاب	مكتبة الإسكندرية	
alex_12517	من اشهر المحاكمات التاريخية		القضاء الشرعي	كتاب	مكتبة الإسكندرية	
alex_12574	اشهر المحاكمات فى التاريخ		القضاء الشرعي	كتاب	مكتبة الإسكندرية	
alex_12640	فن المرافعة وصناعة المحامى المترافع امام المحاكم الجنائية		القضاء الشرعي	كتاب	مكتبة الإسكندرية	
alex_12792	حقوق المتهم وضماناته فى مرحلة المحاكمة		القضاء الشرعي	كتاب	مكتبة الإسكندرية	
alex_12826	احكام الاسرة عند المسيحيين المصريين ومدى تطبيقها بالمحاكم		القضاء الشرعي	كتاب	مكتبة الإسكندرية	
alex_15226	قانون المحاكم الأهلية		القضاء الشرعي	كتاب	مكتبة الإسكندرية	
alex_15828	موسوعة المحاكمات التأديبية امام مجلس الدولة مع الحديث عاوى		القضاء الشرعي	كتاب	مكتبة الإسكندرية	
alex_15830	كشاف احصائى زمنى لسجلات المحاكم الشرعية والاوقاف ا الشام		القضاء الشرعي	كتاب	مكتبة الإسكندرية	
alex_21862	المحاكمات التاديبية امام مجلس الدولة مع الحديث فى الفت تاديبي		القضاء الشرعي	كتاب	مكتبة الإسكندرية	
alex_22236	قضاء المحاكم الجزئية والابتدائية فى ضوء احكام النقض ومب لقضائى		القضاء الشرعي	كتاب	مكتبة الإسكندرية	
alex_27232	دفاع امام المحاكم العسكرية		القضاء الشرعي	كتاب	مكتبة الإسكندرية	
alex_27971	لائحة ترتيب المحاكم الشرعية والاجراءات المتعلقة بها ويلي		القضاء الشرعي	كتاب	مكتبة الإسكندرية	
alex_30278	المحاكم الاقتصادية		القضاء الشرعي	كتاب	مكتبة الإسكندرية	
alex_30572	لائحة ترتيب المحاكم الشرعية والاجراءات المتعلقة بها ويلي		القضاء الشرعي	كتاب	مكتبة الإسكندرية	
alex_36573	ديوان التحقيق والمحاكمات الكبرى		القضاء الشرعي	كتاب	مكتبة الإسكندرية	
alex_36603	قضايا التاريخ الكبرى، او، اشهر المحاكمات والجرائم		القضاء الشرعي	كتاب	مكتبة الإسكندرية	
alex_39898	قضايا التاريخ الكبرى، او، اشهر المحاكمات والجرائم		القضاء الشرعي	كتاب	مكتبة الإسكندرية	
alex_40314	برتراندراسل امام المحاكم الانجليزية والامريكية		القضاء الشرعي	كتاب	مكتبة الإسكندرية	
alex_44568	قانون اصول المحاكمات الجزائية		القضاء الشرعي	كتاب	مكتبة الإسكندرية	
alex_50771	الاجراءات والاعمال فى المحاكم الاهلية		القضاء الشرعي	كتاب	مكتبة الإسكندرية	
alex_50810	مجموعة قوانين المحاكم الاهلية والشرعية		القضاء الشرعي	كتاب	مكتبة الإسكندرية	
alex_51048	لايحة صح، لائحة ترتيب المحاكم الاهلية الصادرة ف يه سنه		القضاء الشرعي	كتاب	مكتبة الإسكندرية	
alex_59285	قضاء المحاكم فى مسائل الاوقاف		القضاء الشرعي	كتاب	مكتبة الإسكندرية	
alex_60900	محاكمة مجرمى الحرب امام المحاكم الجنائية الدولية د ية وال		القضاء الشرعي	كتاب	مكتبة الإسكندرية	
alex_60966	شخصيات وموضوعات باسلوب المحاكمة		القضاء الشرعي	كتاب	مكتبة الإسكندرية	
alex_61113	الاخوان المسلمون كشوف البركة والمحاكمات الداخلية		القضاء الشرعي	كتاب	مكتبة الإسكندرية	
alex_61348	جيمس جويس امام المحاكم الامريكية		القضاء الشرعي	كتاب	مكتبة الإسكندرية	
alex_63398	اشهر المحاكمات عبر التاريخ		القضاء الشرعي	كتاب	مكتبة الإسكندرية	
alex_67644	حقوق المتهم وضماناته في مرحلة ما قبل المحاكمة		القضاء الشرعي	كتاب	مكتبة الإسكندرية	
alex_69804	محاكمة القراصنة في المحاكم الوطنية		القضاء الشرعي	كتاب	مكتبة الإسكندرية	
alex_71771	المحاكم الاقتصادية طبقا للقانون 120 لسنة 2008		القضاء الشرعي	كتاب	مكتبة الإسكندرية	
alex_72439	المذكرة القانونية في الاجراءات التنفيذية لمحضري المحاكم الاهلية		القضاء الشرعي	كتاب	مكتبة الإسكندرية	
risail_5916	إبطال الطلاق وتطبيقاته في المحاكم		القضاء الشرعي	رسالة علمية	قناة الرسائل العلمية	
risail_6028	إعادة المحاكمة في ضوء قانون أصول		الأنظمة والتشريعات	رسالة علمية	قناة الرسائل العلمية	
risail_6204	إختصاص المحاكم الوطنية بالجرائم		الجنايات والعقوبات	رسالة علمية	قناة الرسائل العلمية	
risail_6643	اشكاليات التنفيذ في قانون اصول المحاكمات		الأنظمة والتشريعات	رسالة علمية	قناة الرسائل العلمية	
risail_6957	إشكالات التنفيذ في قانون أصول المحاكمة		الأنظمة والتشريعات	رسالة علمية	قناة الرسائل العلمية	
risail_7169	إجراءات التحقيق والمحاكمة أمام المحكمة		التحكيم والوساطة	رسالة علمية	قناة الرسائل العلمية	
risail_9012	القرارات الخماسية لمحاكم الاستئناف		الإجراءات القضائية	رسالة علمية	قناة الرسائل العلمية	
risail_9030	القضاء المستعجل في قانون اصول المحاكمات		الأنظمة والتشريعات	رسالة علمية	قناة الرسائل العلمية	
risail_10132	النوازل الفقهية للأقليات في المحاكم		القضاء الشرعي	رسالة علمية	قناة الرسائل العلمية	
risail_10711	تأجيل الدعوى القضائية في المحاكم		الإجراءات القضائية	رسالة علمية	قناة الرسائل العلمية	
risail_13120	ضمانات المحاكمة العادلة أمام محكمة		القضاء الشرعي	رسالة علمية	قناة الرسائل العلمية	
risail_16113	أحكام البطلان في الإجراءات والمحاكمات		الإجراءات القضائية	رسالة علمية	قناة الرسائل العلمية	
risail_18350	الاحتياجات التدريبية لدى موظفي المحاكم		القضاء الشرعي	رسالة علمية	قناة الرسائل العلمية	
risail_21007	المحاكمة العادلة بين معايير الشريعة		القضاء الشرعي	رسالة علمية	قناة الرسائل العلمية	
risail_25385	تنظيم المحاكم الإدارية في التشريع		الأنظمة والتشريعات	رسالة علمية	قناة الرسائل العلمية	
risail_25678	ضوابط علانية المحاكمات الجزائية		القضاء الشرعي	رسالة علمية	قناة الرسائل العلمية	
risail_27506	ضمانات المتهم أمام المحاكم الجنائية الدولية أثناء التحقيق والمحاكمة		الجنايات والعقوبات	رسالة علمية	قناة الرسائل العلمية	
risail_27511	ضمانت المتهم أثناء المحاكمة الجنائية دراسة مقارنة بين الشريعة الإسلامية		الجنايات والعقوبات	رسالة علمية	قناة الرسائل العلمية	
risail_27512	ضمانت المتهم أثناء المحاكمة الجنائية		الجنايات والعقوبات	رسالة علمية	قناة الرسائل العلمية	
risail_27570	مسؤولية الموظف الدولي وتطبيقاتها في قضاء المحاكم الإدارية الدولية		القضاء الشرعي	رسالة علمية	قناة الرسائل العلمية	
risail_28167	المحكمة الجنائية الدولية في مواجهة المحاكم الوطنية		التحكيم والوساطة	رسالة علمية	قناة الرسائل العلمية	
risail_28613	مجلس الأمن والمحاكم الجنائية الدولية		الجنايات والعقوبات	رسالة علمية	قناة الرسائل العلمية	
risail_29757	تقييم دور المحاكم الجنائية الدولية		الجنايات والعقوبات	رسالة علمية	قناة الرسائل العلمية	
risail_30887	وقف الخصومة في قانون أصول المحاكمات المدنية الأردني دراسة مقارنة		الإجراءات القضائية	رسالة علمية	قناة الرسائل العلمية	
risail_30888	وقف الخصومة في قانون أصول المحاكمات المدنية الأردني		الإجراءات القضائية	رسالة علمية	قناة الرسائل العلمية	
risail_31041	ضمانات المتهم أمام المحاكم الجنائية الدولية أثناء التحقيق والمحاكمة		الجنايات والعقوبات	رسالة علمية	قناة الرسائل العلمية	
risail_51794	إجراءات المحاكمة الجزائية عن بعد في النظام السعودي		الإجراءات القضائية	رسالة علمية	قناة الرسائل العلمية	
archive_0761pdffile	رسائل قانونية جزائرية 0761 ضمانات المتهم في مرحلة المحاكمة على ضوء قانون الإجراءات الجزائية الجزائري Pdf كتاب File		المحاكم والمرافعات	كتاب	أرشيف الإنترنت	https://archive.org/download/0761pdffile/0761pdffile.pdf
archive_AAskZad-0178963	Book الإختصاص القضائي للمحاكم العادية في قانون المرافعات بين النظرية والتطبيق [0178963] --- محمود السيد عمر التحيوي (مؤلف)	محمود السيد عمر التحيوي (مؤلف)	المحاكم والمرافعات	كتاب	أرشيف الإنترنت	https://archive.org/download/AAskZad-0178963/AAskZad-0178963.pdf
archive_20191002_20191002_1551	كتاب المدخل إلى إجراءات التقاضي في محاكم القضاء العام		المحاكم والمرافعات	كتاب	أرشيف الإنترنت	https://archive.org/download/20191002_20191002_1551/20191002_20191002_1551.pdf
archive_AAlexandrina-051804	051804_فن_المرافعة_وصناعة_المحامى_المترافع_امام_المحاكم_الجنائية	"الشريف، حامد."	المحاماة والتحكيم	كتاب	أرشيف الإنترنت	https://archive.org/download/AAlexandrina-051804/AAlexandrina-051804.pdf
archive_AAlexandrina-049696	049696_فن_المرافعة_وصناعة_المحامى_المترافع_امام_المحاكم_الجنائية	"الشريف، حامد."	المحاماة والتحكيم	كتاب	أرشيف الإنترنت	https://archive.org/download/AAlexandrina-049696/AAlexandrina-049696.pdf
archive_20220320_20220320_1655	فنون المحاماة والترافع امام المحاكم الشرعية " لوائح دعاوى الاحوال الشخصية " إعداد المحامي : علاء مقداد يحيى الطائي 👇		المحاماة والتحكيم	كتاب	أرشيف الإنترنت	https://archive.org/download/20220320_20220320_1655/20220320_20220320_1655.pdf
archive_1923file976	قوة الأحكام الجنائية أمام المحاكم المدنية، مجلة المحاماة المصرية، لعام 1923 File كتاب 976		المحاماة والتحكيم	كتاب	أرشيف الإنترنت	https://archive.org/download/1923file976/1923file976.pdf
archive_1077-1078-1666-1667	وثائق المحاكم الشرعية في خدمة لبنان، نموذج وثائق المحكمة الشرعية في طرابلس، 1077 1078 هـ 1666 1667م، السجل الأول أنطوان ضومط		المحاكم والمرافعات	كتاب	أرشيف الإنترنت	https://archive.org/download/1077-1078-1666-1667/1077-1078-1666-1667.pdf
archive_elshandawily13849	من أوراق الحروب الصليبية و محاكم التفتيش فى إيطاليا رمسيس عوض	رمسيس عوض	القضاء الشرعي	كتاب	أرشيف الإنترنت	https://archive.org/download/elshandawily13849/elshandawily13849.pdf
archive_1979_20250516	مصطلحات قانون أصول المحاكمات الجزائية - ضياء شيت خطاب - المجمع العلمي العراقي - 1979م	سرمد حاتم شكر	القضاء الشرعي	كتاب	أرشيف الإنترنت	https://archive.org/download/1979_20250516/1979_20250516.pdf
archive_AAskZad-1133747	Book مبادئ قانون الإجراءات الجنائية في التشريع المصري ( الجزء الثاني ) المحاكمة [1133747] --- أحمد حسني أحمد طه (مؤلف)	أحمد حسني أحمد طه (مؤلف)	المحاكم والمرافعات	كتاب	أرشيف الإنترنت	https://archive.org/download/AAskZad-1133747/AAskZad-1133747.pdf
archive_AAlexandrina-427307	427307_حقوق_المتهم_وضماناته_في_مرحلة_ما_قبل_المحاكمة	"السعيدي، مطر سالم."	المحاكم والمرافعات	كتاب	أرشيف الإنترنت	https://archive.org/download/AAlexandrina-427307/AAlexandrina-427307.pdf
archive_AAskZad-0179396	Book إجراءات التقاضي إمام محاكم مجلس الدولة المصري [0179396] --- فؤاد محمد النادي (مؤلف)	فؤاد محمد النادي (مؤلف)	المحاكم والمرافعات	كتاب	أرشيف الإنترنت	https://archive.org/download/AAskZad-0179396/AAskZad-0179396.pdf
archive_AAlexandrina-052477	052477_حقوق_المتهم_وضماناته_فى_مرحلة_المحاكمة	"حسنى، محمود نجيب."	المحاكم والمرافعات	كتاب	أرشيف الإنترنت	https://archive.org/download/AAlexandrina-052477/AAlexandrina-052477.pdf
archive_AAskZad-0182208	Book الحماية الجنائية للحرية الشخصية في مرحلة ما قبل المحاكمة الجنائية - دراسة مقارنة [0182208] --- محمد محمد مصباح القاضي (مؤلف)	محمد محمد مصباح القاضي (مؤلف)	المحاكم والمرافعات	كتاب	أرشيف الإنترنت	https://archive.org/download/AAskZad-0182208/AAskZad-0182208.pdf
archive_AAskZad-0182216	Book أصول المحاكمة الجنائية في التشريع الإسلامي وتطبيقاتها في القضاء السعودي [0182216] --- محمد محمد مصباح القاضي (مؤلف)	محمد محمد مصباح القاضي (مؤلف)	المحاكم والمرافعات	كتاب	أرشيف الإنترنت	https://archive.org/download/AAskZad-0182216/AAskZad-0182216.pdf
archive_QAFEAAA	قضاء النقض في إجراءات المحاكمة الجنائية والإثبات الجنائي	محمد أحمد الشهير	الإثبات والشهادة	كتاب	أرشيف الإنترنت	https://archive.org/download/QAFEAAA/QAFEAAA.pdf
archive_057_20210528	057 كتاب قانون الأحوال الشخصية للمحاكم المذهبية الإنجيلية في سورية ولبنان		الأنظمة والتشريعات	كتاب	أرشيف الإنترنت	https://archive.org/download/057_20210528/057_20210528.pdf
archive_3_20240122_20240122_1652	ضمانات المتهم في مرحلة ما بعد المحاكمة دراسة مقارنة في ضوء التشريعات الفلسطينية والمعاير الدولية " نظام روما الاساسي	د. سعيد أبو فار	الأنظمة والتشريعات	كتاب	أرشيف الإنترنت	https://archive.org/download/3_20240122_20240122_1652/3_20240122_20240122_1652.pdf
archive_library-elhamma-3522021	القانون الجنائي الدولي : أهم الجرائم الدولية ، المحاكم الدولية		الجنايات والحدود	كتاب	أرشيف الإنترنت	https://archive.org/download/library-elhamma-3522021/library-elhamma-3522021.pdf
archive_20250707_20250707_0620	المحاكم العمالية قضية امن قومى		الأنظمة والتشريعات	كتاب	أرشيف الإنترنت	https://archive.org/download/20250707_20250707_0620/20250707_20250707_0620.pdf
archive_20220624_20220624_1305	الأقصى في مهداف محاكم الاحتلال وقوانينها	قسم الأبحاث والمعلومات- علي إبراهيم	الأنظمة والتشريعات	كتاب	أرشيف الإنترنت	https://archive.org/download/20220624_20220624_1305/20220624_20220624_1305.pdf
archive_049_20210528	049 كتاب قانون إنشاء المحاكم المسلكية السوري		الأنظمة والتشريعات	كتاب	أرشيف الإنترنت	https://archive.org/download/049_20210528/049_20210528.pdf
archive_20220515_20220515_0641	غاية التنبيه والتوضيح شرح قانون أصول المحاكمات الشرعية الجديد عمران العمري	الدكتور عمران صالح العمري	الأنظمة والتشريعات	كتاب	أرشيف الإنترنت	https://archive.org/download/20220515_20220515_0641/20220515_20220515_0641.pdf
archive_BBib-Alex-15168	مذكرات_رجال_القانون_و_القضاء_محاكمة_ثورة_يوليو_15168_الجوادى،_محمد	الجوادى، محمد	القضاء الشرعي	كتاب	أرشيف الإنترنت	https://archive.org/download/BBib-Alex-15168/BBib-Alex-15168.pdf
archive_Mfid-9dhat	مفيد القضاة في أصول المحاكمات على مذهب الإمام المبجل أحمد بن حنبل - أحمد بن عبد الكريم بن بدران النجدي الحنبلي		القضاء الشرعي	كتاب	أرشيف الإنترنت	https://archive.org/download/Mfid-9dhat/Mfid-9dhat.pdf
archive_docfile1010	محاكمة ومعاقبة مرتكبي الجرائم الكبرى أمام القضاء الدولي علي عبدا لله الحمادة.doc		القضاء الشرعي	كتاب	أرشيف الإنترنت	https://archive.org/download/docfile1010/docfile1010.pdf
archive_2007_20240128	في أروقة المحاكم أحداث ووقائع وقضايا - سلمان بن محمد العمري- 2007م	سرمد حاتم شكر	القضاء الشرعي	كتاب	أرشيف الإنترنت	https://archive.org/download/2007_20240128/2007_20240128.pdf
archive_AAlexandrina-088630	088630_قضاء_المحاكم_الجزئية_والابتدائية_فى_ضوء_احكام_النقض_ومب_لقضائى	"محمد، السيد خلف."	القضاء الشرعي	كتاب	أرشيف الإنترنت	https://archive.org/download/AAlexandrina-088630/AAlexandrina-088630.pdf
legal_mag_203	آلية عمل المحاكم والنيابات للفترة القادمة قرار مجلس القضاء الأعلى رقم 23 لسنة 2020م.pdf		قضاء	بحث	قناة المجلات والصحف القانونية	
legal_mag_207	العودة الى العمل الاعتيادي في المحاكم والنيابات.pdf		دراسات قانونية	بحث	قناة المجلات والصحف القانونية	
legal_mag_208	قرار رئيس مجلس القضاء باستئناف العمل الاعتيادي في المحاكم والنيابات.pdf		قضاء	بحث	قناة المجلات والصحف القانونية	
legal_mag_270	الضوابط القانونية لتعيين الحارس القضائي للإخوة رؤساء وقضاة المحاكم.pdf		قضاء	بحث	قناة المجلات والصحف القانونية	
great_law_3483	أحكام البطلان في الإجراءات والمحاكمات الجزائية دراسة مقارنة بين القانونين الفلسطيني والأردني		القضاء	بحث	المكتبة القانونية الكبرى	
great_law_3553	الضمانات الدستورية للمتهم في مرحلة المحاكمة.		القانون الدستوري	مادة قانونية	المكتبة القانونية الكبرى	
great_law_3647	خصوصيات النظام القانوني للمحاكم العسكرية		الأنظمة واللوائح	نظام	المكتبة القانونية الكبرى	
great_law_3677	ضمانات التحقيق مع الأحداث في مرحلة ما قبل المحاكمة في القانونين الأردني والعراقي		عام	مادة قانونية	المكتبة القانونية الكبرى	
great_law_3695	الدفوع الموضوعية أمام المحاكم الجزائية		عام	مادة قانونية	المكتبة القانونية الكبرى	
great_law_3707	ضمانات المتهم في مرحلة المحاكمة على ضوء قانون الإجراءات الجزائية الجزائري		عام	مادة قانونية	المكتبة القانونية الكبرى	
great_law_3911	كتاب أصول المحاكمات الجزائية - الدعوى الجنائية تأليف : د. جلال ثروت، د. سليمان عبد المنعم		القانون الجنائي	كتاب	المكتبة القانونية الكبرى	
great_law_4145	لوائح احوال شخصية.pdf ملزمة فنون المحاماة والترافع أمام المحاكم الشرعية. أعداد المحامي علاء الطائي		المحاماة	مادة قانونية	المكتبة القانونية الكبرى	
great_law_4186	ملخص شرح قانون أصول المحاكمات الجزائيةالعراقي النافذ( سؤال _جواب)		عام	شرح	المكتبة القانونية الكبرى	
great_law_4189	كتاب فن المرافعة وصناعة المحامي ووكيل النيابة المترافع أمام المحاكم الجنائية تأليف المحامي حامد الشريف		المحاماة	كتاب	المكتبة القانونية الكبرى	
great_law_4202	ثلاث مواضيع مهمة في قانون اصول المحاكمات الجزائية للدكتور براء منذر		عام	مادة قانونية	المكتبة القانونية الكبرى	
great_law_4211	كتاب اصول المحاكمات الجزائية كتاب منهجي. تأليف القاضي جمال محمد مصطفى		القضاء	كتاب	المكتبة القانونية الكبرى	
great_law_4270	رسالة ماجستير -اجرام الاحداث ومحاكمتهم في الفقه الاسلامي		الأبحاث والرسائل	رسالة علمية	المكتبة القانونية الكبرى	
great_law_4298	المحاكم الجنائية المدوّلة		القانون الجنائي	مادة قانونية	المكتبة القانونية الكبرى	
great_law_4394	إجراءات قسمة التركات في المحاكم إعداد الشيخ ناصر بن عبد الله الجربوع		عام	مادة قانونية	المكتبة القانونية الكبرى	
great_law_4403	المحاكم الجنائية المدوولة إعداد أ.د. عامر عبد الفتاح الجومرد و د. عبد الله علي عبو		القانون الجنائي	مادة قانونية	المكتبة القانونية الكبرى	
great_law_4773	مبدأ عدم جواز محاكمة الشخص عن ذات الفعل مرتين في القانون الوطني والدولي الجنائي		القانون الجنائي	مادة قانونية	المكتبة القانونية الكبرى	
great_law_4779	دور مجلس الأمن في تشكيل المحاكم الدولية الجنائية الخاصة		القانون الجنائي	مادة قانونية	المكتبة القانونية الكبرى	
great_law_4900	المدعي العام في المحاكم الجنائية الدولية		القانون الجنائي	مادة قانونية	المكتبة القانونية الكبرى	
great_law_4944	الاختصاص القضائي الإلكتروني للمحاكم العراقية		القضاء	مادة قانونية	المكتبة القانونية الكبرى	
great_law_5025	المحاكمة خلال آجال معقولة		عام	مادة قانونية	المكتبة القانونية الكبرى	
great_law_5178	كتاب في شرح قانون الاجراءات الجنائية ((المحاكمة والطعن والاحكام)) تأليف الدكتور محمود سليمان كبيش		القضاء	شرح	المكتبة القانونية الكبرى	
great_law_5203	الاختصاص العالمي لمحاكم الجنايات الوطنية		عام	مادة قانونية	المكتبة القانونية الكبرى	
great_law_5305	المحاكم الجنائية المدولة في نطاق القانون الدولي		القانون الجنائي	مادة قانونية	المكتبة القانونية الكبرى	
great_law_5383	توقيف المتهم بين المبررات والضمانات - دراسة في قانون أصول المحاكمات الجزائية العراقي -		الأبحاث والرسائل	بحث	المكتبة القانونية الكبرى	
great_law_8628	كتاب مهم جدا . القضاء العسكري و القانون الدولي المحاكم العسكرية و انتهاكات حقوق الإنسان . تأليف الدكتور فيدريكو اندرو .pdf		القضاء	كتاب	المكتبة القانونية الكبرى	
great_law_15213	التحقيق والمحاكمة الجنائية في ظل تقنية الاتصال عن بعد (دراسة مقارنة) إعداد الدكتور/ أحمد السيد الشودافي علي النجار مدرس القانون الجنائي كلية الحقوق ـ جامعة الزقازيق		القانون الجنائي	بحث	المكتبة القانونية الكبرى	
great_law_15298	ضمانات المحاكمة العادلة للمتهم في القانون الروماني والشريعة الإسلامية إعداد الدكتور/ عبدالعزيز حسن صالح المدرس بكلية الحقوق جامعة أسيوط والأستاذ المساعد بكلية الحقوق جامعة البحرين		عام	مادة قانونية	المكتبة القانونية الكبرى	
great_law_15324	الإشكالات القانونية ذات الصلة بمحاكمة المدنيين أمام القضاء العسكري إعداد الدكتور/ أحمد محمد عبدالحق عبدالله دكتوراه في القانون الجنائي كلية الحقوق ـ جامعة حلوان		القضاء	رسالة علمية	المكتبة القانونية الكبرى	
great_law_15377	الجرائم المعلوماتية في دولة الإمارات والوطن العربي المستشار / أيمن رسلان القاضي بمحاكم دبي والمستشار بمحكمة الإستئناف العليا بالقاهرة		القضاء	مادة قانونية	المكتبة القانونية الكبرى	
najran_art_14622	لا يجوز توقيع عقوبة جزائية على أي شخص, إلا بعد ثبوت إدانته بأمر محظور شرعاً أو نظاماً بعد محاكمة تُجْرى وفقاً للمقتضى الشرعي. المادة الثالثة من نظام ا...		المقالات والأوراق القانونية	مقال	قسم الأنظمة - جامعة نجران	
intlaw_60	كلُّ شخص متَّهم بجريمة يُعتبَر بريئًا إلى أن يثبت ارتكابُه لها قانونًا في محاكمة علنية تكون قد وُفِّرت له فيها جميعُ الضمانات اللازمة للدفاع عن نفسه. ...		القانون الجنائي	مقال	القانون الدولي العام	
intlaw_131	من خصائص المحكمة الجنائية الدولية مبدأ التكامل ويعني أن اختصاص المحاكمة عن جرائم الحرب تكون من اختصاص القانون الوطني بحسب الأصل، وأن اختصاص المحكمة مك...		المقالات والأوراق القانونية	مقال	القانون الدولي العام	
intlaw_201	أن المحاكم الجنائية الدولية المؤقتة السابقة والمحكمة الجنائية الدولية الدائمة لم تأخذ بمبدأ الحصانة الدبلوماسية ولا بالصفات الرسمية للأشخاص المتهمين و...		القانون الدولي	مقال	القانون الدولي العام	
intlaw_315	جاءت عصبة الأمم بمشاريع مهمة منها ما يتعلق بإنشاء محكمة العدل الدولية الدائمة، وآخر لتأسيس محكمة عليا خاصة لمحاكمة الاشخاص الذين ارتكبوا جرائم دولية و...		القانون الدولي	مقال	القانون الدولي العام	
buhooth_bc9c5716	المحاكم الشرعية في نيجيريا: تحدياتٌ، وحلولٌ	يحيى مينا صالح	الأبحاث القانونية والقضائية	بحث	موقع بحوث - المجلة العربية للدراسات الإسلامية والشرعية (مصر)	https://www.buhooth.link:8080/data/journals/%D8%A7%D9%84%D9%85%D8%AC%D9%84%D8%A9%20%D8%A7%D9%84%D8%B9%D8%B1%D8%A8%D9%8A%D8%A9%20%D9%84%D9%84%D8%AF%D8%B1%D8%A7%D8%B3%D8%A7%D8%AA%20%D8%A7%D9%84%D8%A5%D8%B3%D9%84%D8%A7%D9%85%D9%8A%D8%A9%20%D9%88%D8%A7%D9%84%D8%B4%D8%B1%D8%B9%D9%8A%D8%A9%20%28%D9%85%D8%B5%D8%B1%29/9/33/18%20%D8%A7%D9%84%D9%85%D8%AD%D8%A7%D9%83%D9%85%20%D8%A7%D9%84%D8%B4%D8%B1%D8%B9%D9%8A%D8%A9%20%D9%81%D9%8A%20%D9%86%D9%8A%D8%AC%D9%8A%D8%B1%D9%8A%D8%A7%24%20%D8%AA%D8%AD%D8%AF%D9%8A%D8%A7%D8%AA%D9%8C%D8%8C%20%D9%88%D8%AD%D9%84%D9%88%D9%84%D9%8C.pdf?v=
buhooth_b3fce4dd	الآثار النظامية المترتبة على قيمة المطالبات المالية وفقاً لنظام المحاكم التجارية	أ. د. أحمد بن عبد العزيز بن شبيب	الأنظمة	بحث	موقع بحوث - مجلة الجامعة الإسلامية للعلوم الشرعية (السعودية)	https://www.buhooth.link:8080/data/journals/%D9%85%D8%AC%D9%84%D8%A9%20%D8%A7%D9%84%D8%AC%D8%A7%D9%85%D8%B9%D8%A9%20%D8%A7%D9%84%D8%A5%D8%B3%D9%84%D8%A7%D9%85%D9%8A%D8%A9%20%D9%84%D9%84%D8%B9%D9%84%D9%88%D9%85%20%D8%A7%D9%84%D8%B4%D8%B1%D8%B9%D9%8A%D8%A9%20%28%D8%A7%D9%84%D8%B3%D8%B9%D9%88%D8%AF%D9%8A%D8%A9%29/200/2/13%20%D8%A7%D9%84%D8%A2%D8%AB%D8%A7%D8%B1%20%D8%A7%D9%84%D9%86%D8%B8%D8%A7%D9%85%D9%8A%D8%A9%20%D8%A7%D9%84%D9%85%D8%AA%D8%B1%D8%AA%D8%A8%D8%A9%20%D8%B9%D9%84%D9%89%20%D9%82%D9%8A%D9%85%D8%A9%20%D8%A7%D9%84%D9%85%D8%B7%D8%A7%D9%84%D8%A8%D8%A7%D8%AA%20%D8%A7%D9%84%D9%85%D8%A7%D9%84%D9%8A%D8%A9%20%D9%88%D9%81%D9%82%D8%A7%D9%8B%20%D9%84%D9%86%D8%B8%D8%A7%D9%85%20%D8%A7%D9%84%D9%85%D8%AD%D8%A7%D9%83%D9%85%20%D8%A7%D9%84%D8%AA%D8%AC%D8%A7%D8%B1%D9%8A%D8%A9.pdf?v=
buhooth_39c7b064	المركز القانوني للمصلح في المحاكم السعودية	أ. د. سالم بن راشد العزيزي	الأنظمة	بحث	موقع بحوث - مجلة جامعة أم القرى لعلوم الشريعة والدراسات الإسلامية (السعودية)	https://www.buhooth.link:8080/data/journals/%D9%85%D8%AC%D9%84%D8%A9%20%D8%AC%D8%A7%D9%85%D8%B9%D8%A9%20%D8%A3%D9%85%20%D8%A7%D9%84%D9%82%D8%B1%D9%89%20%D9%84%D8%B9%D9%84%D9%88%D9%85%20%D8%A7%D9%84%D8%B4%D8%B1%D9%8A%D8%B9%D8%A9%20%D9%88%D8%A7%D9%84%D8%AF%D8%B1%D8%A7%D8%B3%D8%A7%D8%AA%20%D8%A7%D9%84%D8%A5%D8%B3%D9%84%D8%A7%D9%85%D9%8A%D8%A9%20%28%D8%A7%D9%84%D8%B3%D8%B9%D9%88%D8%AF%D9%8A%D8%A9%29/92/14%20%D8%A7%D9%84%D9%85%D8%B1%D9%83%D8%B2%20%D8%A7%D9%84%D9%82%D8%A7%D9%86%D9%88%D9%86%D9%8A%20%D9%84%D9%84%D9%85%D8%B5%D9%84%D8%AD%20%D9%81%D9%8A%20%D8%A7%D9%84%D9%85%D8%AD%D8%A7%D9%83%D9%85%20%D8%A7%D9%84%D8%B3%D8%B9%D9%88%D8%AF%D9%8A%D8%A9.pdf?v=
buhooth_0b2dfed9	الامتناع عن النطق بالعقوبة في القانون الكويتي وتطبيقاته في المحاكم الكويتية: دراسةٌ فقهيةٌ مقاصديةٌ	د. عمر بن عبد الله الشهابي	الأنظمة	بحث	موقع بحوث - مجلة جامعة الشارقة للعلوم الشرعية والدراسات الإسلامية (الإمارات)	https://www.buhooth.link:8080/data/journals/%D9%85%D8%AC%D9%84%D8%A9%20%D8%AC%D8%A7%D9%85%D8%B9%D8%A9%20%D8%A7%D9%84%D8%B4%D8%A7%D8%B1%D9%82%D8%A9%20%D9%84%D9%84%D8%B9%D9%84%D9%88%D9%85%20%D8%A7%D9%84%D8%B4%D8%B1%D8%B9%D9%8A%D8%A9%20%D9%88%D8%A7%D9%84%D8%AF%D8%B1%D8%A7%D8%B3%D8%A7%D8%AA%20%D8%A7%D9%84%D8%A5%D8%B3%D9%84%D8%A7%D9%85%D9%8A%D8%A9%20%28%D8%A7%D9%84%D8%A5%D9%85%D8%A7%D8%B1%D8%A7%D8%AA%29/22/4/3%20%D8%A7%D9%84%D8%A7%D9%85%D8%AA%D9%86%D8%A7%D8%B9%20%D8%B9%D9%86%20%D8%A7%D9%84%D9%86%D8%B7%D9%82%20%D8%A8%D8%A7%D9%84%D8%B9%D9%82%D9%88%D8%A8%D8%A9%20%D9%81%D9%8A%20%D8%A7%D9%84%D9%82%D8%A7%D9%86%D9%88%D9%86%20...%20%D9%81%D9%8A%20%D8%A7%D9%84%D9%85%D8%AD%D8%A7%D9%83%D9%85%20%D8%A7%D9%84%D9%83%D9%88%D9%8A%D8%AA%D9%8A%D8%A9%24%20%D8%AF%D8%B1%D8%A7%D8%B3%D8%A9%D9%8C%20%D9%81%D9%82%D9%87%D9%8A%D8%A9%D9%8C%20%D9%85%D9%82%D8%A7%D8%B5%D8%AF%D9%8A%D8%A9%D9%8C.pdf?v=
nezams_004	نظام المحاكم التجارية		المحاكم والمرافعات	نظام	منصة نظامي للأنظمة السعودية (nezams.com)	https://nezams.com/نظام-المحاكم-التجارية
