qadaa_1076	جلاء العينين في محاكمة الأحمدين	نعمان بن محمود بن عبد الله، أبو البركات خير الدين، الألوسي	المحاكم والمرافعات	متن	المكتبة الشاملة
qadaa_1374	المحاكمة بين المفسرين أبي حيان وابن عطية ومحمود الزمخشري من أول الكتاب إلى نهاية سورة يوسف تحقيق ودراسة		المحاكم والمرافعات	بحث	مكتبة الباحث العلمي
qadaa_2143	مبتكرات اللآلي والدرر في المحاكمة بين العيني وابن حجر - ت الروبي وعرفة		المحاكم والمرافعات	متن	مكتبة الباحث العلمي
qadaa_2258	محاكمة الغماري وابن عاشور في حديث مدينة العلم		المحاكم والمرافعات	متن	مكتبة الباحث العلمي
qadaa_2739	جلاء العينين بمحاكمة الأحمدين ابن تيمية، ابن الهيتمي		المحاكم والمرافعات	متن	مكتبة الباحث العلمي
qadaa_3481	محاكمة يهوذا الاسخريوطي الخائن المصلوب		المحاكم والمرافعات	متن	مكتبة الباحث العلمي
qadaa_4439	حقوق الإنسان بعد المحاكمة في الفقه والنظام وتطبيقاتهما في المملكة العربية السعودية		الأنظمة والتشريعات	نظام	مكتبة الباحث العلمي
qadaa_5303	ضمانات المتهم أثناء المحاكمة دراسة مقارنة بين الفقه الإسلامي والقانون الكويتي		الأنظمة والتشريعات	بحث	مكتبة الباحث العلمي
qadaa_5429	محاكمة الوزراء في الفقه والنظام السعودي		الأنظمة والتشريعات	نظام	مكتبة الباحث العلمي
qadaa_6821	حق المتهم أو الظنين في محاكمة عادلة في قانون المحاكمات الجزائية الأردني		الأنظمة والتشريعات	نظام	مكتبة الباحث العلمي
qadaa_7012	تحديد جهة الاختصاص لمحاكمة الإعلاميين		المحاكم والمرافعات	متن	مكتبة الباحث العلمي
qadaa_7236	محاكمة الخنثى قصيدة النثر في الخطاب النقدي العراقي		المحاكم والمرافعات	نظم	مكتبة الباحث العلمي
qadaa_8311	محاكمة الصهيونية الإسرائيلية		المحاكم والمرافعات	متن	مكتبة الباحث العلمي
qadaa_8700	محاكمة الشعراوي ما له وما عليه		المحاكم والمرافعات	متن	مكتبة الباحث العلمي
qadaa_8730	محاكمة جارودي		المحاكم والمرافعات	متن	مكتبة الباحث العلمي
qadaa_9224	نظم العدالة الجنائية في الدول العربية التحقيق والمحاكمة		المحاكم والمرافعات	نظم	مكتبة الباحث العلمي
qadaa_9268	نظم العدالة الجنائية في الدول العربية المراحل السابقة على المحاكمة		المحاكم والمرافعات	نظم	مكتبة الباحث العلمي
qadaa_9935	محاكمة دمنة		المحاكم والمرافعات	متن	مكتبة الباحث العلمي
qadaa_11103	حقوق المجني عليه في مرحلتي التحقيق والمحاكمة دراسة مقارنة بين الشريعة والنظام	عبيد بن فرحان سعود السحيمي	الأنظمة والتشريعات	بحث	مكتبة الباحث العلمي
qadaa_11223	الحق أن المستحق للمحاكمة هو تركي الحمد	عبد المحسن بن حمد العباد البدر	المحاكم والمرافعات	متن	مكتبة الباحث العلمي
qadaa_11293	جلاء العينين في محاكمة الأحمدين- داود بن عثمان- دكتوراة		المحاكم والمرافعات	متن	مكتبة الباحث العلمي
qadaa_11316	التأثير على إرادة المتهم في مرحلتي التحقيق والمحاكمة - سعد بخيت - ماجستير		المحاكم والمرافعات	متن	مكتبة الباحث العلمي
qadaa_11533	إشكاليات تدعيم مبدأ أصل البراءة في مرحلة المحاكمة	د. أحمد لطفي السيد مرعي	المحاكم والمرافعات	بحث	موقع بحوث
qadaa_11734	محاكمة الغماري وابن عاشور في حديث: (مدينة العلم)	أ. د. أحمد بن علي الحندودي الغامدي	المحاكم والمرافعات	بحث	موقع بحوث
qadaa_11927	إيجاز الإطناب: مناقدةٌ بلاغيةٌ ومحاكمةٌ عقليةٌ	د. هاني بن عبيد الله الصاعدي	المحاكم والمرافعات	بحث	موقع بحوث
qadaa_12232	انحراف الأحداث: الأسباب، والعلاج، والمحاكمة	عبد الله بن عبد الرحمن الدويش	المحاكم والمرافعات	بحث	موقع بحوث
rasail_13965	المحاكمة بين المفسرين أبي حيان		القضاء الشرعي	بحث	جامعة الرسائل العلمية
rasail_14090	جلاء العينين في محاكمة الأحمدين داود		القضاء الشرعي	بحث	جامعة الرسائل العلمية
rasail_14132	حقوق المتهم فـي مرحلة المحاكمة دراســــــة		القضاء الشرعي	بحث	جامعة الرسائل العلمية
rasail_14258	إشكالات التنفيذ في قانون أصول المحاكمة		المحاكم والمرافعات	بحث	جامعة الرسائل العلمية
rasail_14275	إجراءات التحقيق والمحاكمة أمام المحكمة		المحاكم والمرافعات	بحث	جامعة الرسائل العلمية
rasail_14722	ضمانات المحاكمة العادلة أمام محكمة		القضاء الشرعي	بحث	جامعة الرسائل العلمية
rasail_14750	محاكمة المتهم الفار من وجه العدالة		القضاء الشرعي	بحث	جامعة الرسائل العلمية
rasail_15312	المحاكمة العادلة بين معايير الشريعة		القضاء الشرعي	بحث	جامعة الرسائل العلمية
rasail_15363	انموذج محاكمة لعمليات مجزرة المعيصم		القضاء الشرعي	بحث	جامعة الرسائل العلمية
rasail_15436	جريمة التخابر واجراءات محاكمة مرتكبيها		الجنايات والحدود	بحث	جامعة الرسائل العلمية
rasail_15454	حق المتهم في محاكمة عادلة في التشريع		الأنظمة والتشريعات	بحث	جامعة الرسائل العلمية
rasail_15785	ضمانات المتهم أمام المحاكم الجنائية الدولية أثناء التحقيق والمحاكمة		الجنايات والحدود	بحث	جامعة الرسائل العلمية
rasail_15787	ضمانات المتهم في محاكمة عادلة في المواثيق الدولية والتشريع الجزائري		الأنظمة والتشريعات	بحث	جامعة الرسائل العلمية
rasail_15788	ضمانت المتهم أثناء المحاكمة الجنائية دراسة مقارنة بين الشريعة الإسلامية		الجنايات والحدود	بحث	جامعة الرسائل العلمية
rasail_15789	ضمانت المتهم أثناء المحاكمة الجنائية		الجنايات والحدود	بحث	جامعة الرسائل العلمية
rasail_16607	ضمانات التحقيق مع الأحداث في مرحلة ما قبل المحاكمة في القانونيّن		الأنظمة والتشريعات	بحث	جامعة الرسائل العلمية
rasail_16623	اثر مبدا التقاضي الاداري على درجتين في سير اجراءات المحاكمة العادلة		القضاء الشرعي	بحث	جامعة الرسائل العلمية
rasail_17223	ضمانات المتهم أثناء المحاكمة دراسة مقارنة بين الفقه الاسلامي و القانون		الأنظمة والتشريعات	بحث	جامعة الرسائل العلمية
rasail_17965	اصول محاكمة المتهم امام محكمة الجنايات		الجنايات والحدود	بحث	جامعة الرسائل العلمية
rasail_18271	اعادة المحاكمة في الدعوى المدنية		المحاكم والمرافعات	بحث	جامعة الرسائل العلمية
rasail_18293	ضمانات المتهم العسكري في مرحلة المحاكمة		القضاء الشرعي	بحث	جامعة الرسائل العلمية
legal_lib_11427	تكوين لجنة محاكمة المحامين وتحريك		المحاماة والتحكيم	كتاب	المكتبة القانونية ⚖️
legal_lib_11980	إجراءات محاكمة الأحداث		القضاء والأنظمة العامة	كتاب	المكتبة القانونية ⚖️
legal_lib_12168	إجراءات المحاكمة في الدعوى الجزائية		المحاكم والمرافعات	كتاب	المكتبة القانونية ⚖️
legal_lib_12252	حقوق المتهم عند القبض والتحقيق والمحاكمة		المحاكم والمرافعات	كتاب	المكتبة القانونية ⚖️
legal_lib_12778	إعادة المحاكمة في نظام الإجراءات الجزائية السعودي		المحاكم والمرافعات	نظام	المكتبة القانونية ⚖️
legal_lib_12817	الدعوى الجزائية وإجراءات المحاكمة في نظام الإجراءات الجزائية		المحاكم والمرافعات	نظام	المكتبة القانونية ⚖️
alex_12792	حقوق المتهم وضماناته فى مرحلة المحاكمة		القضاء الشرعي	كتاب	مكتبة الإسكندرية
alex_60900	محاكمة مجرمى الحرب امام المحاكم الجنائية الدولية د ية وال		القضاء الشرعي	كتاب	مكتبة الإسكندرية
alex_60966	شخصيات وموضوعات باسلوب المحاكمة		القضاء الشرعي	كتاب	مكتبة الإسكندرية
alex_67644	حقوق المتهم وضماناته في مرحلة ما قبل المحاكمة		القضاء الشرعي	كتاب	مكتبة الإسكندرية
alex_69804	محاكمة القراصنة في المحاكم الوطنية		القضاء الشرعي	كتاب	مكتبة الإسكندرية
risail_6028	إعادة المحاكمة في ضوء قانون أصول		الأنظمة والتشريعات	رسالة علمية	قناة الرسائل العلمية
risail_6957	إشكالات التنفيذ في قانون أصول المحاكمة		الأنظمة والتشريعات	رسالة علمية	قناة الرسائل العلمية
risail_7169	إجراءات التحقيق والمحاكمة أمام المحكمة		التحكيم والوساطة	رسالة علمية	قناة الرسائل العلمية
risail_13120	ضمانات المحاكمة العادلة أمام محكمة		القضاء الشرعي	رسالة علمية	قناة الرسائل العلمية
risail_21007	المحاكمة العادلة بين معايير الشريعة		القضاء الشرعي	رسالة علمية	قناة الرسائل العلمية
risail_27506	ضمانات المتهم أمام المحاكم الجنائية الدولية أثناء التحقيق والمحاكمة		الجنايات والعقوبات	رسالة علمية	قناة الرسائل العلمية
risail_27511	ضمانت المتهم أثناء المحاكمة الجنائية دراسة مقارنة بين الشريعة الإسلامية		الجنايات والعقوبات	رسالة علمية	قناة الرسائل العلمية
risail_27512	ضمانت المتهم أثناء المحاكمة الجنائية		الجنايات والعقوبات	رسالة علمية	قناة الرسائل العلمية
risail_31041	ضمانات المتهم أمام المحاكم الجنائية الدولية أثناء التحقيق والمحاكمة		الجنايات والعقوبات	رسالة علمية	قناة الرسائل العلمية
risail_51794	إجراءات المحاكمة الجزائية عن بعد في النظام السعودي		الإجراءات القضائية	رسالة علمية	قناة الرسائل العلمية
archive_0761pdffile	رسائل قانونية جزائرية 0761 ضمانات المتهم في مرحلة المحاكمة على ضوء قانون الإجراءات الجزائية الجزائري Pdf كتاب File		المحاكم والمرافعات	كتاب	أرشيف الإنترنت
archive_AAskZad-1133747	Book مبادئ قانون الإجراءات الجنائية في التشريع المصري ( الجزء الثاني ) المحاكمة [1133747] --- أحمد حسني أحمد طه (مؤلف)	أحمد حسني أحمد طه (مؤلف)	المحاكم والمرافعات	كتاب	أرشيف الإنترنت
archive_AAlexandrina-427307	427307_حقوق_المتهم_وضماناته_في_مرحلة_ما_قبل_المحاكمة	"السعيدي، مطر سالم."	المحاكم والمرافعات	كتاب	أرشيف الإنترنت
archive_AAlexandrina-052477	052477_حقوق_المتهم_وضماناته_فى_مرحلة_المحاكمة	"حسنى، محمود نجيب."	المحاكم والمرافعات	كتاب	أرشيف الإنترنت
archive_AAskZad-0182208	Book الحماية الجنائية للحرية الشخصية في مرحلة ما قبل المحاكمة الجنائية - دراسة مقارنة [0182208] --- محمد محمد مصباح القاضي (مؤلف)	محمد محمد مصباح القاضي (مؤلف)	المحاكم والمرافعات	كتاب	أرشيف الإنترنت
archive_AAskZad-0182216	Book أصول المحاكمة الجنائية في التشريع الإسلامي وتطبيقاتها في القضاء السعودي [0182216] --- محمد محمد مصباح القاضي (مؤلف)	محمد محمد مصباح القاضي (مؤلف)	المحاكم والمرافعات	كتاب	أرشيف الإنترنت
archive_QAFEAAA	قضاء النقض في إجراءات المحاكمة الجنائية والإثبات الجنائي	محمد أحمد الشهير	الإثبات والشهادة	كتاب	أرشيف الإنترنت
archive_3_20240122_20240122_1652	ضمانات المتهم في مرحلة ما بعد المحاكمة دراسة مقارنة في ضوء التشريعات الفلسطينية والمعاير الدولية " نظام روما الاساسي	د. سعيد أبو فار	الأنظمة والتشريعات	كتاب	أرشيف الإنترنت
archive_BBib-Alex-15168	مذكرات_رجال_القانون_و_القضاء_محاكمة_ثورة_يوليو_15168_الجوادى،_محمد	الجوادى، محمد	القضاء الشرعي	كتاب	أرشيف الإنترنت
archive_docfile1010	محاكمة ومعاقبة مرتكبي الجرائم الكبرى أمام القضاء الدولي علي عبدا لله الحمادة.doc		القضاء الشرعي	كتاب	أرشيف الإنترنت
great_law_3553	الضمانات الدستورية للمتهم في مرحلة المحاكمة.		القانون الدستوري	مادة قانونية	المكتبة القانونية الكبرى
great_law_3677	ضمانات التحقيق مع الأحداث في مرحلة ما قبل المحاكمة في القانونين الأردني والعراقي		عام	مادة قانونية	المكتبة القانونية الكبرى
great_law_3707	ضمانات المتهم في مرحلة المحاكمة على ضوء قانون الإجراءات الجزائية الجزائري		عام	مادة قانونية	المكتبة القانونية الكبرى
great_law_4773	مبدأ عدم جواز محاكمة الشخص عن ذات الفعل مرتين في القانون الوطني والدولي الجنائي		القانون الجنائي	مادة قانونية	المكتبة القانونية الكبرى
great_law_5025	المحاكمة خلال آجال معقولة		عام	مادة قانونية	المكتبة القانونية الكبرى
great_law_5178	كتاب في شرح قانون الاجراءات الجنائية ((المحاكمة والطعن والاحكام)) تأليف الدكتور محمود سليمان كبيش		القضاء	شرح	المكتبة القانونية الكبرى
great_law_15213	التحقيق والمحاكمة الجنائية في ظل تقنية الاتصال عن بعد (دراسة مقارنة) إعداد الدكتور/ أحمد السيد الشودافي علي النجار مدرس القانون الجنائي كلية الحقوق ـ جامعة الزقازيق		القانون الجنائي	بحث	المكتبة القانونية الكبرى
great_law_15298	ضمانات المحاكمة العادلة للمتهم في القانون الروماني والشريعة الإسلامية إعداد الدكتور/ عبدالعزيز حسن صالح المدرس بكلية الحقوق جامعة أسيوط والأستاذ المساعد بكلية الحقوق جامعة البحرين		عام	مادة قانونية	المكتبة القانونية الكبرى
great_law_15324	الإشكالات القانونية ذات الصلة بمحاكمة المدنيين أمام القضاء العسكري إعداد الدكتور/ أحمد محمد عبدالحق عبدالله دكتوراه في القانون الجنائي كلية الحقوق ـ جامعة حلوان		القضاء	رسالة علمية	المكتبة القانونية الكبرى
najran_art_14622	لا يجوز توقيع عقوبة جزائية على أي شخص, إلا بعد ثبوت إدانته بأمر محظور شرعاً أو نظاماً بعد محاكمة تُجْرى وفقاً للمقتضى الشرعي. المادة الثالثة من نظام ا...		المقالات والأوراق القانونية	مقال	قسم الأنظمة - جامعة نجران
intlaw_60	كلُّ شخص متَّهم بجريمة يُعتبَر بريئًا إلى أن يثبت ارتكابُه لها قانونًا في محاكمة علنية تكون قد وُفِّرت له فيها جميعُ الضمانات اللازمة للدفاع عن نفسه. ...		القانون الجنائي	مقال	القانون الدولي العام
intlaw_131	من خصائص المحكمة الجنائية الدولية مبدأ التكامل ويعني أن اختصاص المحاكمة عن جرائم الحرب تكون من اختصاص القانون الوطني بحسب الأصل، وأن اختصاص المحكمة مك...		المقالات والأوراق القانونية	مقال	القانون الدولي العام
intlaw_315	جاءت عصبة الأمم بمشاريع مهمة منها ما يتعلق بإنشاء محكمة العدل الدولية الدائمة، وآخر لتأسيس محكمة عليا خاصة لمحاكمة الاشخاص الذين ارتكبوا جرائم دولية و...		القانون الدولي	مقال	القانون الدولي العام
