أرشيف الإنترنت	1959
القانون الدولي العام	134
المكتبة الشاملة	26
المكتبة العلمية	2
المكتبة القانونية الكبرى	1754
المكتبة القانونية ⚖️	510
المكتبة الوقفية	22
تسهيل الأنظمة	11
جامعة الرسائل العلمية	1125
قسم الأنظمة - جامعة نجران	48
قناة الرسائل العلمية	488
قناة المجلات والصحف القانونية	104
مكتبة الإسكندرية	502
مكتبة الباحث العلمي	1340
منصة نظامي للأنظمة السعودية (nezams.com)	14
موقع بحوث	417
موقع بحوث - أبحاث هيئة كبار العلماء (السعودية)	7
موقع بحوث - المجلة العربية للدراسات الإسلامية والشرعية (مصر)	103
موقع بحوث - المجلة العلمية لجامعة الملك فيصل للعلوم الإنسانية والإدارية (السعودية)	27
موقع بحوث - المجلة القضائية - وزارة العدل (السعودية)	61
موقع بحوث - مجلة أصول (السعودية)	5
موقع بحوث - مجلة الآداب - جامعة الملك سعود (السعودية)	21
موقع بحوث - مجلة البحوث الإسلامية (السعودية)	51
موقع بحوث - مجلة البحوث الفقهية المعاصرة (السعودية)	135
موقع بحوث - مجلة البحوث والدراسات القرآنية (السعودية)	10
موقع بحوث - مجلة الجامعة الإسلامية للعلوم الشرعية (السعودية)	216
موقع بحوث - مجلة الجامعة الإسلامية للغة العربية وآدابها (السعودية)	19
موقع بحوث - مجلة الجامعة القاسمية للعلوم الشرعية والدراسات الإسلامية (الإمارات)	10
موقع بحوث - مجلة الجمعية الفقهية السعودية	144
موقع بحوث - مجلة الحرمين الشريفين (السعودية)	4
موقع بحوث - مجلة الدراسات الإسلامية - جامعة الملك سعود (السعودية)	20
موقع بحوث - مجلة الدراسات الدعوية (السعودية)	10
موقع بحوث - مجلة الدراسات الطبية الفقهية (السعودية)	18
موقع بحوث - مجلة الدراسات العقدية (السعودية)	89
موقع بحوث - مجلة الشمال للعلوم الإنسانية (السعودية)	15
موقع بحوث - مجلة العدل - وزارة العدل (السعودية)	315
موقع بحوث - مجلة العلوم الإنسانية والإدارية - جامعة شقراء (السعودية)	8
موقع بحوث - مجلة العلوم التربوية والدراسات الإسلامية - جامعة الملك سعود (السعودية)	13
موقع بحوث - مجلة العلوم الشرعية - جامعة الإمام (السعودية)	133
موقع بحوث - مجلة العلوم الشرعية - جامعة القصيم (السعودية)	187
موقع بحوث - مجلة العلوم الشرعية والعربية - جامعة الإمام (السعودية)	4
موقع بحوث - مجلة العلوم الشرعية والقانونية - جامعة المجمعة (السعودية)	21
موقع بحوث - مجلة العلوم الشرعية واللغة العربية - جامعة الأميرة نورة (السعودية)	26
موقع بحوث - مجلة العلوم الشرعية واللغة العربية بجامعة الأمير سطام (السعودية)	43
موقع بحوث - مجلة العلوم العربية - جامعة الإمام (السعودية)	23
موقع بحوث - مجلة العلوم العربية والإنسانية - جامعة القصيم (السعودية)	14
موقع بحوث - مجلة الفقه الحنبلي وأصوله (الكويت)	2
موقع بحوث - مجلة المجمع الفقهي الإسلامي (السعودية)	10
موقع بحوث - مجلة تبيان للدراسات القرآنية (السعودية)	35
موقع بحوث - مجلة تدبر (السعودية)	5
موقع بحوث - مجلة تعظيم الوحيين (السعودية)	10
موقع بحوث - مجلة جامعة أم القرى لعلوم الشريعة والدراسات الإسلامية (السعودية)	114
موقع بحوث - مجلة جامعة الإمام عبد الرحمن بن فيصل للعلوم الإنسانية والتربوية (السعودية)	2
موقع بحوث - مجلة جامعة الباحة للعلوم الإنسانية (السعودية)	29
موقع بحوث - مجلة جامعة الشارقة للعلوم الشرعية والدراسات الإسلامية (الإمارات)	128
موقع بحوث - مجلة جامعة الشارقة للعلوم الشرعية والقانونية (الإمارات)	90
موقع بحوث - مجلة جامعة الطائف للعلوم الشرعية والقانونية (السعودية)	144
موقع بحوث - مجلة جامعة الملك خالد للعلوم الشرعية والدراسات الإسلامية (السعودية)	54
موقع بحوث - مجلة جامعة الملك عبد العزيز - الآداب والعلوم الإنسانية (السعودية)	36
موقع بحوث - مجلة جامعة بيشة للعلوم الإنسانية (السعودية)	11
موقع بحوث - مجلة جامعة تبوك للعلوم الإنسانية والاجتماعية (السعودية)	29
موقع بحوث - مجلة جامعة جازان للعلوم الإنسانية (السعودية)	51
موقع بحوث - مجلة جامعة طيبة للآداب والعلوم الإنسانية (السعودية)	66
موقع بحوث - مجلة دراسات إسلامية (السعودية)	22
موقع بحوث - مجلة قضاء (السعودية)	212
موقع بحوث - مجلة معهد الإمام الشاطبي للدراسات القرآنية (السعودية)	26
موقع بحوث - ‏‏مجلة العلوم الإنسانية - جامعة حائل (السعودية)	29
موقع د. عبدالعزيز الدغيثر (شبكة الألوكة)	4
