channel_handle,date,file_name,file_size,message_id,mime_type,reason,source,title
almuhamealfaqih,2022-09-29T12:00:00,الْدَّعَاوَى الْكَيْدِيَّةُ.pdf,426120,417,application/pdf,لا توجد دلالة قانونية أو قضائية كافية في العنوان أو وصف الرسالة,المحامي الفقيه,الْدَّعَاوَى الْكَيْدِيَّةُ
almuhamealfaqih,2022-09-29T12:00:01,الْدَّعَاوَى الْكَيْدِيَّةُ.docx,23731,418,application/vnd.openxmlformats-officedocument.wordprocessingml.document,لا توجد دلالة قانونية أو قضائية كافية في العنوان أو وصف الرسالة,المحامي الفقيه,الْدَّعَاوَى الْكَيْدِيَّةُ
almuhamealfaqih,2023-04-05T11:30:10,الملف_الرمضاني_التفاعلي_للشيخ_أ_د_سعد_الخثلان_1_230403_175236.pdf,5016623,627,application/pdf,فقه عام أو مادة تدريبية/وعظية لا تدخل في منهج المكنز,المحامي الفقيه,الملف الرمضاني التفاعلي للشيخ أ د سعد الخثلان 1 230403 175236
almuhamealfaqih,2023-04-15T21:42:59,مهارة وتمكين (وآتساب).pdf,521728,639,application/pdf,لا توجد دلالة قانونية أو قضائية كافية في العنوان أو وصف الرسالة,المحامي الفقيه,مهارة وتمكين (وآتساب
almuhamealfaqih,2023-07-17T18:53:32,تحديث دبلومات المعهد العالي.pdf,8392327,720,application/pdf,فقه عام أو مادة تدريبية/وعظية لا تدخل في منهج المكنز,المحامي الفقيه,تحديث دبلومات المعهد العالي
almuhamealfaqih,2023-10-30T06:38:38,‎⁨فتوى_حكم_التعامل_مع_تابي_وتمارا⁩_231029_212006.pdf,977280,812,application/pdf,لا توجد دلالة قانونية أو قضائية كافية في العنوان أو وصف الرسالة,المحامي الفقيه,فتوى حكم التعامل مع تابي وتمارا 231029 212006
almuhamealfaqih,2023-12-06T05:07:27,‎⁨جدول_أصحاب_الفروض_بدون_تلوين⁩.pdf,169836,835,application/pdf,لا توجد دلالة قانونية أو قضائية كافية في العنوان أو وصف الرسالة,المحامي الفقيه,جدول أصحاب الفروض بدون تلوين
almuhamealfaqih,2024-03-16T13:04:45,السورة_الجامعة_تفسير_سورة_الفاتحة_12_3_2024.pdf,5770650,945,application/pdf,فقه عام أو مادة تدريبية/وعظية لا تدخل في منهج المكنز,المحامي الفقيه,السورة الجامعة تفسير سورة الفاتحة 12 3 2024
almuhamealfaqih,2024-04-01T16:51:37,كتاب من يدعوني 14-11-2022.pdf,4180904,964,application/pdf,لا توجد دلالة قانونية أو قضائية كافية في العنوان أو وصف الرسالة,المحامي الفقيه,كتاب من يدعوني 14-11-2022
almuhamealfaqih,2024-04-05T16:39:54,🌟كتاب (من يدعوني)؟🤲📗.pdf,4180904,968,application/pdf,لا توجد دلالة قانونية أو قضائية كافية في العنوان أو وصف الرسالة,المحامي الفقيه,كتاب (من يدعوني)؟
almuhamealfaqih,2024-04-08T17:59:25,‎⁨زكاة الفطر (من الشرح الممتع)⁩.pdf,302761,970,application/pdf,فقه عام أو مادة تدريبية/وعظية لا تدخل في منهج المكنز,المحامي الفقيه,زكاة الفطر (من الشرح الممتع
almuhamealfaqih,2024-06-13T23:24:35,‎⁨مختصر كتاب المناسك ⁩.pdf,7298052,1010,application/pdf,فقه عام أو مادة تدريبية/وعظية لا تدخل في منهج المكنز,المحامي الفقيه,مختصر كتاب المناسك
almuhamealfaqih,2024-06-15T14:25:48,‎⁨كتاب من يدعوني 4-4-2022⁩.pdf,4723718,1012,application/pdf,لا توجد دلالة قانونية أو قضائية كافية في العنوان أو وصف الرسالة,المحامي الفقيه,كتاب من يدعوني 4-4-2022
almuhamealfaqih,2024-06-15T16:19:06,كتاب من يدعوني 14-11-2022.pdf,4180904,1014,application/pdf,لا توجد دلالة قانونية أو قضائية كافية في العنوان أو وصف الرسالة,المحامي الفقيه,كتاب من يدعوني 14-11-2022
almuhamealfaqih,2024-08-25T21:18:06,‎⁨تعريفات المعاملات الفقهية⁩.pdf,338907,1062,application/pdf,لا توجد دلالة قانونية أو قضائية كافية في العنوان أو وصف الرسالة,المحامي الفقيه,تعريفات المعاملات الفقهية
almuhamealfaqih,2024-09-05T07:47:25,المعيار_الشرعي_للوقف_د_سلطان_الناصر_💡.pdf,634474,1072,application/pdf,لا توجد دلالة قانونية أو قضائية كافية في العنوان أو وصف الرسالة,المحامي الفقيه,المعيار الشرعي للوقف د سلطان الناصر
almuhamealfaqih,2024-09-11T20:43:45,Total events.pdf,1804780,1085,application/pdf,لا توجد دلالة قانونية أو قضائية كافية في العنوان أو وصف الرسالة,المحامي الفقيه,Total events
almuhamealfaqih,2024-09-15T20:23:04,١٠٠ مصطلح ديوان المظالم .pdf,829695,1090,application/pdf,لا توجد دلالة قانونية أو قضائية كافية في العنوان أو وصف الرسالة,المحامي الفقيه,١٠٠ مصطلح ديوان المظالم
almuhamealfaqih,2024-10-18T10:37:34,قواعد الفرائض.pdf,227121,1120,application/pdf,لا توجد دلالة قانونية أو قضائية كافية في العنوان أو وصف الرسالة,المحامي الفقيه,قواعد الفرائض
almuhamealfaqih,2024-10-23T19:05:40,‎⁨جدول_أصحاب_الفروض_بدون_تلوين⁩_240924_174846.pdf,91373,1125,application/pdf,لا توجد دلالة قانونية أو قضائية كافية في العنوان أو وصف الرسالة,المحامي الفقيه,جدول أصحاب الفروض بدون تلوين 240924 174846
almuhamealfaqih,2024-10-27T07:39:35,الموظف العام والموظف الخاص .pdf,920733,1130,application/pdf,لا توجد دلالة قانونية أو قضائية كافية في العنوان أو وصف الرسالة,المحامي الفقيه,الموظف العام والموظف الخاص
almuhamealfaqih,2024-12-11T08:43:45,‎⁨فرائض2 - 46هـ⁩.pdf,4959588,1166,application/pdf,لا توجد دلالة قانونية أو قضائية كافية في العنوان أو وصف الرسالة,المحامي الفقيه,فرائض2 - 46ه
almuhamealfaqih,2025-01-23T22:30:49,فقه الأسرة (1) من كتاب الروض.pdf,3352465,1203,application/pdf,لا توجد دلالة قانونية أو قضائية كافية في العنوان أو وصف الرسالة,المحامي الفقيه,فقه الأسرة (1) من كتاب الروض
almuhamealfaqih,2025-02-07T17:32:46,🌟كتاب (من يدعوني)؟🤲📗.pdf,4180904,1212,application/pdf,لا توجد دلالة قانونية أو قضائية كافية في العنوان أو وصف الرسالة,المحامي الفقيه,كتاب (من يدعوني)؟
almuhamealfaqih,2025-02-13T12:02:41,‎⁨أحكام العزل من نظارة الوقف⁩.pdf,881445,1216,application/pdf,لا توجد دلالة قانونية أو قضائية كافية في العنوان أو وصف الرسالة,المحامي الفقيه,أحكام العزل من نظارة الوقف
almuhamealfaqih,2025-03-06T15:18:55,‎⁨اركض_بقلبك_روائع_مدارج_السالكين_لابن_القيم⁩.pdf,6894887,1240,application/pdf,لا توجد دلالة قانونية أو قضائية كافية في العنوان أو وصف الرسالة,المحامي الفقيه,اركض بقلبك روائع مدارج السالكين لابن القيم
almuhamealfaqih,2025-03-12T06:12:47,رمضان فرصة للتحرُّر.pdf,285949,1251,application/pdf,فقه عام أو مادة تدريبية/وعظية لا تدخل في منهج المكنز,المحامي الفقيه,رمضان فرصة للتحرُّر
almuhamealfaqih,2025-03-12T15:17:02,المُختصر في التفسير ( 38 ) لغة.pdf,1639505,1252,application/pdf,فقه عام أو مادة تدريبية/وعظية لا تدخل في منهج المكنز,المحامي الفقيه,المُختصر في التفسير ( 38 ) لغة
almuhamealfaqih,2025-03-13T04:44:54,من يدعوني؟🤲(نسخة جديدة)📕.pdf,8207170,1254,application/pdf,لا توجد دلالة قانونية أو قضائية كافية في العنوان أو وصف الرسالة,المحامي الفقيه,من يدعوني؟(نسخة جديدة
almuhamealfaqih,2025-03-14T00:17:10,‎⁨كُتُب الأدعيَة والأذكار.pdf,906249,1256,application/pdf,فقه عام أو مادة تدريبية/وعظية لا تدخل في منهج المكنز,المحامي الفقيه,كُتُب الأدعيَة والأذكار
almuhamealfaqih,2025-03-14T17:42:09,من يدعوني؟🤲(نسخة جديدة)📕.pdf,8207170,1257,application/pdf,لا توجد دلالة قانونية أو قضائية كافية في العنوان أو وصف الرسالة,المحامي الفقيه,من يدعوني؟(نسخة جديدة
almuhamealfaqih,2025-03-17T03:53:03,‎⁨اركض_بقلبك_روائع_مدارج_السالكين_لابن_القيم⁩.pdf,16808273,1263,application/pdf,لا توجد دلالة قانونية أو قضائية كافية في العنوان أو وصف الرسالة,المحامي الفقيه,اركض بقلبك روائع مدارج السالكين لابن القيم
almuhamealfaqih,2025-03-18T02:08:45,‎⁨كتاب_من_يدعوني_الطبعة_الثالثة_12_3_2025⁩.pdf,8211449,1265,application/pdf,لا توجد دلالة قانونية أو قضائية كافية في العنوان أو وصف الرسالة,المحامي الفقيه,كتاب من يدعوني الطبعة الثالثة 12 3 2025
almuhamealfaqih,2025-03-19T01:39:28,مختصر كتاب الصيام🌙.pdf,4666541,1266,application/pdf,فقه عام أو مادة تدريبية/وعظية لا تدخل في منهج المكنز,المحامي الفقيه,مختصر كتاب الصيام
almuhamealfaqih,2025-03-21T17:25:07,‎⁨كتاب_من_يدعوني_الطبعة_الثالثة_12_3_2025⁩.pdf,8211449,1271,application/pdf,لا توجد دلالة قانونية أو قضائية كافية في العنوان أو وصف الرسالة,المحامي الفقيه,كتاب من يدعوني الطبعة الثالثة 12 3 2025
almuhamealfaqih,2025-03-22T23:14:07,🤲كتاب (من يدعوني؟)📕طبعة جديدة.pdf,8211449,1275,application/pdf,لا توجد دلالة قانونية أو قضائية كافية في العنوان أو وصف الرسالة,المحامي الفقيه,كتاب (من يدعوني؟)طبعة جديدة
almuhamealfaqih,2025-03-26T06:22:04,ليلة سبع وعشرين 10-3-2025.pdf,4928682,1280,application/pdf,لا توجد دلالة قانونية أو قضائية كافية في العنوان أو وصف الرسالة,المحامي الفقيه,ليلة سبع وعشرين 10-3-2025
almuhamealfaqih,2025-03-26T22:16:47,🤲كتاب (من يدعوني؟)📕.pdf,8211449,1281,application/pdf,لا توجد دلالة قانونية أو قضائية كافية في العنوان أو وصف الرسالة,المحامي الفقيه,كتاب (من يدعوني؟
almuhamealfaqih,2025-03-28T18:12:06,🤲كتاب (من يدعوني؟)📕.pdf,8211449,1284,application/pdf,لا توجد دلالة قانونية أو قضائية كافية في العنوان أو وصف الرسالة,المحامي الفقيه,كتاب (من يدعوني؟
almuhamealfaqih,2025-04-04T11:30:06,🤲كتاب (من يدعوني؟)📕.pdf,8211449,1288,application/pdf,لا توجد دلالة قانونية أو قضائية كافية في العنوان أو وصف الرسالة,المحامي الفقيه,كتاب (من يدعوني؟
almuhamealfaqih,2025-04-18T16:37:14,ahwaal.pdf,8726998,1299,application/pdf,عنوان تقني أو عام لا يعرّف مادة قانونية بوضوح,المحامي الفقيه,ahwaal
almuhamealfaqih,2025-06-01T19:50:13,‎⁨عرض_مقرر_القواعد_الفقهية_كاملًا⁩.pdf,2751741,1341,application/pdf,لا توجد دلالة قانونية أو قضائية كافية في العنوان أو وصف الرسالة,المحامي الفقيه,عرض مقرر القواعد الفقهية كاملًا
almuhamealfaqih,2025-06-02T17:55:28,‎⁨مختصر كتاب المناسك 29-5-2025⁩.pdf,7299642,1344,application/pdf,فقه عام أو مادة تدريبية/وعظية لا تدخل في منهج المكنز,المحامي الفقيه,مختصر كتاب المناسك 29-5-2025
almuhamealfaqih,2025-06-05T17:41:46,📚كتاب (من يدعوني؟)🤲.pdf,8224246,1350,application/pdf,لا توجد دلالة قانونية أو قضائية كافية في العنوان أو وصف الرسالة,المحامي الفقيه,كتاب (من يدعوني؟
almuhamealfaqih,2025-07-14T23:13:02,حماية المسافرين.pdf,3032800,1372,application/pdf,لا توجد دلالة قانونية أو قضائية كافية في العنوان أو وصف الرسالة,المحامي الفقيه,حماية المسافرين
almuhamealfaqih,2025-07-22T23:25:21,pdf.pdf,6685709,1377,application/pdf,عنوان تقني أو عام لا يعرّف مادة قانونية بوضوح,المحامي الفقيه,pdf
almuhamealfaqih,2025-08-04T00:12:56,حساب_المواريث_بطريقة_الكسور_ط2_مع_غلاف.pdf,21678886,1384,application/pdf,لا توجد دلالة قانونية أو قضائية كافية في العنوان أو وصف الرسالة,المحامي الفقيه,حساب المواريث بطريقة الكسور ط2 مع غلاف
almuhamealfaqih,2025-08-15T05:53:28,حاشية على الروض المربع لابن خنين.pdf,22830319,1392,application/pdf,لا توجد دلالة قانونية أو قضائية كافية في العنوان أو وصف الرسالة,المحامي الفقيه,حاشية على الروض المربع لابن خنين
almuhamealfaqih,2025-08-31T20:51:54,ttmm.pdf,468982,1402,application/pdf,عنوان تقني أو عام لا يعرّف مادة قانونية بوضوح,المحامي الفقيه,ttmm
almuhamealfaqih,2025-10-30T22:11:10,‎ثلاث_تطبيقات_لقاء_القواعد_الفقهية.pdf,155861,1450,application/pdf,لا توجد دلالة قانونية أو قضائية كافية في العنوان أو وصف الرسالة,المحامي الفقيه,ثلاث تطبيقات لقاء القواعد الفقهية
almuhamealfaqih,2025-12-16T22:37:47,الوعد.pdf,2138103,1484,application/pdf,عنوان تقني أو عام لا يعرّف مادة قانونية بوضوح,المحامي الفقيه,الوعد
almuhamealfaqih,2025-12-20T17:56:57,المذكرات النسخة النهائية - Copy.pdf,16294920,1490,application/pdf,لا توجد دلالة قانونية أو قضائية كافية في العنوان أو وصف الرسالة,المحامي الفقيه,المذكرات النسخة النهائية - Copy
almuhamealfaqih,2025-12-22T07:16:53,الخرائط_الذهنية_للروض_المُربع_إصدار_1.pdf,81393643,1492,application/pdf,لا توجد دلالة قانونية أو قضائية كافية في العنوان أو وصف الرسالة,المحامي الفقيه,الخرائط الذهنية للروض المُربع إصدار 1
almuhamealfaqih,2025-12-22T10:50:02,جدول مقادير الديات والشجاج.pdf,5989432,1493,application/pdf,لا توجد دلالة قانونية أو قضائية كافية في العنوان أو وصف الرسالة,المحامي الفقيه,جدول مقادير الديات والشجاج
almuhamealfaqih,2026-01-13T22:27:25,pdf.pdf,7605586,1522,application/pdf,عنوان تقني أو عام لا يعرّف مادة قانونية بوضوح,المحامي الفقيه,pdf
almuhamealfaqih,2026-01-24T21:52:10,مقرر فقه المعاملات 1_260124_211920.pdf,2204813,1527,application/pdf,لا توجد دلالة قانونية أو قضائية كافية في العنوان أو وصف الرسالة,المحامي الفقيه,مقرر فقه المعاملات 1 260124 211920
almuhamealfaqih,2026-02-19T22:58:54,📚مختصر كتاب الزكاة.pdf,8139901,1550,application/pdf,فقه عام أو مادة تدريبية/وعظية لا تدخل في منهج المكنز,المحامي الفقيه,مختصر كتاب الزكاة
almuhamealfaqih,2026-02-23T13:33:29,مختصر كتاب الصيام🌙.pdf,4666541,1555,application/pdf,فقه عام أو مادة تدريبية/وعظية لا تدخل في منهج المكنز,المحامي الفقيه,مختصر كتاب الصيام
almuhamealfaqih,2026-02-23T21:19:18,كتب الشيخ سليمان الجاسر.pdf,4510606,1556,application/pdf,لا توجد دلالة قانونية أو قضائية كافية في العنوان أو وصف الرسالة,المحامي الفقيه,كتب الشيخ سليمان الجاسر
almuhamealfaqih,2026-04-04T04:51:43,مشكلات أول المعاملات.pdf,1834292,1579,application/pdf,لا توجد دلالة قانونية أو قضائية كافية في العنوان أو وصف الرسالة,المحامي الفقيه,مشكلات أول المعاملات
Lawy2r,2021-01-22T22:42:48,كتاب أحوال شخصية . .pdf,7574593,65,application/pdf,لا توجد دلالة قانونية أو قضائية كافية في العنوان أو وصف الرسالة,المحامي محمّد الشكرة,كتاب أحوال شخصية
Lawy2r,2021-02-27T15:31:40,‎⁨المصطلحات الشرعية⁩.pdf,861341,266,application/pdf,لا توجد دلالة قانونية أو قضائية كافية في العنوان أو وصف الرسالة,المحامي محمّد الشكرة,المصطلحات الشرعية
Lawy2r,2021-07-18T07:15:52,خارطة أصول الفقه .pdf,5239450,600,application/pdf,لا توجد دلالة قانونية أو قضائية كافية في العنوان أو وصف الرسالة,المحامي محمّد الشكرة,خارطة أصول الفقه
Lawy2r,2021-07-18T22:29:26,نسخة الأحوال المتدرب.pdf,966524,601,application/pdf,عنوان تقني أو عام لا يعرّف مادة قانونية بوضوح,المحامي محمّد الشكرة,نسخة الأحوال المتدرب
Lawy2r,2021-07-23T17:32:55,‎⁨حقيبة_مهارات_الترافع_دليل_المتدرب⁩.pdf,2172306,615,application/pdf,لا توجد دلالة قانونية أو قضائية كافية في العنوان أو وصف الرسالة,المحامي محمّد الشكرة,حقيبة مهارات الترافع دليل المتدرب
Lawy2r,2021-09-30T11:12:30,أبرز_المصادر_الفقهية_عند_المذاهب.pdf,351728,741,application/pdf,لا توجد دلالة قانونية أو قضائية كافية في العنوان أو وصف الرسالة,المحامي محمّد الشكرة,أبرز المصادر الفقهية عند المذاهب
Lawy2r,2021-10-03T10:54:01,تعريفات المعاملات الفقهية.pdf,338907,744,application/pdf,لا توجد دلالة قانونية أو قضائية كافية في العنوان أو وصف الرسالة,المحامي محمّد الشكرة,تعريفات المعاملات الفقهية
Lawy2r,2022-01-03T10:37:07,1-1.pdf,12957138,804,application/pdf,عنوان تقني أو عام لا يعرّف مادة قانونية بوضوح,المحامي محمّد الشكرة,1-1
Lawy2r,2022-01-03T10:37:07,12-1.pdf,10451495,805,application/pdf,عنوان تقني أو عام لا يعرّف مادة قانونية بوضوح,المحامي محمّد الشكرة,12-1
Lawy2r,2022-01-03T10:37:07,12-1 (1).pdf,10451495,806,application/pdf,لا توجد دلالة قانونية أو قضائية كافية في العنوان أو وصف الرسالة,المحامي محمّد الشكرة,12-1 (1
Lawy2r,2022-01-03T10:37:07,13-1.pdf,11072928,807,application/pdf,عنوان تقني أو عام لا يعرّف مادة قانونية بوضوح,المحامي محمّد الشكرة,13-1
Lawy2r,2022-01-03T10:37:07,11-1.pdf,10639850,808,application/pdf,عنوان تقني أو عام لا يعرّف مادة قانونية بوضوح,المحامي محمّد الشكرة,11-1
Lawy2r,2022-01-03T10:37:07,14-1.pdf,5387663,809,application/pdf,عنوان تقني أو عام لا يعرّف مادة قانونية بوضوح,المحامي محمّد الشكرة,14-1
Lawy2r,2022-01-03T10:37:07,13-1 (1).pdf,11072928,810,application/pdf,لا توجد دلالة قانونية أو قضائية كافية في العنوان أو وصف الرسالة,المحامي محمّد الشكرة,13-1 (1
Lawy2r,2022-01-03T10:37:08,5-1.pdf,7446483,811,application/pdf,عنوان تقني أو عام لا يعرّف مادة قانونية بوضوح,المحامي محمّد الشكرة,5-1
Lawy2r,2022-01-03T10:37:08,14-1 (1).pdf,5387663,812,application/pdf,لا توجد دلالة قانونية أو قضائية كافية في العنوان أو وصف الرسالة,المحامي محمّد الشكرة,14-1 (1
Lawy2r,2022-01-03T10:37:08,6-1.pdf,7324563,813,application/pdf,عنوان تقني أو عام لا يعرّف مادة قانونية بوضوح,المحامي محمّد الشكرة,6-1
Lawy2r,2022-01-03T10:37:08,7-1.pdf,7479291,814,application/pdf,عنوان تقني أو عام لا يعرّف مادة قانونية بوضوح,المحامي محمّد الشكرة,7-1
Lawy2r,2022-01-03T10:37:08,8-2.pdf,8503998,815,application/pdf,عنوان تقني أو عام لا يعرّف مادة قانونية بوضوح,المحامي محمّد الشكرة,8-2
Lawy2r,2022-01-03T10:37:08,10-1.pdf,9576314,816,application/pdf,عنوان تقني أو عام لا يعرّف مادة قانونية بوضوح,المحامي محمّد الشكرة,10-1
Lawy2r,2022-01-03T10:37:08,9-1.pdf,9115611,817,application/pdf,عنوان تقني أو عام لا يعرّف مادة قانونية بوضوح,المحامي محمّد الشكرة,9-1
Lawy2r,2022-02-07T19:36:12,الفرص_الوظيفية_لخريجي_كلية_الشريعة.pdf,425954,946,application/pdf,لا توجد دلالة قانونية أو قضائية كافية في العنوان أو وصف الرسالة,المحامي محمّد الشكرة,الفرص الوظيفية لخريجي كلية الشريعة
Lawy2r,2022-02-07T22:52:44,التوقيع على بياض.pdf,2159315,947,application/pdf,لا توجد دلالة قانونية أو قضائية كافية في العنوان أو وصف الرسالة,المحامي محمّد الشكرة,التوقيع على بياض
Lawy2r,2022-04-19T21:02:29,bf1b9e6f-26b6-4156-80bf-cd2a021bc09e.pdf,273428,1918,application/pdf,عنوان تقني أو عام لا يعرّف مادة قانونية بوضوح,المحامي محمّد الشكرة,bf1b9e6f-26b6-4156-80bf-cd2a021bc09e
Lawy2r,2022-04-24T02:33:34,1أسئلة للمراجعة معدلة.pdf,452699,2065,application/pdf,لا توجد دلالة قانونية أو قضائية كافية في العنوان أو وصف الرسالة,المحامي محمّد الشكرة,1أسئلة للمراجعة معدلة
Lawy2r,2022-04-24T02:33:34,الاسئلة_الواردة_في_مقابله_التحقيق.pdf,141254,2066,application/pdf,لا توجد دلالة قانونية أو قضائية كافية في العنوان أو وصف الرسالة,المحامي محمّد الشكرة,الاسئلة الواردة في مقابله التحقيق
Lawy2r,2023-03-03T14:52:21,اختبار انجليزي سابق 23273.pdf,101852,3141,application/pdf,لا توجد دلالة قانونية أو قضائية كافية في العنوان أو وصف الرسالة,المحامي محمّد الشكرة,اختبار انجليزي سابق 23273
Lawy2r,2023-03-07T14:32:36,مقادير الديات .pdf,450109,3148,application/pdf,لا توجد دلالة قانونية أو قضائية كافية في العنوان أو وصف الرسالة,المحامي محمّد الشكرة,مقادير الديات
Lawy2r,2023-03-13T16:19:09,نماذج قدرات الجامعيين.pdf,22758276,3160,application/pdf,لا توجد دلالة قانونية أو قضائية كافية في العنوان أو وصف الرسالة,المحامي محمّد الشكرة,نماذج قدرات الجامعيين
Lawy2r,2023-03-14T22:48:11,الديات ٢.pdf,461966,3170,application/pdf,لا توجد دلالة قانونية أو قضائية كافية في العنوان أو وصف الرسالة,المحامي محمّد الشكرة,الديات ٢
Lawy2r,2023-03-14T22:50:08,مذكرة الفقه.pdf,495531,3177,application/pdf,لا توجد دلالة قانونية أو قضائية كافية في العنوان أو وصف الرسالة,المحامي محمّد الشكرة,مذكرة الفقه
Lawy2r,2023-03-14T22:50:32,ملخص للجنائي العام.pdf,3140835,3178,application/pdf,لا توجد دلالة قانونية أو قضائية كافية في العنوان أو وصف الرسالة,المحامي محمّد الشكرة,ملخص للجنائي العام
Lawy2r,2023-03-14T22:50:49,جدول مقادير الديات والشجاج.pdf,295697,3179,application/pdf,لا توجد دلالة قانونية أو قضائية كافية في العنوان أو وصف الرسالة,المحامي محمّد الشكرة,جدول مقادير الديات والشجاج
Lawy2r,2023-03-17T15:24:18,تجميع المصطلحات الانجليزية .pdf,3265165,3185,application/pdf,لا توجد دلالة قانونية أو قضائية كافية في العنوان أو وصف الرسالة,المحامي محمّد الشكرة,تجميع المصطلحات الانجليزية
Lawy2r,2023-04-17T06:21:22,mshki11.pdf,10772061,3227,application/pdf,عنوان تقني أو عام لا يعرّف مادة قانونية بوضوح,المحامي محمّد الشكرة,mshki11
Lawy2r,2024-11-18T14:08:22,الواضح في شرح وسائل الاثبات.pdf,7624688,3687,application/pdf,لا توجد دلالة قانونية أو قضائية كافية في العنوان أو وصف الرسالة,المحامي محمّد الشكرة,الواضح في شرح وسائل الاثبات
Lawy2r,2025-07-07T18:16:12,توصيف_الأقضية_في_الشريعة_الإسلامية٢.pdf,5525522,3725,application/pdf,لا توجد دلالة قانونية أو قضائية كافية في العنوان أو وصف الرسالة,المحامي محمّد الشكرة,توصيف الأقضية في الشريعة الإسلامية٢
azizlawyer,2022-05-19T22:09:20,‎⁨مرشد_إجراءات_الحقوق_الخاصة_ج_2_الحقوق_العينية_قضايا_الأراضي.pdf,7772655,36,application/pdf,لا توجد دلالة قانونية أو قضائية كافية في العنوان أو وصف الرسالة,المحامي عبدالعزيز المطوع,مرشد إجراءات الحقوق الخاصة ج 2 الحقوق العينية قضايا الأراضي
azizlawyer,2022-05-19T22:10:52,حقوق كبار السن.pdf,1561598,38,application/pdf,لا توجد دلالة قانونية أو قضائية كافية في العنوان أو وصف الرسالة,المحامي عبدالعزيز المطوع,حقوق كبار السن
azizlawyer,2022-05-20T03:05:27,المذكرة الإيضاحية.pdf,1181413,79,application/pdf,لا توجد دلالة قانونية أو قضائية كافية في العنوان أو وصف الرسالة,المحامي عبدالعزيز المطوع,المذكرة الإيضاحية
azizlawyer,2022-05-20T14:34:29,نظام_الشركات_الأحيدب_والزيدان_رمضان_1443.pdf,2527311,104,application/pdf,فقه عام أو مادة تدريبية/وعظية لا تدخل في منهج المكنز,المحامي عبدالعزيز المطوع,نظام الشركات الأحيدب والزيدان رمضان 1443
azizlawyer,2022-05-20T14:40:14,الطرق_الحكمية_في_السياسة_الشرعية_ابن_القيم.pdf,13822726,110,application/pdf,لا توجد دلالة قانونية أو قضائية كافية في العنوان أو وصف الرسالة,المحامي عبدالعزيز المطوع,الطرق الحكمية في السياسة الشرعية ابن القيم
azizlawyer,2022-05-20T15:07:37,‎⁨المقرر و المستقر (2)⁩.pdf,2397969,124,application/pdf,لا توجد دلالة قانونية أو قضائية كافية في العنوان أو وصف الرسالة,المحامي عبدالعزيز المطوع,المقرر و المستقر (2
azizlawyer,2022-05-20T15:40:12,المجلد الأول مباديء العليا .pdf,28239488,164,application/pdf,لا توجد دلالة قانونية أو قضائية كافية في العنوان أو وصف الرسالة,المحامي عبدالعزيز المطوع,المجلد الأول مباديء العليا
azizlawyer,2022-05-20T15:40:16,المجلد الثاني مباديء العليا.pdf,21192794,165,application/pdf,لا توجد دلالة قانونية أو قضائية كافية في العنوان أو وصف الرسالة,المحامي عبدالعزيز المطوع,المجلد الثاني مباديء العليا
azizlawyer,2022-05-20T17:36:06,قواعد_السلوك_المهني_للأمناء_والخبراء.pdf,304910,173,application/pdf,لا توجد دلالة قانونية أو قضائية كافية في العنوان أو وصف الرسالة,المحامي عبدالعزيز المطوع,قواعد السلوك المهني للأمناء والخبراء
azizlawyer,2022-05-20T17:47:54,جميع الفوائد.pdf,4617458,185,application/pdf,لا توجد دلالة قانونية أو قضائية كافية في العنوان أو وصف الرسالة,المحامي عبدالعزيز المطوع,جميع الفوائد
azizlawyer,2022-05-20T17:52:18,الدليل_الإرشادي_لصياغة_تسوية_المنازعات.pdf,1098426,189,application/pdf,لا توجد دلالة قانونية أو قضائية كافية في العنوان أو وصف الرسالة,المحامي عبدالعزيز المطوع,الدليل الإرشادي لصياغة تسوية المنازعات
azizlawyer,2022-05-20T17:58:37,موسوعة القواعد الفقهية 1.pdf,7838935,196,application/pdf,لا توجد دلالة قانونية أو قضائية كافية في العنوان أو وصف الرسالة,المحامي عبدالعزيز المطوع,موسوعة القواعد الفقهية 1
azizlawyer,2022-05-20T17:58:54,موسوعة القواعد الفقهية 2.pdf,6106620,197,application/pdf,لا توجد دلالة قانونية أو قضائية كافية في العنوان أو وصف الرسالة,المحامي عبدالعزيز المطوع,موسوعة القواعد الفقهية 2
azizlawyer,2022-05-20T18:07:42,موسوعة القواعد الفقهية 3-4.pdf,6684528,198,application/pdf,لا توجد دلالة قانونية أو قضائية كافية في العنوان أو وصف الرسالة,المحامي عبدالعزيز المطوع,موسوعة القواعد الفقهية 3-4
azizlawyer,2022-05-20T18:08:02,موسوعة القواعد الفقهية 5-6-7.pdf,7079656,199,application/pdf,لا توجد دلالة قانونية أو قضائية كافية في العنوان أو وصف الرسالة,المحامي عبدالعزيز المطوع,موسوعة القواعد الفقهية 5-6-7
azizlawyer,2022-05-20T18:41:44,خدمة_تحديث_الصكوك_.pdf,9536198,228,application/pdf,فقه عام أو مادة تدريبية/وعظية لا تدخل في منهج المكنز,المحامي عبدالعزيز المطوع,خدمة تحديث الصكوك
azizlawyer,2022-05-20T19:31:47,تعميم_تحديث_صكوك_العقارات_في_قسمة_التركات.pdf,1257681,237,application/pdf,فقه عام أو مادة تدريبية/وعظية لا تدخل في منهج المكنز,المحامي عبدالعزيز المطوع,تعميم تحديث صكوك العقارات في قسمة التركات
azizlawyer,2022-05-21T00:32:15,مائة قاعدة فقهية.pdf,261504,246,application/pdf,لا توجد دلالة قانونية أو قضائية كافية في العنوان أو وصف الرسالة,المحامي عبدالعزيز المطوع,مائة قاعدة فقهية
azizlawyer,2022-05-21T02:42:34,قواعد أتعاب الأمناء والخبراء.pdf,8076343,280,application/pdf,لا توجد دلالة قانونية أو قضائية كافية في العنوان أو وصف الرسالة,المحامي عبدالعزيز المطوع,قواعد أتعاب الأمناء والخبراء
azizlawyer,2022-05-21T02:46:06,ضوابط_تسلم_المؤجر_الاصول_المنقولة.pdf,1093904,299,application/pdf,لا توجد دلالة قانونية أو قضائية كافية في العنوان أو وصف الرسالة,المحامي عبدالعزيز المطوع,ضوابط تسلم المؤجر الاصول المنقولة
azizlawyer,2022-05-21T03:00:25,الفصل_الثامن_عشر_الأحكام_الختامية.pdf,371887,336,application/pdf,لا توجد دلالة قانونية أو قضائية كافية في العنوان أو وصف الرسالة,المحامي عبدالعزيز المطوع,الفصل الثامن عشر الأحكام الختامية
azizlawyer,2022-05-21T03:00:25,الفصل السادس عشر أحكام ختامية.pdf,251880,339,application/pdf,لا توجد دلالة قانونية أو قضائية كافية في العنوان أو وصف الرسالة,المحامي عبدالعزيز المطوع,الفصل السادس عشر أحكام ختامية
azizlawyer,2022-05-21T03:00:25,الفصل الخامس عشر صلاحيات الوزير.pdf,257454,341,application/pdf,لا توجد دلالة قانونية أو قضائية كافية في العنوان أو وصف الرسالة,المحامي عبدالعزيز المطوع,الفصل الخامس عشر صلاحيات الوزير
azizlawyer,2022-05-21T03:00:25,الفصل_الرابع_عشر_حفظ_المستندات_والمسؤولية_التضامنية.pdf,298144,342,application/pdf,لا توجد دلالة قانونية أو قضائية كافية في العنوان أو وصف الرسالة,المحامي عبدالعزيز المطوع,الفصل الرابع عشر حفظ المستندات والمسؤولية التضامنية
azizlawyer,2022-05-21T03:00:25,الفصل الرابع عشر الغرامات.pdf,354254,343,application/pdf,لا توجد دلالة قانونية أو قضائية كافية في العنوان أو وصف الرسالة,المحامي عبدالعزيز المطوع,الفصل الرابع عشر الغرامات
azizlawyer,2022-05-21T03:00:25,الفصل_الثالث_عشر_سرية_المعلومات_وتبادلها.pdf,271730,344,application/pdf,لا توجد دلالة قانونية أو قضائية كافية في العنوان أو وصف الرسالة,المحامي عبدالعزيز المطوع,الفصل الثالث عشر سرية المعلومات وتبادلها
azizlawyer,2022-05-21T03:00:25,الفصل الثالث عشر تحصيل الضرائب.pdf,551043,345,application/pdf,لا توجد دلالة قانونية أو قضائية كافية في العنوان أو وصف الرسالة,المحامي عبدالعزيز المطوع,الفصل الثالث عشر تحصيل الضرائب
azizlawyer,2022-05-21T03:00:37,الفصل الثاني عشر استرداد الضريبة.pdf,343361,346,application/pdf,لا توجد دلالة قانونية أو قضائية كافية في العنوان أو وصف الرسالة,المحامي عبدالعزيز المطوع,الفصل الثاني عشر استرداد الضريبة
azizlawyer,2022-05-21T03:00:37,الفصل_الثاني_عشر_تقديم_الإقرارات_والربط_وإجراءات_الإعتراض_والاستئناف.pdf,717981,347,application/pdf,لا توجد دلالة قانونية أو قضائية كافية في العنوان أو وصف الرسالة,المحامي عبدالعزيز المطوع,الفصل الثاني عشر تقديم الإقرارات والربط وإجراءات الإعتراض والاستئناف
azizlawyer,2022-05-21T03:00:37,الفصل الحادي عشر سداد الضريبة.pdf,414440,348,application/pdf,لا توجد دلالة قانونية أو قضائية كافية في العنوان أو وصف الرسالة,المحامي عبدالعزيز المطوع,الفصل الحادي عشر سداد الضريبة
azizlawyer,2022-05-21T03:00:37,الفصل الحادي عشر أحكام عامة.pdf,368400,349,application/pdf,لا توجد دلالة قانونية أو قضائية كافية في العنوان أو وصف الرسالة,المحامي عبدالعزيز المطوع,الفصل الحادي عشر أحكام عامة
azizlawyer,2022-05-21T03:00:37,الفصل العاشر الإقرار الضريبي.pdf,337551,350,application/pdf,لا توجد دلالة قانونية أو قضائية كافية في العنوان أو وصف الرسالة,المحامي عبدالعزيز المطوع,الفصل العاشر الإقرار الضريبي
azizlawyer,2022-05-21T03:00:37,الفصل التاسع الفواتير الضريبية.pdf,317706,351,application/pdf,لا توجد دلالة قانونية أو قضائية كافية في العنوان أو وصف الرسالة,المحامي عبدالعزيز المطوع,الفصل التاسع الفواتير الضريبية
azizlawyer,2022-05-21T03:00:37,الفصل التاسع أحكام ختامية.pdf,331411,353,application/pdf,لا توجد دلالة قانونية أو قضائية كافية في العنوان أو وصف الرسالة,المحامي عبدالعزيز المطوع,الفصل التاسع أحكام ختامية
azizlawyer,2022-05-21T03:00:37,الفصل الثامن خصم الضريبة.pdf,330686,354,application/pdf,لا توجد دلالة قانونية أو قضائية كافية في العنوان أو وصف الرسالة,المحامي عبدالعزيز المطوع,الفصل الثامن خصم الضريبة
azizlawyer,2022-05-21T03:00:48,الفصل الثامن إجراءات التحصيل.pdf,427361,357,application/pdf,لا توجد دلالة قانونية أو قضائية كافية في العنوان أو وصف الرسالة,المحامي عبدالعزيز المطوع,الفصل الثامن إجراءات التحصيل
azizlawyer,2022-05-21T03:00:48,الفصل السابع احتساب الضريبة.pdf,330385,358,application/pdf,لا توجد دلالة قانونية أو قضائية كافية في العنوان أو وصف الرسالة,المحامي عبدالعزيز المطوع,الفصل السابع احتساب الضريبة
azizlawyer,2022-05-21T03:00:49,الفصل_السابع_قواعد_إضافية_تحديد_الوعاء_الضريبي.pdf,409821,359,application/pdf,لا توجد دلالة قانونية أو قضائية كافية في العنوان أو وصف الرسالة,المحامي عبدالعزيز المطوع,الفصل السابع قواعد إضافية تحديد الوعاء الضريبي
azizlawyer,2022-05-21T03:00:49,الفصل_السابع_إجراءات_الاعتراض_والاستئناف.pdf,289470,361,application/pdf,لا توجد دلالة قانونية أو قضائية كافية في العنوان أو وصف الرسالة,المحامي عبدالعزيز المطوع,الفصل السابع إجراءات الاعتراض والاستئناف
azizlawyer,2022-05-21T03:00:49,الفصل السادس الاستيراد.pdf,270100,362,application/pdf,لا توجد دلالة قانونية أو قضائية كافية في العنوان أو وصف الرسالة,المحامي عبدالعزيز المطوع,الفصل السادس الاستيراد
azizlawyer,2022-05-21T03:00:49,الفصل_السادس_قواعد_المحاسبة_الضريبية.pdf,351729,363,application/pdf,لا توجد دلالة قانونية أو قضائية كافية في العنوان أو وصف الرسالة,المحامي عبدالعزيز المطوع,الفصل السادس قواعد المحاسبة الضريبية
azizlawyer,2022-05-21T03:00:49,الفصل_السادس_التسجيل_وتقديم_الإقرار_والفحص_والربط.pdf,447836,365,application/pdf,لا توجد دلالة قانونية أو قضائية كافية في العنوان أو وصف الرسالة,المحامي عبدالعزيز المطوع,الفصل السادس التسجيل وتقديم الإقرار والفحص والربط
azizlawyer,2022-05-21T03:01:01,الفصل_الخامس_القيمة_الخاضعة_للضريبة.pdf,245612,366,application/pdf,لا توجد دلالة قانونية أو قضائية كافية في العنوان أو وصف الرسالة,المحامي عبدالعزيز المطوع,الفصل الخامس القيمة الخاضعة للضريبة
azizlawyer,2022-05-21T03:01:01,الفصل الخامس مصاريف تحقيق الدخل.pdf,533015,367,application/pdf,لا توجد دلالة قانونية أو قضائية كافية في العنوان أو وصف الرسالة,المحامي عبدالعزيز المطوع,الفصل الخامس مصاريف تحقيق الدخل
azizlawyer,2022-05-21T03:01:01,الفصل الخامس قواعد محاسبة الزكاة.pdf,437333,368,application/pdf,فقه عام أو مادة تدريبية/وعظية لا تدخل في منهج المكنز,المحامي عبدالعزيز المطوع,الفصل الخامس قواعد محاسبة الزكاة
azizlawyer,2022-05-21T03:01:01,الفصل الرابع مكان التوريد.pdf,325924,369,application/pdf,لا توجد دلالة قانونية أو قضائية كافية في العنوان أو وصف الرسالة,المحامي عبدالعزيز المطوع,الفصل الرابع مكان التوريد
azizlawyer,2022-05-21T03:01:01,الفصل_الرابع_الإقرار_بالضريبة_وسدادها.pdf,445448,370,application/pdf,لا توجد دلالة قانونية أو قضائية كافية في العنوان أو وصف الرسالة,المحامي عبدالعزيز المطوع,الفصل الرابع الإقرار بالضريبة وسدادها
azizlawyer,2022-05-21T03:01:02,الفصل_الرابع_الدخل_الخاضع_للضريبة_والدخول_المعفاة.pdf,428589,371,application/pdf,لا توجد دلالة قانونية أو قضائية كافية في العنوان أو وصف الرسالة,المحامي عبدالعزيز المطوع,الفصل الرابع الدخل الخاضع للضريبة والدخول المعفاة
azizlawyer,2022-05-21T03:01:02,الفصل_الرابع_حساب_الزكاة_بالأسلوب_التقديري.pdf,292380,372,application/pdf,فقه عام أو مادة تدريبية/وعظية لا تدخل في منهج المكنز,المحامي عبدالعزيز المطوع,الفصل الرابع حساب الزكاة بالأسلوب التقديري
azizlawyer,2022-05-21T03:01:02,الفصل_الثالث_توريدات_السلع_والخدمات.pdf,555607,373,application/pdf,لا توجد دلالة قانونية أو قضائية كافية في العنوان أو وصف الرسالة,المحامي عبدالعزيز المطوع,الفصل الثالث توريدات السلع والخدمات
azizlawyer,2022-05-21T03:01:02,الفصل_الثالث_الوعاء_الضريبي_وأسعار_الضريبة.pdf,351612,374,application/pdf,لا توجد دلالة قانونية أو قضائية كافية في العنوان أو وصف الرسالة,المحامي عبدالعزيز المطوع,الفصل الثالث الوعاء الضريبي وأسعار الضريبة
azizlawyer,2022-05-21T03:01:23,الفصل_الثالث_التعديل_على_نتيجة_النشاط.pdf,675133,376,application/pdf,لا توجد دلالة قانونية أو قضائية كافية في العنوان أو وصف الرسالة,المحامي عبدالعزيز المطوع,الفصل الثالث التعديل على نتيجة النشاط
azizlawyer,2022-05-21T03:01:23,الفصل_الثاني_المكلفون_بأداء_الضريبة.pdf,419036,377,application/pdf,لا توجد دلالة قانونية أو قضائية كافية في العنوان أو وصف الرسالة,المحامي عبدالعزيز المطوع,الفصل الثاني المكلفون بأداء الضريبة
azizlawyer,2022-05-21T03:01:23,الفصل_الثاني_التسجيل_لأغراض_الضريبة.pdf,423264,378,application/pdf,لا توجد دلالة قانونية أو قضائية كافية في العنوان أو وصف الرسالة,المحامي عبدالعزيز المطوع,الفصل الثاني التسجيل لأغراض الضريبة
azizlawyer,2022-05-21T03:01:23,الفصل_الثاني_تحديد_وعاء_الزكاة_لمن_يمسكون_الدفاتر_التجارية.pdf,3964848,379,application/pdf,فقه عام أو مادة تدريبية/وعظية لا تدخل في منهج المكنز,المحامي عبدالعزيز المطوع,الفصل الثاني تحديد وعاء الزكاة لمن يمسكون الدفاتر التجارية
azizlawyer,2022-05-21T03:01:24,الفصل_الأول_التعريفات_والأحكام_العامة_للزكاة.pdf,296957,380,application/pdf,فقه عام أو مادة تدريبية/وعظية لا تدخل في منهج المكنز,المحامي عبدالعزيز المطوع,الفصل الأول التعريفات والأحكام العامة للزكاة
azizlawyer,2022-05-21T03:01:24,الدليل إلى نظام الزكاة.pdf,194190,384,application/pdf,فقه عام أو مادة تدريبية/وعظية لا تدخل في منهج المكنز,المحامي عبدالعزيز المطوع,الدليل إلى نظام الزكاة
azizlawyer,2022-05-21T03:01:24,الدليل_التوضيحي_لأحكام_الأنظمة_الزكوية_والضريبية.pdf,11614098,385,application/pdf,لا توجد دلالة قانونية أو قضائية كافية في العنوان أو وصف الرسالة,المحامي عبدالعزيز المطوع,الدليل التوضيحي لأحكام الأنظمة الزكوية والضريبية
azizlawyer,2022-05-21T03:18:14,متطلبات اعتماد المكاتب الهندسية.pdf,91597,404,application/pdf,لا توجد دلالة قانونية أو قضائية كافية في العنوان أو وصف الرسالة,المحامي عبدالعزيز المطوع,متطلبات اعتماد المكاتب الهندسية
azizlawyer,2022-05-21T03:28:33,قواعد_السلوك_الوظيفي_واخلاقيات_الوظيفة_العامة.pdf,3025157,414,application/pdf,لا توجد دلالة قانونية أو قضائية كافية في العنوان أو وصف الرسالة,المحامي عبدالعزيز المطوع,قواعد السلوك الوظيفي واخلاقيات الوظيفة العامة
azizlawyer,2022-05-21T03:35:25,قواعد_السلوك_الوظيفي_واخلاقيات_الوظيفة_العامة.pdf,3025157,426,application/pdf,لا توجد دلالة قانونية أو قضائية كافية في العنوان أو وصف الرسالة,المحامي عبدالعزيز المطوع,قواعد السلوك الوظيفي واخلاقيات الوظيفة العامة
azizlawyer,2022-05-21T03:35:36,دليل تصنيف النفايات الطبية.pdf,605904,434,application/pdf,لا توجد دلالة قانونية أو قضائية كافية في العنوان أو وصف الرسالة,المحامي عبدالعزيز المطوع,دليل تصنيف النفايات الطبية
azizlawyer,2022-05-21T03:35:36,سياسات الزيارة بالمستشفيات .pdf,336759,435,application/pdf,لا توجد دلالة قانونية أو قضائية كافية في العنوان أو وصف الرسالة,المحامي عبدالعزيز المطوع,سياسات الزيارة بالمستشفيات
azizlawyer,2022-05-21T04:16:35,جميع انظمة الدولة بروابط مباشرة.pdf,12587710,457,application/pdf,لا توجد دلالة قانونية أو قضائية كافية في العنوان أو وصف الرسالة,المحامي عبدالعزيز المطوع,جميع انظمة الدولة بروابط مباشرة
azizlawyer,2022-05-21T04:22:21,كتاب_مسؤولية_المتبوع_عن_فعل_تابعه_مصطفى_الزرقا.pdf,579335,462,application/pdf,لا توجد دلالة قانونية أو قضائية كافية في العنوان أو وصف الرسالة,المحامي عبدالعزيز المطوع,كتاب مسؤولية المتبوع عن فعل تابعه مصطفى الزرقا
azizlawyer,2022-05-21T04:35:01,قضايا صناديق الاستثمار.pdf,945117,468,application/pdf,لا توجد دلالة قانونية أو قضائية كافية في العنوان أو وصف الرسالة,المحامي عبدالعزيز المطوع,قضايا صناديق الاستثمار
azizlawyer,2022-05-21T04:37:09,المباديء والقرارات 1.pdf,22402984,469,application/pdf,لا توجد دلالة قانونية أو قضائية كافية في العنوان أو وصف الرسالة,المحامي عبدالعزيز المطوع,المباديء والقرارات 1
azizlawyer,2022-05-22T00:14:22,الرشوة_وأحكامها_في_الفقه_الإسلامي_د_مجيد_صالح_إبراهيم_الكرطاني.pdf,5484247,480,application/pdf,لا توجد دلالة قانونية أو قضائية كافية في العنوان أو وصف الرسالة,المحامي عبدالعزيز المطوع,الرشوة وأحكامها في الفقه الإسلامي د مجيد صالح إبراهيم الكرطاني
azizlawyer,2022-05-22T08:57:00,تعليمات تملك الأجانب حصص - تداول.pdf,151179,485,application/pdf,لا توجد دلالة قانونية أو قضائية كافية في العنوان أو وصف الرسالة,المحامي عبدالعزيز المطوع,تعليمات تملك الأجانب حصص - تداول
azizlawyer,2022-05-23T14:02:52,بحث_المسؤولية_المدنية_لمقاولي_توريد_المنتجات.pdf,1563608,521,application/pdf,لا توجد دلالة قانونية أو قضائية كافية في العنوان أو وصف الرسالة,المحامي عبدالعزيز المطوع,بحث المسؤولية المدنية لمقاولي توريد المنتجات
azizlawyer,2022-05-23T14:21:46,المذكرة_التفسيريةللائحة_تقويم_الطالب_١٤٤٣.pdf,1591183,524,application/pdf,فقه عام أو مادة تدريبية/وعظية لا تدخل في منهج المكنز,المحامي عبدالعزيز المطوع,المذكرة التفسيريةللائحة تقويم الطالب ١٤٤٣
azizlawyer,2022-05-23T14:21:47,الخدمات_المقدمة_للطلاب_ذوي_الإعاقة_بوزارة_التعليم.pdf,1763137,527,application/pdf,لا توجد دلالة قانونية أو قضائية كافية في العنوان أو وصف الرسالة,المحامي عبدالعزيز المطوع,الخدمات المقدمة للطلاب ذوي الإعاقة بوزارة التعليم
azizlawyer,2022-05-23T14:22:58,دليل نظم وإجراءات الاختبارات.pdf,1756852,537,application/pdf,لا توجد دلالة قانونية أو قضائية كافية في العنوان أو وصف الرسالة,المحامي عبدالعزيز المطوع,دليل نظم وإجراءات الاختبارات
azizlawyer,2022-05-23T14:22:59,دليل السلوك الرقمي - للدمج.pdf,388997,539,application/pdf,لا توجد دلالة قانونية أو قضائية كافية في العنوان أو وصف الرسالة,المحامي عبدالعزيز المطوع,دليل السلوك الرقمي - للدمج
azizlawyer,2022-05-23T14:23:23,قواعد_السلوك_والمواظبة_للمتوسطة_والثانوية_الدليل_الإجرائي_1437.pdf,4874907,543,application/pdf,لا توجد دلالة قانونية أو قضائية كافية في العنوان أو وصف الرسالة,المحامي عبدالعزيز المطوع,قواعد السلوك والمواظبة للمتوسطة والثانوية الدليل الإجرائي 1437
azizlawyer,2022-05-23T14:23:23,قواعد_السلوك_والمواظبة_للمتوسطة_والثانوية_1437.pdf,1566903,544,application/pdf,لا توجد دلالة قانونية أو قضائية كافية في العنوان أو وصف الرسالة,المحامي عبدالعزيز المطوع,قواعد السلوك والمواظبة للمتوسطة والثانوية 1437
azizlawyer,2022-05-23T14:23:23,دليل ضوابط مدارس التعليم العام.pdf,1602119,545,application/pdf,لا توجد دلالة قانونية أو قضائية كافية في العنوان أو وصف الرسالة,المحامي عبدالعزيز المطوع,دليل ضوابط مدارس التعليم العام
azizlawyer,2022-05-23T23:09:58,الوثيقة_الموحدة_للتأمين_الإلزامي_على_المركبات_.pdf,966456,587,application/pdf,لا توجد دلالة قانونية أو قضائية كافية في العنوان أو وصف الرسالة,المحامي عبدالعزيز المطوع,الوثيقة الموحدة للتأمين الإلزامي على المركبات
azizlawyer,2022-05-23T23:10:06,الوثيقة_الموحدة_للتأمين_الإلزامي_على_المركبات_الحكومية.pdf,1614173,588,application/pdf,لا توجد دلالة قانونية أو قضائية كافية في العنوان أو وصف الرسالة,المحامي عبدالعزيز المطوع,الوثيقة الموحدة للتأمين الإلزامي على المركبات الحكومية
azizlawyer,2022-05-24T19:03:35,قضايا_المقاولات_عبدالله_الحمودي.pdf,42269180,595,application/pdf,لا توجد دلالة قانونية أو قضائية كافية في العنوان أو وصف الرسالة,المحامي عبدالعزيز المطوع,قضايا المقاولات عبدالله الحمودي
azizlawyer,2022-05-24T19:06:02,الأحوال_الشخصية_عبدالإله_الصقيهي.pdf,8047533,599,application/pdf,لا توجد دلالة قانونية أو قضائية كافية في العنوان أو وصف الرسالة,المحامي عبدالعزيز المطوع,الأحوال الشخصية عبدالإله الصقيهي
azizlawyer,2022-05-24T19:51:55,المبادئ والقرارات.pdf,13557831,606,application/pdf,لا توجد دلالة قانونية أو قضائية كافية في العنوان أو وصف الرسالة,المحامي عبدالعزيز المطوع,المبادئ والقرارات
azizlawyer,2022-05-26T11:13:24,حقوق المرأة العاملة.pdf,4763276,633,application/pdf,لا توجد دلالة قانونية أو قضائية كافية في العنوان أو وصف الرسالة,المحامي عبدالعزيز المطوع,حقوق المرأة العاملة
azizlawyer,2022-05-27T21:17:52,الدليل_الشامل_للمترافع_في_قضايا_السب_والشتم.pdf,3706778,646,application/pdf,لا توجد دلالة قانونية أو قضائية كافية في العنوان أو وصف الرسالة,المحامي عبدالعزيز المطوع,الدليل الشامل للمترافع في قضايا السب والشتم
azizlawyer,2022-05-28T16:35:44,نظام الشركات رمضان 1443.pdf,2527311,650,application/pdf,فقه عام أو مادة تدريبية/وعظية لا تدخل في منهج المكنز,المحامي عبدالعزيز المطوع,نظام الشركات رمضان 1443
azizlawyer,2022-05-28T20:46:19,الترافع_أمام_لجنة_الفصل_في_المنازعات_والمخالفات_التأمينية.pdf,424230,655,application/pdf,لا توجد دلالة قانونية أو قضائية كافية في العنوان أو وصف الرسالة,المحامي عبدالعزيز المطوع,الترافع أمام لجنة الفصل في المنازعات والمخالفات التأمينية
azizlawyer,2022-05-28T22:46:56,الخلع_بين_الحقيقة_والمفاهيم_غير_الدقيقة.pdf,2394902,662,application/pdf,لا توجد دلالة قانونية أو قضائية كافية في العنوان أو وصف الرسالة,المحامي عبدالعزيز المطوع,الخلع بين الحقيقة والمفاهيم غير الدقيقة
azizlawyer,2022-06-01T23:26:58,مذكرة في القضايا الانهائية.pdf,756336,682,application/pdf,لا توجد دلالة قانونية أو قضائية كافية في العنوان أو وصف الرسالة,المحامي عبدالعزيز المطوع,مذكرة في القضايا الانهائية
azizlawyer,2022-06-04T00:06:18,جامع الأنظمة الجنائية.pdf,264252,703,application/pdf,لا توجد دلالة قانونية أو قضائية كافية في العنوان أو وصف الرسالة,المحامي عبدالعزيز المطوع,جامع الأنظمة الجنائية
azizlawyer,2022-06-13T00:25:34,ورقات في المسئولية الجنائية.pdf,506364,795,application/pdf,لا توجد دلالة قانونية أو قضائية كافية في العنوان أو وصف الرسالة,المحامي عبدالعزيز المطوع,ورقات في المسئولية الجنائية
azizlawyer,2022-06-14T13:07:02,أحكام المضاربة.pdf,1118970,809,application/pdf,لا توجد دلالة قانونية أو قضائية كافية في العنوان أو وصف الرسالة,المحامي عبدالعزيز المطوع,أحكام المضاربة
azizlawyer,2022-06-17T01:04:27,أهم_50_سؤال_في_القضايا_الجنائية.pdf,376079,821,application/pdf,لا توجد دلالة قانونية أو قضائية كافية في العنوان أو وصف الرسالة,المحامي عبدالعزيز المطوع,أهم 50 سؤال في القضايا الجنائية
azizlawyer,2022-06-18T13:46:59,بحث ظهور البينة بعد اليمين.pdf,443722,829,application/pdf,لا توجد دلالة قانونية أو قضائية كافية في العنوان أو وصف الرسالة,المحامي عبدالعزيز المطوع,بحث ظهور البينة بعد اليمين
azizlawyer,2022-06-18T19:09:11,الديات الجدول الميسر .pdf,294124,833,application/pdf,لا توجد دلالة قانونية أو قضائية كافية في العنوان أو وصف الرسالة,المحامي عبدالعزيز المطوع,الديات الجدول الميسر
azizlawyer,2022-06-19T14:11:21,منازعات التركات د. زياد التويجري.pdf,945229,838,application/pdf,لا توجد دلالة قانونية أو قضائية كافية في العنوان أو وصف الرسالة,المحامي عبدالعزيز المطوع,منازعات التركات د. زياد التويجري
azizlawyer,2022-06-19T21:10:34,تعديلات بعض الانظمة.pdf,2541084,842,application/pdf,لا توجد دلالة قانونية أو قضائية كافية في العنوان أو وصف الرسالة,المحامي عبدالعزيز المطوع,تعديلات بعض الانظمة
azizlawyer,2022-06-20T22:30:39,التزامات الخطوط الجوية.pdf,984575,846,application/pdf,لا توجد دلالة قانونية أو قضائية كافية في العنوان أو وصف الرسالة,المحامي عبدالعزيز المطوع,التزامات الخطوط الجوية
azizlawyer,2022-06-20T22:30:50,ضوابط دفع الصائل وحكم الاستفزاز.pdf,287212,848,application/pdf,لا توجد دلالة قانونية أو قضائية كافية في العنوان أو وصف الرسالة,المحامي عبدالعزيز المطوع,ضوابط دفع الصائل وحكم الاستفزاز
azizlawyer,2022-06-22T13:21:46,تعارض البينات في الفقه الإسلامي.pdf,805352,866,application/pdf,لا توجد دلالة قانونية أو قضائية كافية في العنوان أو وصف الرسالة,المحامي عبدالعزيز المطوع,تعارض البينات في الفقه الإسلامي
azizlawyer,2022-07-02T01:03:37,القواعد_والضوابط_الفقهية_من_كتاب_المغني_لابن_قدامة.pdf,28745185,892,application/pdf,لا توجد دلالة قانونية أو قضائية كافية في العنوان أو وصف الرسالة,المحامي عبدالعزيز المطوع,القواعد والضوابط الفقهية من كتاب المغني لابن قدامة
azizlawyer,2022-07-13T23:41:10,الموسوعة الجنائية 2.pdf,1807245,900,application/pdf,لا توجد دلالة قانونية أو قضائية كافية في العنوان أو وصف الرسالة,المحامي عبدالعزيز المطوع,الموسوعة الجنائية 2
azizlawyer,2022-07-28T13:07:48,التصرف_في_المبيع_قبل_القبض_بالبيع.pdf,1613415,924,application/pdf,لا توجد دلالة قانونية أو قضائية كافية في العنوان أو وصف الرسالة,المحامي عبدالعزيز المطوع,التصرف في المبيع قبل القبض بالبيع
azizlawyer,2022-08-02T21:19:27,جدول ⁨مقادير الديات والشجاج.pdf,294124,951,application/pdf,لا توجد دلالة قانونية أو قضائية كافية في العنوان أو وصف الرسالة,المحامي عبدالعزيز المطوع,جدول مقادير الديات والشجاج
azizlawyer,2022-08-04T10:59:16,الدليل_المبسط_لمبادرة_الاعفاء_من_الغرامات_الضريبية.pdf,1186332,956,application/pdf,لا توجد دلالة قانونية أو قضائية كافية في العنوان أو وصف الرسالة,المحامي عبدالعزيز المطوع,الدليل المبسط لمبادرة الاعفاء من الغرامات الضريبية
azizlawyer,2022-08-13T23:16:34,الشيكات مفهومها وجرائمها .pdf,786581,979,application/pdf,لا توجد دلالة قانونية أو قضائية كافية في العنوان أو وصف الرسالة,المحامي عبدالعزيز المطوع,الشيكات مفهومها وجرائمها
azizlawyer,2022-08-17T08:08:02,قضايا المقاولات.pdf,15475710,988,application/pdf,لا توجد دلالة قانونية أو قضائية كافية في العنوان أو وصف الرسالة,المحامي عبدالعزيز المطوع,قضايا المقاولات
azizlawyer,2022-08-23T19:37:48,ادعاء_التزوير_في_الأوراق_التجارية.pdf,775879,1030,application/pdf,فقه عام أو مادة تدريبية/وعظية لا تدخل في منهج المكنز,المحامي عبدالعزيز المطوع,ادعاء التزوير في الأوراق التجارية
azizlawyer,2022-08-24T16:02:00,تلخيص_القواعد_الفقهية_للمبتدئين_.pdf,1948652,1034,application/pdf,لا توجد دلالة قانونية أو قضائية كافية في العنوان أو وصف الرسالة,المحامي عبدالعزيز المطوع,تلخيص القواعد الفقهية للمبتدئين
azizlawyer,2022-08-28T23:36:19,تعميم_تنازع_الإختصاص_بين_العامة_والأحوال_الشخصية.pdf,159244,1061,application/pdf,لا توجد دلالة قانونية أو قضائية كافية في العنوان أو وصف الرسالة,المحامي عبدالعزيز المطوع,تعميم تنازع الإختصاص بين العامة والأحوال الشخصية
azizlawyer,2022-08-29T15:40:42,الشروط في البيع سؤال وجواب.pdf,482543,1063,application/pdf,لا توجد دلالة قانونية أو قضائية كافية في العنوان أو وصف الرسالة,المحامي عبدالعزيز المطوع,الشروط في البيع سؤال وجواب
azizlawyer,2022-08-31T15:59:04,مسوغات طلب المرأه فسخ النكاح.pdf,480060,1073,application/pdf,لا توجد دلالة قانونية أو قضائية كافية في العنوان أو وصف الرسالة,المحامي عبدالعزيز المطوع,مسوغات طلب المرأه فسخ النكاح
azizlawyer,2022-09-02T16:27:52,تلخيص كتاب الطرق الحكمية.pdf,285746,1083,application/pdf,لا توجد دلالة قانونية أو قضائية كافية في العنوان أو وصف الرسالة,المحامي عبدالعزيز المطوع,تلخيص كتاب الطرق الحكمية
azizlawyer,2022-09-03T17:01:03,التأمين ومنازعاته.pdf,11591281,1090,application/pdf,لا توجد دلالة قانونية أو قضائية كافية في العنوان أو وصف الرسالة,المحامي عبدالعزيز المطوع,التأمين ومنازعاته
azizlawyer,2022-09-03T18:05:39,القضايا الجمركية.pdf,2634746,1092,application/pdf,لا توجد دلالة قانونية أو قضائية كافية في العنوان أو وصف الرسالة,المحامي عبدالعزيز المطوع,القضايا الجمركية
azizlawyer,2022-10-17T20:20:08,دليل_المستخدم_خدمة_اعتماد_صرف_مبالغ_الغرامات.pdf,675506,1149,application/pdf,لا توجد دلالة قانونية أو قضائية كافية في العنوان أو وصف الرسالة,المحامي عبدالعزيز المطوع,دليل المستخدم خدمة اعتماد صرف مبالغ الغرامات
azizlawyer,2022-11-04T23:46:36,قرار_مجلس_الوزراء_رقم_616_القواعد_والترتيبات_الخاصة_بالتحول_والتخصيص.pdf,3690169,1180,application/pdf,لا توجد دلالة قانونية أو قضائية كافية في العنوان أو وصف الرسالة,المحامي عبدالعزيز المطوع,قرار مجلس الوزراء رقم 616 القواعد والترتيبات الخاصة بالتحول والتخصيص
azizlawyer,2022-11-17T15:45:27,تعارض المصالح.pdf,3383494,1214,application/pdf,لا توجد دلالة قانونية أو قضائية كافية في العنوان أو وصف الرسالة,المحامي عبدالعزيز المطوع,تعارض المصالح
azizlawyer,2022-12-04T00:34:13,صرف النظر.pdf,953865,1239,application/pdf,لا توجد دلالة قانونية أو قضائية كافية في العنوان أو وصف الرسالة,المحامي عبدالعزيز المطوع,صرف النظر
azizlawyer,2022-12-22T13:13:36,قضايا  المقاولات.pdf,7225431,1277,application/pdf,لا توجد دلالة قانونية أو قضائية كافية في العنوان أو وصف الرسالة,المحامي عبدالعزيز المطوع,قضايا المقاولات
azizlawyer,2023-03-12T18:57:29,ضوابط إيقاف الخدمات1444.pdf,1243988,1453,application/pdf,لا توجد دلالة قانونية أو قضائية كافية في العنوان أو وصف الرسالة,المحامي عبدالعزيز المطوع,ضوابط إيقاف الخدمات1444
azizlawyer,2023-03-16T19:59:12,دليل المنشآت الصغيرة والمتوسطة.pdf,8696141,1461,application/pdf,لا توجد دلالة قانونية أو قضائية كافية في العنوان أو وصف الرسالة,المحامي عبدالعزيز المطوع,دليل المنشآت الصغيرة والمتوسطة
azizlawyer,2023-03-16T23:36:08,مذكرة_ضوابط_محتوى_وإعلانات_الأفراد_على_شبكات_التواصل_الاجتماعي.pdf,38180676,1463,application/pdf,لا توجد دلالة قانونية أو قضائية كافية في العنوان أو وصف الرسالة,المحامي عبدالعزيز المطوع,مذكرة ضوابط محتوى وإعلانات الأفراد على شبكات التواصل الاجتماعي
azizlawyer,2023-04-04T00:17:10,المرسوم_الملكي_م١٤٨_تاريخ_٥_رمضان_١٤٤٤هـ_المتعلق_في_تعديلات_نظام.pdf,1352553,1501,application/pdf,فقه عام أو مادة تدريبية/وعظية لا تدخل في منهج المكنز,المحامي عبدالعزيز المطوع,المرسوم الملكي م١٤٨ تاريخ ٥ رمضان ١٤٤٤ه المتعلق في تعديلات نظام
azizlawyer,2023-04-15T03:08:58,دليل إجراءات امتثال المباني.pdf,1524789,1520,application/pdf,لا توجد دلالة قانونية أو قضائية كافية في العنوان أو وصف الرسالة,المحامي عبدالعزيز المطوع,دليل إجراءات امتثال المباني
azizlawyer,2023-04-19T16:23:07,المبادئ والقرارات حتى 1437.pdf,11238073,1522,application/pdf,لا توجد دلالة قانونية أو قضائية كافية في العنوان أو وصف الرسالة,المحامي عبدالعزيز المطوع,المبادئ والقرارات حتى 1437
azizlawyer,2023-06-08T16:23:01,‎⁨تعليمات_تسوية_المطالبات_التأمينية_للمركبات⁩.pdf,1813560,1576,application/pdf,لا توجد دلالة قانونية أو قضائية كافية في العنوان أو وصف الرسالة,المحامي عبدالعزيز المطوع,تعليمات تسوية المطالبات التأمينية للمركبات
azizlawyer,2023-08-09T20:35:06,‎⁨ضوابط إيقاف الخدمات1444⁩.pdf,1243988,1657,application/pdf,لا توجد دلالة قانونية أو قضائية كافية في العنوان أو وصف الرسالة,المحامي عبدالعزيز المطوع,ضوابط إيقاف الخدمات1444
azizlawyer,2023-10-27T18:48:10,‎⁨تعاميم وزارة العدل كاملة⁩.pdf,16577756,1745,application/pdf,لا توجد دلالة قانونية أو قضائية كافية في العنوان أو وصف الرسالة,المحامي عبدالعزيز المطوع,تعاميم وزارة العدل كاملة
azizlawyer,2023-10-30T20:58:26,‎⁨المبادى والقرارات⁩.pdf,13557831,1750,application/pdf,لا توجد دلالة قانونية أو قضائية كافية في العنوان أو وصف الرسالة,المحامي عبدالعزيز المطوع,المبادى والقرارات
azizlawyer,2024-01-25T00:18:07,Ø§ÙØ§ÙÙØ¸ÙØ©_Ø§ÙØ§Ø³Ø§Ø³ÙØ©_Ø§ÙØ§ÙØµØ¯Ø§Ø±_2.pdf,2297334,1859,application/pdf,لا توجد دلالة قانونية أو قضائية كافية في العنوان أو وصف الرسالة,المحامي عبدالعزيز المطوع,Ø§ÙØ§ÙÙØ¸Ù Ø Ø§ÙØ§Ø³Ø§Ø³ÙØ Ø§ÙØ§ÙØµØ¯Ø§Ø± 2
azizlawyer,2024-02-09T15:47:41,مذكرات الاستئناف.pdf,1255539,1879,application/pdf,لا توجد دلالة قانونية أو قضائية كافية في العنوان أو وصف الرسالة,المحامي عبدالعزيز المطوع,مذكرات الاستئناف
azizlawyer,2024-04-21T12:59:06,مبادرة_الاعفاء_من_الغرامات_من_التأمينات_الاجتماعية_.pdf,4746993,1981,application/pdf,لا توجد دلالة قانونية أو قضائية كافية في العنوان أو وصف الرسالة,المحامي عبدالعزيز المطوع,مبادرة الاعفاء من الغرامات من التأمينات الاجتماعية
azizlawyer,2024-05-18T20:01:15,14-1.pdf,5387663,2038,application/pdf,عنوان تقني أو عام لا يعرّف مادة قانونية بوضوح,المحامي عبدالعزيز المطوع,14-1
azizlawyer,2024-05-23T14:23:52,ادعاء__#التزوير_⁩_في_الأوراق_التجارية_لدى_قاضي_التنفيذ.pdf,775879,2060,application/pdf,فقه عام أو مادة تدريبية/وعظية لا تدخل في منهج المكنز,المحامي عبدالعزيز المطوع,ادعاء #التزوير في الأوراق التجارية لدى قاضي التنفيذ
azizlawyer,2024-07-08T21:30:24,قواعد فرضّ الغرامات.pdf,2420118,2129,application/pdf,لا توجد دلالة قانونية أو قضائية كافية في العنوان أو وصف الرسالة,المحامي عبدالعزيز المطوع,قواعد فرضّ الغرامات
azizlawyer,2024-07-15T12:17:03,‎⁨اعتماداشتراطات_انشاء_المباني_السكنية⁩.pdf,5049099,2137,application/pdf,لا توجد دلالة قانونية أو قضائية كافية في العنوان أو وصف الرسالة,المحامي عبدالعزيز المطوع,اعتماداشتراطات انشاء المباني السكنية
azizlawyer,2024-07-30T18:06:53,الشروط_الصحية_والفنية_والسلامة_للأفراد_اللازم_توافرها_في_المساكن.pdf,8045667,2160,application/pdf,لا توجد دلالة قانونية أو قضائية كافية في العنوان أو وصف الرسالة,المحامي عبدالعزيز المطوع,الشروط الصحية والفنية والسلامة للأفراد اللازم توافرها في المساكن
azizlawyer,2024-08-03T16:15:51,الدليل_الاسترشادي_للعلامات_الفكرية.pdf,8038002,2167,application/pdf,لا توجد دلالة قانونية أو قضائية كافية في العنوان أو وصف الرسالة,المحامي عبدالعزيز المطوع,الدليل الاسترشادي للعلامات الفكرية
azizlawyer,2024-08-13T10:10:30,التصنيف_السعودي_للتصاميم_والمبني.pdf,6234637,2194,application/pdf,لا توجد دلالة قانونية أو قضائية كافية في العنوان أو وصف الرسالة,المحامي عبدالعزيز المطوع,التصنيف السعودي للتصاميم والمبني
azizlawyer,2024-09-26T00:09:11,الدليل_الاسترشادي_لـ__حوكمة_⁩_الجهات_العامة.pdf,1572810,2271,application/pdf,لا توجد دلالة قانونية أو قضائية كافية في العنوان أو وصف الرسالة,المحامي عبدالعزيز المطوع,الدليل الاسترشادي ل حوكمة الجهات العامة
azizlawyer,2024-10-25T22:33:10,غرامات المخالفات في التأمينات.pdf,714233,2380,application/pdf,لا توجد دلالة قانونية أو قضائية كافية في العنوان أو وصف الرسالة,المحامي عبدالعزيز المطوع,غرامات المخالفات في التأمينات
azizlawyer,2025-01-08T20:46:16,‎⁨قرار_مجلس_الوزراء_بشأن_الموافقة_على_مسارات_ترشيد_فاتوة_الرواتب.pdf,4214577,2459,application/pdf,لا توجد دلالة قانونية أو قضائية كافية في العنوان أو وصف الرسالة,المحامي عبدالعزيز المطوع,قرار مجلس الوزراء بشأن الموافقة على مسارات ترشيد فاتوة الرواتب
azizlawyer,2025-01-31T17:04:52,إجراءات التسوية بقضايا الفساد.pdf,17159843,2488,application/pdf,لا توجد دلالة قانونية أو قضائية كافية في العنوان أو وصف الرسالة,المحامي عبدالعزيز المطوع,إجراءات التسوية بقضايا الفساد
azizlawyer,2025-02-10T06:34:46,دليل المستثمر وزارة الإستثمار.pdf,3198524,2509,application/pdf,لا توجد دلالة قانونية أو قضائية كافية في العنوان أو وصف الرسالة,المحامي عبدالعزيز المطوع,دليل المستثمر وزارة الإستثمار
azizlawyer,2025-02-19T21:21:49,‎⁨الاسئلة_الشائعة_عن_تأمين_العيوب_الخفية⁩.pdf,146526,2539,application/pdf,لا توجد دلالة قانونية أو قضائية كافية في العنوان أو وصف الرسالة,المحامي عبدالعزيز المطوع,الاسئلة الشائعة عن تأمين العيوب الخفية
azizlawyer,2025-04-28T00:04:25,المبادئ_المستخرجة_من_قرارات_لجان_الاستئناف_الجمركية_24.pdf,3228482,2609,application/pdf,لا توجد دلالة قانونية أو قضائية كافية في العنوان أو وصف الرسالة,المحامي عبدالعزيز المطوع,المبادئ المستخرجة من قرارات لجان الاستئناف الجمركية 24
azizlawyer,2025-05-01T16:29:05,‎⁨قواعد-المستفيد-الحقيقي⁩.pdf,1339556,2618,application/pdf,لا توجد دلالة قانونية أو قضائية كافية في العنوان أو وصف الرسالة,المحامي عبدالعزيز المطوع,قواعد-المستفيد-الحقيقي
azizlawyer,2025-05-01T16:29:05,‎⁨الدليل_الارشادي_للمستفيد_الحقيقي_⁩.pdf,708754,2619,application/pdf,لا توجد دلالة قانونية أو قضائية كافية في العنوان أو وصف الرسالة,المحامي عبدالعزيز المطوع,الدليل الارشادي للمستفيد الحقيقي
azizlawyer,2025-05-20T17:02:16,‎⁨الدليل الإجرائي للقضايا⁩.pdf,9189789,2649,application/pdf,لا توجد دلالة قانونية أو قضائية كافية في العنوان أو وصف الرسالة,المحامي عبدالعزيز المطوع,الدليل الإجرائي للقضايا
azizlawyer,2025-07-22T20:33:14,اشتراطات المطاعم الفاخرة 2025.pdf,3793339,2712,application/pdf,لا توجد دلالة قانونية أو قضائية كافية في العنوان أو وصف الرسالة,المحامي عبدالعزيز المطوع,اشتراطات المطاعم الفاخرة 2025
azizlawyer,2025-08-30T14:57:02,جدول تصنيف المخالفات .pdf,1444680,2748,application/pdf,لا توجد دلالة قانونية أو قضائية كافية في العنوان أو وصف الرسالة,المحامي عبدالعزيز المطوع,جدول تصنيف المخالفات
azizlawyer,2025-09-07T19:29:32,‎⁨قرار_إبعاد_الأجنبي_لسلامة_العامة_⁩.pdf,948380,2761,application/pdf,لا توجد دلالة قانونية أو قضائية كافية في العنوان أو وصف الرسالة,المحامي عبدالعزيز المطوع,قرار إبعاد الأجنبي لسلامة العامة
azizlawyer,2025-09-17T17:49:52,مدونــــــــة_المبادئ_المستنبطة_من_قرارات_لجنــــــة_النظــــــر.pdf,1258019,2766,application/pdf,لا توجد دلالة قانونية أو قضائية كافية في العنوان أو وصف الرسالة,المحامي عبدالعزيز المطوع,مدون ة المبادئ المستنبطة من قرارات لجن ة النظ ر
azizlawyer,2025-12-18T21:32:17,‎⁨قواعد_وإجراءات_المستودعات_الحكومية⁩.pdf,4243865,2828,application/pdf,لا توجد دلالة قانونية أو قضائية كافية في العنوان أو وصف الرسالة,المحامي عبدالعزيز المطوع,قواعد وإجراءات المستودعات الحكومية
azizlawyer,2026-01-08T10:11:10,‎أنظمة_جرائم_الوظيفة_العامة_والأموال_251125_185051.pdf,5178877,2847,application/pdf,لا توجد دلالة قانونية أو قضائية كافية في العنوان أو وصف الرسالة,المحامي عبدالعزيز المطوع,أنظمة جرائم الوظيفة العامة والأموال 251125 185051
azizlawyer,2026-01-28T01:42:18,جامِعُ_المُدَدِ_النِّظاميَّة_في_أنظِمَةِ_المَمْلَكَةِ_العَرَبِيَّةِ.pdf,6740223,2868,application/pdf,لا توجد دلالة قانونية أو قضائية كافية في العنوان أو وصف الرسالة,المحامي عبدالعزيز المطوع,جامِعُ المُدَدِ النِّظاميَّة في أنظِمَةِ المَمْلَكَةِ العَرَبِيَّةِ
azizlawyer,2026-04-17T16:22:04,غسل  الاموال.pdf,1290119,2922,application/pdf,لا توجد دلالة قانونية أو قضائية كافية في العنوان أو وصف الرسالة,المحامي عبدالعزيز المطوع,غسل الاموال
azizlawyer,2026-05-06T19:48:01,دليل تسوير الأراضي الفضاء.pdf,2511092,2955,application/pdf,لا توجد دلالة قانونية أو قضائية كافية في العنوان أو وصف الرسالة,المحامي عبدالعزيز المطوع,دليل تسوير الأراضي الفضاء
azizlawyer,2026-06-11T19:27:01,‎⁨نظـام الرياضة 2025⁩.pdf,1010544,2998,application/pdf,لا توجد دلالة قانونية أو قضائية كافية في العنوان أو وصف الرسالة,المحامي عبدالعزيز المطوع,نظ ام الرياضة 2025
azizlawyer,2026-07-05T18:57:26,‎⁨القرار_الوزاري_لدليل_الرقابة_على_التقسيم_المخالف_للوحدات_السكنية⁩.pdf,3623181,3040,application/pdf,لا توجد دلالة قانونية أو قضائية كافية في العنوان أو وصف الرسالة,المحامي عبدالعزيز المطوع,القرار الوزاري لدليل الرقابة على التقسيم المخالف للوحدات السكنية
