current_id,current_title,current_source,current_material_type,current_link,official_boe_id,official_title,official_url,decision,reason
qadaa_4534,نظام القضاء,مكتبة الباحث العلمي,نظام,https://t.me/bahith_pdf/183408,ea1765a3-dec3-41a0-a32f-a9a700f26d58,نظام القضاء,https://laws.boe.gov.sa/BoeLaws/Laws/LawDetails/ea1765a3-dec3-41a0-a32f-a9a700f26d58/1,DELETE_INTERMEDIARY_AFTER_ADDING_OFFICIAL,العنوان مطابق للنص النظامي الرسمي بعد حذف ضوضاء الترقيم/السنة؛ يُستبدل بالأصل الرسمي من هيئة الخبراء.
legal_lib_11298,نظام العمل,المكتبة القانونية ⚖️,نظام,https://t.me/iirmll/10,08381293-6388-48e2-8ad2-a9a700f2aa94,نظام العمل,https://laws.boe.gov.sa/BoeLaws/Laws/LawDetails/08381293-6388-48e2-8ad2-a9a700f2aa94/1,DELETE_INTERMEDIARY_AFTER_ADDING_OFFICIAL,العنوان مطابق للنص النظامي الرسمي بعد حذف ضوضاء الترقيم/السنة؛ يُستبدل بالأصل الرسمي من هيئة الخبراء.
legal_lib_11346,نظام التنفيذ,المكتبة القانونية ⚖️,نظام,https://t.me/iirmll/91,67dd54bc-c33a-48c8-8356-b44700a9ab55,نظام التنفيذ,https://laws.boe.gov.sa/BoeLaws/Laws/LawDetails/67dd54bc-c33a-48c8-8356-b44700a9ab55/1,DELETE_INTERMEDIARY_AFTER_ADDING_OFFICIAL,العنوان مطابق للنص النظامي الرسمي بعد حذف ضوضاء الترقيم/السنة؛ يُستبدل بالأصل الرسمي من هيئة الخبراء.
legal_lib_11371,تنظيم الهيئة السعودية للمحامين,المكتبة القانونية ⚖️,كتاب,https://t.me/iirmll/120,197be463-0b2b-4b67-9cd2-a9a700f2733b,تنظيم الهيئة السعودية للمحامين,https://laws.boe.gov.sa/BoeLaws/Laws/LawDetails/197be463-0b2b-4b67-9cd2-a9a700f2733b/1,DELETE_INTERMEDIARY_AFTER_ADDING_OFFICIAL,العنوان مطابق للنص النظامي الرسمي بعد حذف ضوضاء الترقيم/السنة؛ يُستبدل بالأصل الرسمي من هيئة الخبراء.
legal_lib_11376,نظام المحاماة,المكتبة القانونية ⚖️,نظام,https://t.me/iirmll/125,f42655be-79b0-4fd4-bb90-a9a700f26a3e,نظام المحاماة,https://laws.boe.gov.sa/BoeLaws/Laws/LawDetails/f42655be-79b0-4fd4-bb90-a9a700f26a3e/1,DELETE_INTERMEDIARY_AFTER_ADDING_OFFICIAL,العنوان مطابق للنص النظامي الرسمي بعد حذف ضوضاء الترقيم/السنة؛ يُستبدل بالأصل الرسمي من هيئة الخبراء.
legal_lib_11384,نظام مكافحة جرائم المعلوماتية,المكتبة القانونية ⚖️,نظام,https://t.me/iirmll/133,25df73d6-0f49-4dc5-b010-a9a700f2ec1d,نظام مكافحة جرائم المعلوماتية,https://laws.boe.gov.sa/BoeLaws/Laws/LawDetails/25df73d6-0f49-4dc5-b010-a9a700f2ec1d/1,DELETE_INTERMEDIARY_AFTER_ADDING_OFFICIAL,العنوان مطابق للنص النظامي الرسمي بعد حذف ضوضاء الترقيم/السنة؛ يُستبدل بالأصل الرسمي من هيئة الخبراء.
legal_lib_11875,نظام المرافعات الشرعية 1435,المكتبة القانونية ⚖️,نظام,https://t.me/iirmll/817,f0eaae46-9f84-40ee-815e-a9a700f268b3,نظام المرافعات الشرعية,https://laws.boe.gov.sa/BoeLaws/Laws/LawDetails/f0eaae46-9f84-40ee-815e-a9a700f268b3/1,DELETE_INTERMEDIARY_AFTER_ADDING_OFFICIAL,العنوان مطابق للنص النظامي الرسمي بعد حذف ضوضاء الترقيم/السنة؛ يُستبدل بالأصل الرسمي من هيئة الخبراء.
legal_lib_11876,نظام ديوان المظالم,المكتبة القانونية ⚖️,نظام,https://t.me/iirmll/818,5d3379bd-3547-494e-9fbd-a9a700f26e24,نظام ديوان المظالم,https://laws.boe.gov.sa/BoeLaws/Laws/LawDetails/5d3379bd-3547-494e-9fbd-a9a700f26e24/1,DELETE_INTERMEDIARY_AFTER_ADDING_OFFICIAL,العنوان مطابق للنص النظامي الرسمي بعد حذف ضوضاء الترقيم/السنة؛ يُستبدل بالأصل الرسمي من هيئة الخبراء.
legal_lib_11947,اللائحة التنفيذية لنظام التحكيم,المكتبة القانونية ⚖️,نظام,https://t.me/iirmll/949,12752a60-2a4a-4cab-a05d-a9a700f274a5,اللائحة التنفيذية لنظام التحكيم,https://laws.boe.gov.sa/BoeLaws/Laws/LawDetails/12752a60-2a4a-4cab-a05d-a9a700f274a5/1,DELETE_INTERMEDIARY_AFTER_ADDING_OFFICIAL,العنوان مطابق للنص النظامي الرسمي بعد حذف ضوضاء الترقيم/السنة؛ يُستبدل بالأصل الرسمي من هيئة الخبراء.
legal_lib_12052,نظام العمل 3,المكتبة القانونية ⚖️,نظام,https://t.me/iirmll/1093,08381293-6388-48e2-8ad2-a9a700f2aa94,نظام العمل,https://laws.boe.gov.sa/BoeLaws/Laws/LawDetails/08381293-6388-48e2-8ad2-a9a700f2aa94/1,DELETE_INTERMEDIARY_AFTER_ADDING_OFFICIAL,العنوان مطابق للنص النظامي الرسمي بعد حذف ضوضاء الترقيم/السنة؛ يُستبدل بالأصل الرسمي من هيئة الخبراء.
legal_lib_12152,1.نظام القضاء (1),المكتبة القانونية ⚖️,نظام,https://t.me/iirmll/1280,ea1765a3-dec3-41a0-a32f-a9a700f26d58,نظام القضاء,https://laws.boe.gov.sa/BoeLaws/Laws/LawDetails/ea1765a3-dec3-41a0-a32f-a9a700f26d58/1,DELETE_INTERMEDIARY_AFTER_ADDING_OFFICIAL,العنوان مطابق للنص النظامي الرسمي بعد حذف ضوضاء الترقيم/السنة؛ يُستبدل بالأصل الرسمي من هيئة الخبراء.
legal_lib_12154,2. نظام ديوان المظالم,المكتبة القانونية ⚖️,نظام,https://t.me/iirmll/1282,5d3379bd-3547-494e-9fbd-a9a700f26e24,نظام ديوان المظالم,https://laws.boe.gov.sa/BoeLaws/Laws/LawDetails/5d3379bd-3547-494e-9fbd-a9a700f26e24/1,DELETE_INTERMEDIARY_AFTER_ADDING_OFFICIAL,العنوان مطابق للنص النظامي الرسمي بعد حذف ضوضاء الترقيم/السنة؛ يُستبدل بالأصل الرسمي من هيئة الخبراء.
legal_lib_12175,1.نظام القضاء,المكتبة القانونية ⚖️,نظام,https://t.me/iirmll/1307,ea1765a3-dec3-41a0-a32f-a9a700f26d58,نظام القضاء,https://laws.boe.gov.sa/BoeLaws/Laws/LawDetails/ea1765a3-dec3-41a0-a32f-a9a700f26d58/1,DELETE_INTERMEDIARY_AFTER_ADDING_OFFICIAL,العنوان مطابق للنص النظامي الرسمي بعد حذف ضوضاء الترقيم/السنة؛ يُستبدل بالأصل الرسمي من هيئة الخبراء.
legal_lib_12236,النظام الجزائي لجرائم التزوير,المكتبة القانونية ⚖️,نظام,https://t.me/iirmll/1403,c1878d16-7ce0-4710-993b-a9a700f17ac5,النظام الجزائي لجرائم التزوير,https://laws.boe.gov.sa/BoeLaws/Laws/LawDetails/c1878d16-7ce0-4710-993b-a9a700f17ac5/1,DELETE_INTERMEDIARY_AFTER_ADDING_OFFICIAL,العنوان مطابق للنص النظامي الرسمي بعد حذف ضوضاء الترقيم/السنة؛ يُستبدل بالأصل الرسمي من هيئة الخبراء.
legal_lib_12277,نظام السوق المالية,المكتبة القانونية ⚖️,نظام,https://t.me/iirmll/1454,50924f95-f74e-430e-820c-a9a700f1abfa,نظام السوق المالية,https://laws.boe.gov.sa/BoeLaws/Laws/LawDetails/50924f95-f74e-430e-820c-a9a700f1abfa/1,DELETE_INTERMEDIARY_AFTER_ADDING_OFFICIAL,العنوان مطابق للنص النظامي الرسمي بعد حذف ضوضاء الترقيم/السنة؛ يُستبدل بالأصل الرسمي من هيئة الخبراء.
legal_lib_12319,نظام المرافعات الشرعية,المكتبة القانونية ⚖️,نظام,https://t.me/iirmll/1501,f0eaae46-9f84-40ee-815e-a9a700f268b3,نظام المرافعات الشرعية,https://laws.boe.gov.sa/BoeLaws/Laws/LawDetails/f0eaae46-9f84-40ee-815e-a9a700f268b3/1,DELETE_INTERMEDIARY_AFTER_ADDING_OFFICIAL,العنوان مطابق للنص النظامي الرسمي بعد حذف ضوضاء الترقيم/السنة؛ يُستبدل بالأصل الرسمي من هيئة الخبراء.
legal_lib_12369,نظام مكافحة غسل الأموال,المكتبة القانونية ⚖️,نظام,https://t.me/iirmll/1567,0657dfce-95f8-463a-9d87-aa3900ec7b51,نظام مكافحة غسل الأموال,https://laws.boe.gov.sa/BoeLaws/Laws/LawDetails/0657dfce-95f8-463a-9d87-aa3900ec7b51/1,DELETE_INTERMEDIARY_AFTER_ADDING_OFFICIAL,العنوان مطابق للنص النظامي الرسمي بعد حذف ضوضاء الترقيم/السنة؛ يُستبدل بالأصل الرسمي من هيئة الخبراء.
legal_lib_12419,نظام مكافحة التستر,المكتبة القانونية ⚖️,نظام,https://t.me/iirmll/1622,bf9e0aae-6df6-4785-a305-ac2300bd0856,نظام مكافحة التستر,https://laws.boe.gov.sa/BoeLaws/Laws/LawDetails/bf9e0aae-6df6-4785-a305-ac2300bd0856/1,DELETE_INTERMEDIARY_AFTER_ADDING_OFFICIAL,العنوان مطابق للنص النظامي الرسمي بعد حذف ضوضاء الترقيم/السنة؛ يُستبدل بالأصل الرسمي من هيئة الخبراء.
legal_lib_12424,نظام حماية وتشجيع الصناعات الوطنية,المكتبة القانونية ⚖️,نظام,https://t.me/iirmll/1627,33531bcc-0d4d-4193-9703-a9a700f2947a,نظام حماية وتشجيع الصناعات الوطنية,https://laws.boe.gov.sa/BoeLaws/Laws/LawDetails/33531bcc-0d4d-4193-9703-a9a700f2947a/1,DELETE_INTERMEDIARY_AFTER_ADDING_OFFICIAL,العنوان مطابق للنص النظامي الرسمي بعد حذف ضوضاء الترقيم/السنة؛ يُستبدل بالأصل الرسمي من هيئة الخبراء.
legal_lib_12626,نظام المرافعات الشرعية 39,المكتبة القانونية ⚖️,نظام,https://t.me/iirmll/1982,f0eaae46-9f84-40ee-815e-a9a700f268b3,نظام المرافعات الشرعية,https://laws.boe.gov.sa/BoeLaws/Laws/LawDetails/f0eaae46-9f84-40ee-815e-a9a700f268b3/1,DELETE_INTERMEDIARY_AFTER_ADDING_OFFICIAL,العنوان مطابق للنص النظامي الرسمي بعد حذف ضوضاء الترقيم/السنة؛ يُستبدل بالأصل الرسمي من هيئة الخبراء.
legal_lib_12629,نظام المرافعات أمام ديوان المظالم 2013,المكتبة القانونية ⚖️,نظام,https://t.me/iirmll/1986,f2f7b465-b576-4f47-a8e7-a9a700f27202,نظام المرافعات أمام ديوان المظالم,https://laws.boe.gov.sa/BoeLaws/Laws/LawDetails/f2f7b465-b576-4f47-a8e7-a9a700f27202/1,DELETE_INTERMEDIARY_AFTER_ADDING_OFFICIAL,العنوان مطابق للنص النظامي الرسمي بعد حذف ضوضاء الترقيم/السنة؛ يُستبدل بالأصل الرسمي من هيئة الخبراء.
legal_lib_12630,نظام المرافعات امام ديوان المظالم,المكتبة القانونية ⚖️,نظام,https://t.me/iirmll/1987,f2f7b465-b576-4f47-a8e7-a9a700f27202,نظام المرافعات أمام ديوان المظالم,https://laws.boe.gov.sa/BoeLaws/Laws/LawDetails/f2f7b465-b576-4f47-a8e7-a9a700f27202/1,DELETE_INTERMEDIARY_AFTER_ADDING_OFFICIAL,العنوان مطابق للنص النظامي الرسمي بعد حذف ضوضاء الترقيم/السنة؛ يُستبدل بالأصل الرسمي من هيئة الخبراء.
legal_lib_12631,نظام المرافعات امام ديوان المظالم1,المكتبة القانونية ⚖️,نظام,https://t.me/iirmll/1988,f2f7b465-b576-4f47-a8e7-a9a700f27202,نظام المرافعات أمام ديوان المظالم,https://laws.boe.gov.sa/BoeLaws/Laws/LawDetails/f2f7b465-b576-4f47-a8e7-a9a700f27202/1,DELETE_INTERMEDIARY_AFTER_ADDING_OFFICIAL,العنوان مطابق للنص النظامي الرسمي بعد حذف ضوضاء الترقيم/السنة؛ يُستبدل بالأصل الرسمي من هيئة الخبراء.
legal_lib_13189,‎⁨نظام الاثبات⁩,المكتبة القانونية ⚖️,نظام,https://t.me/iirmll/2666,2716057c-c097-4bad-8e1e-ae1400c678d5,نظام الإثبات,https://laws.boe.gov.sa/BoeLaws/Laws/LawDetails/2716057c-c097-4bad-8e1e-ae1400c678d5/1,DELETE_INTERMEDIARY_AFTER_ADDING_OFFICIAL,العنوان مطابق للنص النظامي الرسمي بعد حذف ضوضاء الترقيم/السنة؛ يُستبدل بالأصل الرسمي من هيئة الخبراء.
legal_lib_13250,نظام التنفيذ أمام ديوان المظالم,المكتبة القانونية ⚖️,نظام,https://t.me/iirmll/2759,ae1d79bf-3716-4bc5-a85e-ada100c8a870,نظام التنفيذ أمام ديوان المظالم,https://laws.boe.gov.sa/BoeLaws/Laws/LawDetails/ae1d79bf-3716-4bc5-a85e-ada100c8a870/1,DELETE_INTERMEDIARY_AFTER_ADDING_OFFICIAL,العنوان مطابق للنص النظامي الرسمي بعد حذف ضوضاء الترقيم/السنة؛ يُستبدل بالأصل الرسمي من هيئة الخبراء.
risail_59844,نظام الأحوال الشخصية,قناة الرسائل العلمية,رسالة علمية,https://t.me/c/1453973283/59844,4d72d829-947b-45d5-b9b5-ae5800d6bac2,نظام الأحوال الشخصية,https://laws.boe.gov.sa/BoeLaws/Laws/LawDetails/4d72d829-947b-45d5-b9b5-ae5800d6bac2/1,DELETE_INTERMEDIARY_AFTER_ADDING_OFFICIAL,العنوان مطابق للنص النظامي الرسمي بعد حذف ضوضاء الترقيم/السنة؛ يُستبدل بالأصل الرسمي من هيئة الخبراء.
archive_abutmem_gmail_2013,نظام المرافعات الشرعية 2013,أرشيف الإنترنت,كتاب,https://archive.org/download/abutmem_gmail_2013/abutmem_gmail_2013.pdf,f0eaae46-9f84-40ee-815e-a9a700f268b3,نظام المرافعات الشرعية,https://laws.boe.gov.sa/BoeLaws/Laws/LawDetails/f0eaae46-9f84-40ee-815e-a9a700f268b3/1,DELETE_INTERMEDIARY_AFTER_ADDING_OFFICIAL,العنوان مطابق للنص النظامي الرسمي بعد حذف ضوضاء الترقيم/السنة؛ يُستبدل بالأصل الرسمي من هيئة الخبراء.
great_law_4446,نظام قانون الجمارك الموحد لدول مجلس التعاون لدول الخليج العربية 1423 هـ,المكتبة القانونية الكبرى,نظام,https://t.me/great_law/4446,b93d0275-775f-482a-9d52-a9a700f2ca15,نظام (قانون) الجمارك الموحد لدول مجلس التعاون لدول الخليج العربية,https://laws.boe.gov.sa/BoeLaws/Laws/LawDetails/b93d0275-775f-482a-9d52-a9a700f2ca15/1,DELETE_INTERMEDIARY_AFTER_ADDING_OFFICIAL,العنوان مطابق للنص النظامي الرسمي بعد حذف ضوضاء الترقيم/السنة؛ يُستبدل بالأصل الرسمي من هيئة الخبراء.
nezams_003,نظام التحكيم,منصة نظامي للأنظمة السعودية (nezams.com),نظام,https://nezams.com/نظام-التحكيم,5535039e-13da-43f6-8f53-a9a700f26485,نظام التحكيم,https://laws.boe.gov.sa/BoeLaws/Laws/LawDetails/5535039e-13da-43f6-8f53-a9a700f26485/1,DELETE_INTERMEDIARY_AFTER_ADDING_OFFICIAL,العنوان مطابق للنص النظامي الرسمي بعد حذف ضوضاء الترقيم/السنة؛ يُستبدل بالأصل الرسمي من هيئة الخبراء.
nezams_004,نظام المحاكم التجارية,منصة نظامي للأنظمة السعودية (nezams.com),نظام,https://nezams.com/نظام-المحاكم-التجارية,38334008-3b70-4c6c-b3af-aba3016a8061,نظام المحاكم التجارية,https://laws.boe.gov.sa/BoeLaws/Laws/LawDetails/38334008-3b70-4c6c-b3af-aba3016a8061/1,DELETE_INTERMEDIARY_AFTER_ADDING_OFFICIAL,العنوان مطابق للنص النظامي الرسمي بعد حذف ضوضاء الترقيم/السنة؛ يُستبدل بالأصل الرسمي من هيئة الخبراء.
nezams_005,نظام التوثيق,منصة نظامي للأنظمة السعودية (nezams.com),نظام,https://nezams.com/نظام-التوثيق,40754577-f250-47f6-8a5a-abf600af7d72,نظام التوثيق,https://laws.boe.gov.sa/BoeLaws/Laws/LawDetails/40754577-f250-47f6-8a5a-abf600af7d72/1,DELETE_INTERMEDIARY_AFTER_ADDING_OFFICIAL,العنوان مطابق للنص النظامي الرسمي بعد حذف ضوضاء الترقيم/السنة؛ يُستبدل بالأصل الرسمي من هيئة الخبراء.
nezams_006,نظام المعاملات المدنية,منصة نظامي للأنظمة السعودية (nezams.com),نظام,https://nezams.com/نظام-المعاملات-المدنية,655fdb42-8c96-422b-b8c4-b04f0095c94c,نظام المعاملات المدنية,https://laws.boe.gov.sa/BoeLaws/Laws/LawDetails/655fdb42-8c96-422b-b8c4-b04f0095c94c/1,DELETE_INTERMEDIARY_AFTER_ADDING_OFFICIAL,العنوان مطابق للنص النظامي الرسمي بعد حذف ضوضاء الترقيم/السنة؛ يُستبدل بالأصل الرسمي من هيئة الخبراء.
nezams_007,نظام الشركات,منصة نظامي للأنظمة السعودية (nezams.com),نظام,https://nezams.com/نظام-الشركات,a8376aea-1bc3-49d4-9027-aed900b555af,نظام الشركات,https://laws.boe.gov.sa/BoeLaws/Laws/LawDetails/a8376aea-1bc3-49d4-9027-aed900b555af/1,DELETE_INTERMEDIARY_AFTER_ADDING_OFFICIAL,العنوان مطابق للنص النظامي الرسمي بعد حذف ضوضاء الترقيم/السنة؛ يُستبدل بالأصل الرسمي من هيئة الخبراء.
nezams_008,نظام حماية المبلّغين والشهود والخبراء والضحايا,منصة نظامي للأنظمة السعودية (nezams.com),نظام,https://nezams.com/نظام-حماية-المبلغين-والشهود-والخبراء-والضحايا,6c421c5c-c137-442e-a854-b12200c46ffe,نظام حماية المبلغين والشهود والخبراء والضحايا,https://laws.boe.gov.sa/BoeLaws/Laws/LawDetails/6c421c5c-c137-442e-a854-b12200c46ffe/1,DELETE_INTERMEDIARY_AFTER_ADDING_OFFICIAL,العنوان مطابق للنص النظامي الرسمي بعد حذف ضوضاء الترقيم/السنة؛ يُستبدل بالأصل الرسمي من هيئة الخبراء.
nawaf_075,نظام الانضباط الوظيفي,المكتبة القانونية — موقع المحامي نواف بن عواض الحربي,نظام,https://nawaf-law.com.sa/الأنظمة/,896f4986-334b-4c76-b938-ada500eae2eb,نظام الانضباط الوظيفي,https://laws.boe.gov.sa/BoeLaws/Laws/LawDetails/896f4986-334b-4c76-b938-ada500eae2eb/1,DELETE_INTERMEDIARY_AFTER_ADDING_OFFICIAL,العنوان مطابق للنص النظامي الرسمي بعد حذف ضوضاء الترقيم/السنة؛ يُستبدل بالأصل الرسمي من هيئة الخبراء.
nawaf_101,نظام المساهمات العقارية 1444هـ,المكتبة القانونية — موقع المحامي نواف بن عواض الحربي,نظام,https://nawaf-law.com.sa/الأنظمة/,5efb6f40-d859-47e6-9c8a-b04500943ecc,نظام المساهمات العقارية,https://laws.boe.gov.sa/BoeLaws/Laws/LawDetails/5efb6f40-d859-47e6-9c8a-b04500943ecc/1,DELETE_INTERMEDIARY_AFTER_ADDING_OFFICIAL,العنوان مطابق للنص النظامي الرسمي بعد حذف ضوضاء الترقيم/السنة؛ يُستبدل بالأصل الرسمي من هيئة الخبراء.
systems_channel_528,نظام مراقبة البنوك,قناة الأنظمة,نظام,https://t.me/c/1197187841/528,8f70dc63-dd9a-4734-9216-a9a700f2c78c,نظام مراقبة البنوك,https://laws.boe.gov.sa/BoeLaws/Laws/LawDetails/8f70dc63-dd9a-4734-9216-a9a700f2c78c/1,DELETE_INTERMEDIARY_AFTER_ADDING_OFFICIAL,العنوان مطابق للنص النظامي الرسمي بعد حذف ضوضاء الترقيم/السنة؛ يُستبدل بالأصل الرسمي من هيئة الخبراء.
systems_channel_1739,نظام مهنة المحاسبة والمراجعة,قناة الأنظمة,نظام,https://t.me/c/1197187841/1739,6435e205-a7ae-4a8c-9580-ad0000b6bef2,نظام مهنة المحاسبة والمراجعة,https://laws.boe.gov.sa/BoeLaws/Laws/LawDetails/6435e205-a7ae-4a8c-9580-ad0000b6bef2/1,DELETE_INTERMEDIARY_AFTER_ADDING_OFFICIAL,العنوان مطابق للنص النظامي الرسمي بعد حذف ضوضاء الترقيم/السنة؛ يُستبدل بالأصل الرسمي من هيئة الخبراء.
systems_channel_52729,نظام التجارة الإلكترونية,قناة الأنظمة,نظام,https://t.me/c/1197187841/52729,360de590-0286-4fa5-a243-aa9100c31979,نظام التجارة الإلكترونية,https://laws.boe.gov.sa/BoeLaws/Laws/LawDetails/360de590-0286-4fa5-a243-aa9100c31979/1,DELETE_INTERMEDIARY_AFTER_ADDING_OFFICIAL,العنوان مطابق للنص النظامي الرسمي بعد حذف ضوضاء الترقيم/السنة؛ يُستبدل بالأصل الرسمي من هيئة الخبراء.
systems_channel_52730,نظام المقيّمين المعتمدين,قناة الأنظمة,نظام,https://t.me/c/1197187841/52730,cad66e4d-38d3-4baa-8049-a9a700f1e7a8,نظام المقيمين المعتمدين,https://laws.boe.gov.sa/BoeLaws/Laws/LawDetails/cad66e4d-38d3-4baa-8049-a9a700f1e7a8/1,DELETE_INTERMEDIARY_AFTER_ADDING_OFFICIAL,العنوان مطابق للنص النظامي الرسمي بعد حذف ضوضاء الترقيم/السنة؛ يُستبدل بالأصل الرسمي من هيئة الخبراء.
systems_channel_52732,نظام مكافحة الغش التجاري,قناة الأنظمة,نظام,https://t.me/c/1197187841/52732,85eb2897-bec6-4c0c-b1d7-ac7c008ec09c,نظام مكافحة الغش التجاري,https://laws.boe.gov.sa/BoeLaws/Laws/LawDetails/85eb2897-bec6-4c0c-b1d7-ac7c008ec09c/1,DELETE_INTERMEDIARY_AFTER_ADDING_OFFICIAL,العنوان مطابق للنص النظامي الرسمي بعد حذف ضوضاء الترقيم/السنة؛ يُستبدل بالأصل الرسمي من هيئة الخبراء.
systems_channel_52733,نظام الرهن التجاري 1439,قناة الأنظمة,نظام,https://t.me/c/1197187841/52733,e7bd6fcc-c29c-4696-8032-aae9009b113a,نظام الرهن التجاري,https://laws.boe.gov.sa/BoeLaws/Laws/LawDetails/e7bd6fcc-c29c-4696-8032-aae9009b113a/1,DELETE_INTERMEDIARY_AFTER_ADDING_OFFICIAL,العنوان مطابق للنص النظامي الرسمي بعد حذف ضوضاء الترقيم/السنة؛ يُستبدل بالأصل الرسمي من هيئة الخبراء.
systems_channel_52735,نظام الدفاتر التجارية,قناة الأنظمة,نظام,https://t.me/c/1197187841/52735,05690bd6-2c75-4b65-a148-a9a700f1bccf,نظام الدفاتر التجارية,https://laws.boe.gov.sa/BoeLaws/Laws/LawDetails/05690bd6-2c75-4b65-a148-a9a700f1bccf/1,DELETE_INTERMEDIARY_AFTER_ADDING_OFFICIAL,العنوان مطابق للنص النظامي الرسمي بعد حذف ضوضاء الترقيم/السنة؛ يُستبدل بالأصل الرسمي من هيئة الخبراء.
systems_channel_52739,نظام البيانات التجارية 1423,قناة الأنظمة,نظام,https://t.me/c/1197187841/52739,95a6369d-d712-4028-842e-a9a700f1a957,نظام البيانات التجارية,https://laws.boe.gov.sa/BoeLaws/Laws/LawDetails/95a6369d-d712-4028-842e-a9a700f1a957/1,DELETE_INTERMEDIARY_AFTER_ADDING_OFFICIAL,العنوان مطابق للنص النظامي الرسمي بعد حذف ضوضاء الترقيم/السنة؛ يُستبدل بالأصل الرسمي من هيئة الخبراء.
systems_channel_52742,نظام الغرف التجارية,قناة الأنظمة,نظام,https://t.me/c/1197187841/52742,fb3e69e4-84a6-45b4-85d6-ac8c00cb3d67,نظام الغرف التجارية,https://laws.boe.gov.sa/BoeLaws/Laws/LawDetails/fb3e69e4-84a6-45b4-85d6-ac8c00cb3d67/1,DELETE_INTERMEDIARY_AFTER_ADDING_OFFICIAL,العنوان مطابق للنص النظامي الرسمي بعد حذف ضوضاء الترقيم/السنة؛ يُستبدل بالأصل الرسمي من هيئة الخبراء.
systems_channel_52745,نظام السجل التجاري,قناة الأنظمة,نظام,https://t.me/c/1197187841/52745,98ee4b51-d398-4323-ae69-b2b8009f3156,نظام السجل التجاري,https://laws.boe.gov.sa/BoeLaws/Laws/LawDetails/98ee4b51-d398-4323-ae69-b2b8009f3156/1,DELETE_INTERMEDIARY_AFTER_ADDING_OFFICIAL,العنوان مطابق للنص النظامي الرسمي بعد حذف ضوضاء الترقيم/السنة؛ يُستبدل بالأصل الرسمي من هيئة الخبراء.
systems_channel_52747,نظام الامتياز التجاري,قناة الأنظمة,نظام,https://t.me/c/1197187841/52747,af2a6b93-51dd-4f16-b781-aafd00d9fbbc,نظام الامتياز التجاري,https://laws.boe.gov.sa/BoeLaws/Laws/LawDetails/af2a6b93-51dd-4f16-b781-aafd00d9fbbc/1,DELETE_INTERMEDIARY_AFTER_ADDING_OFFICIAL,العنوان مطابق للنص النظامي الرسمي بعد حذف ضوضاء الترقيم/السنة؛ يُستبدل بالأصل الرسمي من هيئة الخبراء.
systems_channel_52749,نظام الاسماء التجارية,قناة الأنظمة,نظام,https://t.me/c/1197187841/52749,d4801a45-7f76-4414-bdca-b20900db6fc4,نظام الأسماء التجارية,https://laws.boe.gov.sa/BoeLaws/Laws/LawDetails/d4801a45-7f76-4414-bdca-b20900db6fc4/1,DELETE_INTERMEDIARY_AFTER_ADDING_OFFICIAL,العنوان مطابق للنص النظامي الرسمي بعد حذف ضوضاء الترقيم/السنة؛ يُستبدل بالأصل الرسمي من هيئة الخبراء.
systems_channel_52751,نظام الوكالات التجارية,قناة الأنظمة,نظام,https://t.me/c/1197187841/52751,b19a8aa6-7b50-43f0-ab8c-a9a700f1a446,نظام الوكالات التجارية,https://laws.boe.gov.sa/BoeLaws/Laws/LawDetails/b19a8aa6-7b50-43f0-ab8c-a9a700f1a446/1,DELETE_INTERMEDIARY_AFTER_ADDING_OFFICIAL,العنوان مطابق للنص النظامي الرسمي بعد حذف ضوضاء الترقيم/السنة؛ يُستبدل بالأصل الرسمي من هيئة الخبراء.
systems_channel_52752,نظام الاوراق التجارية,قناة الأنظمة,نظام,https://t.me/c/1197187841/52752,4763eb94-047b-46f1-9697-a9a700f1b7ed,نظام الأوراق التجارية,https://laws.boe.gov.sa/BoeLaws/Laws/LawDetails/4763eb94-047b-46f1-9697-a9a700f1b7ed/1,DELETE_INTERMEDIARY_AFTER_ADDING_OFFICIAL,العنوان مطابق للنص النظامي الرسمي بعد حذف ضوضاء الترقيم/السنة؛ يُستبدل بالأصل الرسمي من هيئة الخبراء.
systems_channel_52753,اللائحة التنفيذية لنظام الإفلاس,قناة الأنظمة,لائحة,https://t.me/c/1197187841/52753,a748e485-620c-45c4-8ca8-a9f40166406d,اللائحة التنفيذية لنظام الإفلاس,https://laws.boe.gov.sa/BoeLaws/Laws/LawDetails/a748e485-620c-45c4-8ca8-a9f40166406d/1,DELETE_INTERMEDIARY_AFTER_ADDING_OFFICIAL,العنوان مطابق للنص النظامي الرسمي بعد حذف ضوضاء الترقيم/السنة؛ يُستبدل بالأصل الرسمي من هيئة الخبراء.
systems_channel_52754,نظام الافلاس 1440-2019,قناة الأنظمة,نظام,https://t.me/c/1197187841/52754,68204119-84f1-4789-8fad-a9ec014c3788,نظام الإفلاس,https://laws.boe.gov.sa/BoeLaws/Laws/LawDetails/68204119-84f1-4789-8fad-a9ec014c3788/1,DELETE_INTERMEDIARY_AFTER_ADDING_OFFICIAL,العنوان مطابق للنص النظامي الرسمي بعد حذف ضوضاء الترقيم/السنة؛ يُستبدل بالأصل الرسمي من هيئة الخبراء.
systems_channel_55259,تنظيم الهيئة السعودية للمراجعين والمحاسبين,قناة الأنظمة,لائحة,https://t.me/c/1197187841/55259,3fd2d5d4-e39f-4543-a69f-ad0100b32c4d,تنظيم الهيئة السعودية للمراجعين والمحاسبين,https://laws.boe.gov.sa/BoeLaws/Laws/LawDetails/3fd2d5d4-e39f-4543-a69f-ad0100b32c4d/1,DELETE_INTERMEDIARY_AFTER_ADDING_OFFICIAL,العنوان مطابق للنص النظامي الرسمي بعد حذف ضوضاء الترقيم/السنة؛ يُستبدل بالأصل الرسمي من هيئة الخبراء.
systems_channel_55263,نظام التأمينات الاجتماعية,قناة الأنظمة,نظام,https://t.me/c/1197187841/55263,eaee8a20-3a54-4aaf-b0d9-b1ad00998962,نظام التأمينات الاجتماعية,https://laws.boe.gov.sa/BoeLaws/Laws/LawDetails/eaee8a20-3a54-4aaf-b0d9-b1ad00998962/1,DELETE_INTERMEDIARY_AFTER_ADDING_OFFICIAL,العنوان مطابق للنص النظامي الرسمي بعد حذف ضوضاء الترقيم/السنة؛ يُستبدل بالأصل الرسمي من هيئة الخبراء.
systems_channel_55273,نظام المنافسة,قناة الأنظمة,نظام,https://t.me/c/1197187841/55273,e3605c0d-ef87-4cff-b5da-aa3f0102bbb4,نظام المنافسة,https://laws.boe.gov.sa/BoeLaws/Laws/LawDetails/e3605c0d-ef87-4cff-b5da-aa3f0102bbb4/1,DELETE_INTERMEDIARY_AFTER_ADDING_OFFICIAL,العنوان مطابق للنص النظامي الرسمي بعد حذف ضوضاء الترقيم/السنة؛ يُستبدل بالأصل الرسمي من هيئة الخبراء.
systems_channel_55276,نظام مكافحة جرائم الإرهاب وتمويله,قناة الأنظمة,نظام,https://t.me/c/1197187841/55276,57694209-3eed-46c7-a5d8-a9ed012761d4,نظام مكافحة جرائم الإرهاب وتمويله,https://laws.boe.gov.sa/BoeLaws/Laws/LawDetails/57694209-3eed-46c7-a5d8-a9ed012761d4/1,DELETE_INTERMEDIARY_AFTER_ADDING_OFFICIAL,العنوان مطابق للنص النظامي الرسمي بعد حذف ضوضاء الترقيم/السنة؛ يُستبدل بالأصل الرسمي من هيئة الخبراء.
systems_channel_55277,نظام مكافحة غسل الأموال,قناة الأنظمة,نظام,https://t.me/c/1197187841/55277,0657dfce-95f8-463a-9d87-aa3900ec7b51,نظام مكافحة غسل الأموال,https://laws.boe.gov.sa/BoeLaws/Laws/LawDetails/0657dfce-95f8-463a-9d87-aa3900ec7b51/1,DELETE_INTERMEDIARY_AFTER_ADDING_OFFICIAL,العنوان مطابق للنص النظامي الرسمي بعد حذف ضوضاء الترقيم/السنة؛ يُستبدل بالأصل الرسمي من هيئة الخبراء.
systems_channel_70234,نظام مراقبة شركات التأمين التعاوني,قناة الأنظمة,نظام,https://t.me/c/1197187841/70234,3e3c6fc3-9a45-4a0e-b28e-a9a700f1ad14,نظام مراقبة شركات التأمين التعاوني,https://laws.boe.gov.sa/BoeLaws/Laws/LawDetails/3e3c6fc3-9a45-4a0e-b28e-a9a700f1ad14/1,DELETE_INTERMEDIARY_AFTER_ADDING_OFFICIAL,العنوان مطابق للنص النظامي الرسمي بعد حذف ضوضاء الترقيم/السنة؛ يُستبدل بالأصل الرسمي من هيئة الخبراء.
systems_channel_70241,نظام مراقبة شركات التمويل,قناة الأنظمة,نظام,https://t.me/c/1197187841/70241,f53c97f5-d253-4828-89d4-a9a700f2d829,نظام مراقبة شركات التمويل,https://laws.boe.gov.sa/BoeLaws/Laws/LawDetails/f53c97f5-d253-4828-89d4-a9a700f2d829/1,DELETE_INTERMEDIARY_AFTER_ADDING_OFFICIAL,العنوان مطابق للنص النظامي الرسمي بعد حذف ضوضاء الترقيم/السنة؛ يُستبدل بالأصل الرسمي من هيئة الخبراء.
systems_channel_71345,نظام الايجار التمويلي,قناة الأنظمة,نظام,https://t.me/c/1197187841/71345,9b61c9c0-71e2-4096-a3da-a9a700f2d79a,نظام الايجار التمويلي,https://laws.boe.gov.sa/BoeLaws/Laws/LawDetails/9b61c9c0-71e2-4096-a3da-a9a700f2d79a/1,DELETE_INTERMEDIARY_AFTER_ADDING_OFFICIAL,العنوان مطابق للنص النظامي الرسمي بعد حذف ضوضاء الترقيم/السنة؛ يُستبدل بالأصل الرسمي من هيئة الخبراء.
lawlibrary_176,نظام الهيئة العامة للولاية على أموال القاصرين ومن في حكمهم,مكتبة القانون,نظام,https://qadha.org.sa/ar/books/340,6a8286ec-baea-43ec-ab0d-a9a700f26c94,نظام الهيئة العامة للولاية على أموال القاصرين ومن فى حكمهم,https://laws.boe.gov.sa/BoeLaws/Laws/LawDetails/6a8286ec-baea-43ec-ab0d-a9a700f26c94/1,DELETE_INTERMEDIARY_AFTER_ADDING_OFFICIAL,العنوان مطابق للنص النظامي الرسمي بعد حذف ضوضاء الترقيم/السنة؛ يُستبدل بالأصل الرسمي من هيئة الخبراء.
lawlibrary_1102,تنظيم صندوق النفقة,مكتبة القانون,عنوان مرجعي,,856b8992-cf28-422a-96a8-a9ec0127f6e7,تنظيم صندوق النفقة,https://laws.boe.gov.sa/BoeLaws/Laws/LawDetails/856b8992-cf28-422a-96a8-a9ec0127f6e7/1,DELETE_INTERMEDIARY_AFTER_ADDING_OFFICIAL,العنوان مطابق للنص النظامي الرسمي بعد حذف ضوضاء الترقيم/السنة؛ يُستبدل بالأصل الرسمي من هيئة الخبراء.
lawlibrary_1204,‎⁨نظام المرافعات الشرعية 39⁩ 2,مكتبة القانون,عنوان مرجعي,,f0eaae46-9f84-40ee-815e-a9a700f268b3,نظام المرافعات الشرعية,https://laws.boe.gov.sa/BoeLaws/Laws/LawDetails/f0eaae46-9f84-40ee-815e-a9a700f268b3/1,DELETE_INTERMEDIARY_AFTER_ADDING_OFFICIAL,العنوان مطابق للنص النظامي الرسمي بعد حذف ضوضاء الترقيم/السنة؛ يُستبدل بالأصل الرسمي من هيئة الخبراء.
lawlibrary_1229,لائحة عمال الخدمة المنزلية ومن في حكمهم,مكتبة القانون,عنوان مرجعي,,cc46debb-482e-48be-9daf-a9a700f2bfe7,لائحة عمال الخدمة المنزلية ومن في حكمهم,https://laws.boe.gov.sa/BoeLaws/Laws/LawDetails/cc46debb-482e-48be-9daf-a9a700f2bfe7/1,DELETE_INTERMEDIARY_AFTER_ADDING_OFFICIAL,العنوان مطابق للنص النظامي الرسمي بعد حذف ضوضاء الترقيم/السنة؛ يُستبدل بالأصل الرسمي من هيئة الخبراء.
lawlibrary_1365,لائحة المحافظة على الذوق العام,مكتبة القانون,عنوان مرجعي,,3b96a591-47c8-4469-9abb-aa4700f1aa52,لائحة المحافظة على الذوق العام,https://laws.boe.gov.sa/BoeLaws/Laws/LawDetails/3b96a591-47c8-4469-9abb-aa4700f1aa52/1,DELETE_INTERMEDIARY_AFTER_ADDING_OFFICIAL,العنوان مطابق للنص النظامي الرسمي بعد حذف ضوضاء الترقيم/السنة؛ يُستبدل بالأصل الرسمي من هيئة الخبراء.
lawlibrary_1368,‎⁨نظام العمل التطوعي⁩,مكتبة القانون,عنوان مرجعي,,a122634e-98ea-4e40-b4dd-ab5700c51c7d,نظام العمل التطوعي,https://laws.boe.gov.sa/BoeLaws/Laws/LawDetails/a122634e-98ea-4e40-b4dd-ab5700c51c7d/1,DELETE_INTERMEDIARY_AFTER_ADDING_OFFICIAL,العنوان مطابق للنص النظامي الرسمي بعد حذف ضوضاء الترقيم/السنة؛ يُستبدل بالأصل الرسمي من هيئة الخبراء.
lawlibrary_1370,نظام توزيع الاراضي البور,مكتبة القانون,عنوان مرجعي,,c1a70c2f-ba99-45ce-9dd8-a9a700f243ef,نظام توزيع الأراضي البور,https://laws.boe.gov.sa/BoeLaws/Laws/LawDetails/c1a70c2f-ba99-45ce-9dd8-a9a700f243ef/1,DELETE_INTERMEDIARY_AFTER_ADDING_OFFICIAL,العنوان مطابق للنص النظامي الرسمي بعد حذف ضوضاء الترقيم/السنة؛ يُستبدل بالأصل الرسمي من هيئة الخبراء.
lawlibrary_1380,نظام الاحداث,مكتبة القانون,عنوان مرجعي,,4ec27eee-f917-408c-85eb-a9f6011ea426,نظام الأحداث,https://laws.boe.gov.sa/BoeLaws/Laws/LawDetails/4ec27eee-f917-408c-85eb-a9f6011ea426/1,DELETE_INTERMEDIARY_AFTER_ADDING_OFFICIAL,العنوان مطابق للنص النظامي الرسمي بعد حذف ضوضاء الترقيم/السنة؛ يُستبدل بالأصل الرسمي من هيئة الخبراء.
lawlibrary_1382,نظام مكافحة جريمة التحرش,مكتبة القانون,عنوان مرجعي,,f9de1b7f-7526-4c44-b9f3-a9f8015cf5b6,نظام مكافحة جريمة التحرش,https://laws.boe.gov.sa/BoeLaws/Laws/LawDetails/f9de1b7f-7526-4c44-b9f3-a9f8015cf5b6/1,DELETE_INTERMEDIARY_AFTER_ADDING_OFFICIAL,العنوان مطابق للنص النظامي الرسمي بعد حذف ضوضاء الترقيم/السنة؛ يُستبدل بالأصل الرسمي من هيئة الخبراء.
lawlibrary_1385,نظام+استبدال+الغرامة+بالحبس,مكتبة القانون,عنوان مرجعي,,f62643d0-eff3-43c2-8629-a9a700f18812,نظام استبدال الغرامة بالحبس,https://laws.boe.gov.sa/BoeLaws/Laws/LawDetails/f62643d0-eff3-43c2-8629-a9a700f18812/1,DELETE_INTERMEDIARY_AFTER_ADDING_OFFICIAL,العنوان مطابق للنص النظامي الرسمي بعد حذف ضوضاء الترقيم/السنة؛ يُستبدل بالأصل الرسمي من هيئة الخبراء.
lawlibrary_1387,نظام المرور,مكتبة القانون,عنوان مرجعي,,85364e57-c01e-41ba-8def-a9a700f183e9,نظام المرور,https://laws.boe.gov.sa/BoeLaws/Laws/LawDetails/85364e57-c01e-41ba-8def-a9a700f183e9/1,DELETE_INTERMEDIARY_AFTER_ADDING_OFFICIAL,العنوان مطابق للنص النظامي الرسمي بعد حذف ضوضاء الترقيم/السنة؛ يُستبدل بالأصل الرسمي من هيئة الخبراء.
lawlibrary_1390,‎⁨نظام الإفلاس⁩,مكتبة القانون,عنوان مرجعي,,68204119-84f1-4789-8fad-a9ec014c3788,نظام الإفلاس,https://laws.boe.gov.sa/BoeLaws/Laws/LawDetails/68204119-84f1-4789-8fad-a9ec014c3788/1,DELETE_INTERMEDIARY_AFTER_ADDING_OFFICIAL,العنوان مطابق للنص النظامي الرسمي بعد حذف ضوضاء الترقيم/السنة؛ يُستبدل بالأصل الرسمي من هيئة الخبراء.
lawlibrary_1395,نظام مكافحة الرشوة,مكتبة القانون,عنوان مرجعي,,75e963c8-9ff3-4d10-88a4-a9a700f17f21,نظام مكافحة الرشوة,https://laws.boe.gov.sa/BoeLaws/Laws/LawDetails/75e963c8-9ff3-4d10-88a4-a9a700f17f21/1,DELETE_INTERMEDIARY_AFTER_ADDING_OFFICIAL,العنوان مطابق للنص النظامي الرسمي بعد حذف ضوضاء الترقيم/السنة؛ يُستبدل بالأصل الرسمي من هيئة الخبراء.
lawlibrary_1696,نظام الإيداع في المخازن العامة,مكتبة القانون,عنوان مرجعي,,86f03d34-3650-4553-b6a0-a9a700f2cdae,نظام الإيداع في المخازن العامة,https://laws.boe.gov.sa/BoeLaws/Laws/LawDetails/86f03d34-3650-4553-b6a0-a9a700f2cdae/1,DELETE_INTERMEDIARY_AFTER_ADDING_OFFICIAL,العنوان مطابق للنص النظامي الرسمي بعد حذف ضوضاء الترقيم/السنة؛ يُستبدل بالأصل الرسمي من هيئة الخبراء.
lawlibrary_1699,نظام البيانات التجارية,مكتبة القانون,عنوان مرجعي,,95a6369d-d712-4028-842e-a9a700f1a957,نظام البيانات التجارية,https://laws.boe.gov.sa/BoeLaws/Laws/LawDetails/95a6369d-d712-4028-842e-a9a700f1a957/1,DELETE_INTERMEDIARY_AFTER_ADDING_OFFICIAL,العنوان مطابق للنص النظامي الرسمي بعد حذف ضوضاء الترقيم/السنة؛ يُستبدل بالأصل الرسمي من هيئة الخبراء.
lawlibrary_1704,نظام التمويل العقاري,مكتبة القانون,عنوان مرجعي,,88254f6b-0311-4ed2-be96-a9a700f2d6f2,نظام التمويل العقاري,https://laws.boe.gov.sa/BoeLaws/Laws/LawDetails/88254f6b-0311-4ed2-be96-a9a700f2d6f2/1,DELETE_INTERMEDIARY_AFTER_ADDING_OFFICIAL,العنوان مطابق للنص النظامي الرسمي بعد حذف ضوضاء الترقيم/السنة؛ يُستبدل بالأصل الرسمي من هيئة الخبراء.
lawlibrary_1705,نظام ضريبة الدخل,مكتبة القانون,عنوان مرجعي,,23576008-1ce4-4685-ac3e-a9a700f2cb02,نظام ضريبة الدخل,https://laws.boe.gov.sa/BoeLaws/Laws/LawDetails/23576008-1ce4-4685-ac3e-a9a700f2cb02/1,DELETE_INTERMEDIARY_AFTER_ADDING_OFFICIAL,العنوان مطابق للنص النظامي الرسمي بعد حذف ضوضاء الترقيم/السنة؛ يُستبدل بالأصل الرسمي من هيئة الخبراء.
lawlibrary_1706,نظام إيرادات الدولة,مكتبة القانون,عنوان مرجعي,,8b100aee-54a5-48c1-9866-a9a700f2d539,نظام إيرادات الدولة,https://laws.boe.gov.sa/BoeLaws/Laws/LawDetails/8b100aee-54a5-48c1-9866-a9a700f2d539/1,DELETE_INTERMEDIARY_AFTER_ADDING_OFFICIAL,العنوان مطابق للنص النظامي الرسمي بعد حذف ضوضاء الترقيم/السنة؛ يُستبدل بالأصل الرسمي من هيئة الخبراء.
lawlibrary_1707,نظام النقد العربى السعودى,مكتبة القانون,عنوان مرجعي,,1603064a-ab7e-48eb-9564-a9a700f2d2e0,نظام النقد العربى السعودى,https://laws.boe.gov.sa/BoeLaws/Laws/LawDetails/1603064a-ab7e-48eb-9564-a9a700f2d2e0/1,DELETE_INTERMEDIARY_AFTER_ADDING_OFFICIAL,العنوان مطابق للنص النظامي الرسمي بعد حذف ضوضاء الترقيم/السنة؛ يُستبدل بالأصل الرسمي من هيئة الخبراء.
lawlibrary_1708,نظام مؤسسة النقد العربي السعودي,مكتبة القانون,عنوان مرجعي,,35ecc858-eec3-4543-9540-a9a700f2c681,نظام مؤسسة النقد العربي السعودي,https://laws.boe.gov.sa/BoeLaws/Laws/LawDetails/35ecc858-eec3-4543-9540-a9a700f2c681/1,DELETE_INTERMEDIARY_AFTER_ADDING_OFFICIAL,العنوان مطابق للنص النظامي الرسمي بعد حذف ضوضاء الترقيم/السنة؛ يُستبدل بالأصل الرسمي من هيئة الخبراء.
lawlibrary_1709,نظام المعلومات الائتمانية,مكتبة القانون,عنوان مرجعي,,63dc01a6-fc5c-4600-9171-a9a700f2d222,نظام المعلومات الائتمانية,https://laws.boe.gov.sa/BoeLaws/Laws/LawDetails/63dc01a6-fc5c-4600-9171-a9a700f2d222/1,DELETE_INTERMEDIARY_AFTER_ADDING_OFFICIAL,العنوان مطابق للنص النظامي الرسمي بعد حذف ضوضاء الترقيم/السنة؛ يُستبدل بالأصل الرسمي من هيئة الخبراء.
lawlibrary_1712,نظام المحاسبين القانونيين,مكتبة القانون,عنوان مرجعي,,56195fdf-46c2-44f0-88e5-a9a700f1be50,نظام المحاسبين القانونيين,https://laws.boe.gov.sa/BoeLaws/Laws/LawDetails/56195fdf-46c2-44f0-88e5-a9a700f1be50/1,DELETE_INTERMEDIARY_AFTER_ADDING_OFFICIAL,العنوان مطابق للنص النظامي الرسمي بعد حذف ضوضاء الترقيم/السنة؛ يُستبدل بالأصل الرسمي من هيئة الخبراء.
lawlibrary_1713,نظام التحكيم 1,مكتبة القانون,عنوان مرجعي,,5535039e-13da-43f6-8f53-a9a700f26485,نظام التحكيم,https://laws.boe.gov.sa/BoeLaws/Laws/LawDetails/5535039e-13da-43f6-8f53-a9a700f26485/1,DELETE_INTERMEDIARY_AFTER_ADDING_OFFICIAL,العنوان مطابق للنص النظامي الرسمي بعد حذف ضوضاء الترقيم/السنة؛ يُستبدل بالأصل الرسمي من هيئة الخبراء.
lawlibrary_1716,نظام التحكيم 2,مكتبة القانون,عنوان مرجعي,,5535039e-13da-43f6-8f53-a9a700f26485,نظام التحكيم,https://laws.boe.gov.sa/BoeLaws/Laws/LawDetails/5535039e-13da-43f6-8f53-a9a700f26485/1,DELETE_INTERMEDIARY_AFTER_ADDING_OFFICIAL,العنوان مطابق للنص النظامي الرسمي بعد حذف ضوضاء الترقيم/السنة؛ يُستبدل بالأصل الرسمي من هيئة الخبراء.
lawlibrary_2439,002 اللائحة التنفيذية لنظام الإجراءات الجزائية,مكتبة القانون,عنوان مرجعي,,9a0249b7-f835-48fa-8d1e-a9a700f1981a,اللائحة التنفيذية لنظام الإجراءات الجزائية,https://laws.boe.gov.sa/BoeLaws/Laws/LawDetails/9a0249b7-f835-48fa-8d1e-a9a700f1981a/1,DELETE_INTERMEDIARY_AFTER_ADDING_OFFICIAL,العنوان مطابق للنص النظامي الرسمي بعد حذف ضوضاء الترقيم/السنة؛ يُستبدل بالأصل الرسمي من هيئة الخبراء.
lawlibrary_2442,نظام الحماية من الإيذاء,مكتبة القانون,عنوان مرجعي,,83f450eb-7985-461f-b053-a9a700f2ba08,نظام الحماية من الإيذاء,https://laws.boe.gov.sa/BoeLaws/Laws/LawDetails/83f450eb-7985-461f-b053-a9a700f2ba08/1,DELETE_INTERMEDIARY_AFTER_ADDING_OFFICIAL,العنوان مطابق للنص النظامي الرسمي بعد حذف ضوضاء الترقيم/السنة؛ يُستبدل بالأصل الرسمي من هيئة الخبراء.
lawlibrary_2444,نظام الاجراءات الجزائية 1435,مكتبة القانون,عنوان مرجعي,,8f1b7079-a5f0-425d-b5e0-a9a700f26b2d,نظام الإجراءات الجزائية,https://laws.boe.gov.sa/BoeLaws/Laws/LawDetails/8f1b7079-a5f0-425d-b5e0-a9a700f26b2d/1,DELETE_INTERMEDIARY_AFTER_ADDING_OFFICIAL,العنوان مطابق للنص النظامي الرسمي بعد حذف ضوضاء الترقيم/السنة؛ يُستبدل بالأصل الرسمي من هيئة الخبراء.
lawlibrary_2455,اللائحة التنفيذية لنظام مكافحة المخدرات والمؤثرات العقلية,مكتبة القانون,عنوان مرجعي,,be479758-9a84-4e94-b1d3-a9a700f19454,اللائحة التنفيذية لنظام مكافحة المخدرات والمؤثرات العقلية,https://laws.boe.gov.sa/BoeLaws/Laws/LawDetails/be479758-9a84-4e94-b1d3-a9a700f19454/1,DELETE_INTERMEDIARY_AFTER_ADDING_OFFICIAL,العنوان مطابق للنص النظامي الرسمي بعد حذف ضوضاء الترقيم/السنة؛ يُستبدل بالأصل الرسمي من هيئة الخبراء.
lawlibrary_2463,نظام تداول بدائل حليب الأم 1425,مكتبة القانون,عنوان مرجعي,,8d68a28a-3ca8-4093-8f53-a9a700f28818,نظام تداول بدائل حليب الأم,https://laws.boe.gov.sa/BoeLaws/Laws/LawDetails/8d68a28a-3ca8-4093-8f53-a9a700f28818/1,DELETE_INTERMEDIARY_AFTER_ADDING_OFFICIAL,العنوان مطابق للنص النظامي الرسمي بعد حذف ضوضاء الترقيم/السنة؛ يُستبدل بالأصل الرسمي من هيئة الخبراء.
lawlibrary_2466,نظام مكافحة التدخين,مكتبة القانون,عنوان مرجعي,,93b6f7f3-1083-46e7-b30e-a9a700f291b0,نظام مكافحة التدخين,https://laws.boe.gov.sa/BoeLaws/Laws/LawDetails/93b6f7f3-1083-46e7-b30e-a9a700f291b0/1,DELETE_INTERMEDIARY_AFTER_ADDING_OFFICIAL,العنوان مطابق للنص النظامي الرسمي بعد حذف ضوضاء الترقيم/السنة؛ يُستبدل بالأصل الرسمي من هيئة الخبراء.
lawlibrary_2487,نظام التسجيل العيني للعقار,مكتبة القانون,عنوان مرجعي,,c9756bfb-ff81-4226-a820-ae8200dc074c,نظام التسجيل العيني للعقار,https://laws.boe.gov.sa/BoeLaws/Laws/LawDetails/c9756bfb-ff81-4226-a820-ae8200dc074c/1,DELETE_INTERMEDIARY_AFTER_ADDING_OFFICIAL,العنوان مطابق للنص النظامي الرسمي بعد حذف ضوضاء الترقيم/السنة؛ يُستبدل بالأصل الرسمي من هيئة الخبراء.
lawlibrary_2504,نظام الأسماء التجارية 1420هـ,مكتبة القانون,عنوان مرجعي,,d4801a45-7f76-4414-bdca-b20900db6fc4,نظام الأسماء التجارية,https://laws.boe.gov.sa/BoeLaws/Laws/LawDetails/d4801a45-7f76-4414-bdca-b20900db6fc4/1,DELETE_INTERMEDIARY_AFTER_ADDING_OFFICIAL,العنوان مطابق للنص النظامي الرسمي بعد حذف ضوضاء الترقيم/السنة؛ يُستبدل بالأصل الرسمي من هيئة الخبراء.
lawlibrary_2518,نظام الشركات ٣٧,مكتبة القانون,عنوان مرجعي,,a8376aea-1bc3-49d4-9027-aed900b555af,نظام الشركات,https://laws.boe.gov.sa/BoeLaws/Laws/LawDetails/a8376aea-1bc3-49d4-9027-aed900b555af/1,DELETE_INTERMEDIARY_AFTER_ADDING_OFFICIAL,العنوان مطابق للنص النظامي الرسمي بعد حذف ضوضاء الترقيم/السنة؛ يُستبدل بالأصل الرسمي من هيئة الخبراء.
lawlibrary_2527,نظام تملك غير السعوديين للعقار واستثماره,مكتبة القانون,عنوان مرجعي,,753d7ffc-5e18-4f36-818d-a9a700f213a1,نظام تملك غير السعوديين للعقار واستثماره,https://laws.boe.gov.sa/BoeLaws/Laws/LawDetails/753d7ffc-5e18-4f36-818d-a9a700f213a1/1,DELETE_INTERMEDIARY_AFTER_ADDING_OFFICIAL,العنوان مطابق للنص النظامي الرسمي بعد حذف ضوضاء الترقيم/السنة؛ يُستبدل بالأصل الرسمي من هيئة الخبراء.
lawlibrary_2532,نظام تطبيق كود البناء السعودي,مكتبة القانون,عنوان مرجعي,,cfc97985-4a9f-4012-832b-a9a700f21ed2,نظام تطبيق كود البناء السعودي,https://laws.boe.gov.sa/BoeLaws/Laws/LawDetails/cfc97985-4a9f-4012-832b-a9a700f21ed2/1,DELETE_INTERMEDIARY_AFTER_ADDING_OFFICIAL,العنوان مطابق للنص النظامي الرسمي بعد حذف ضوضاء الترقيم/السنة؛ يُستبدل بالأصل الرسمي من هيئة الخبراء.
lawlibrary_2535,نظام الهيئة العامة للأوقاف,مكتبة القانون,عنوان مرجعي,,cabff788-438d-4003-be74-a9a700f2bcde,نظام الهيئة العامة للأوقاف,https://laws.boe.gov.sa/BoeLaws/Laws/LawDetails/cabff788-438d-4003-be74-a9a700f2bcde/1,DELETE_INTERMEDIARY_AFTER_ADDING_OFFICIAL,العنوان مطابق للنص النظامي الرسمي بعد حذف ضوضاء الترقيم/السنة؛ يُستبدل بالأصل الرسمي من هيئة الخبراء.
lawlibrary_2537,نظام الجمعيات التعاونية,مكتبة القانون,عنوان مرجعي,,0264f52c-70bd-40f2-94c1-a9a700f2b561,نظام الجمعيات التعاونية,https://laws.boe.gov.sa/BoeLaws/Laws/LawDetails/0264f52c-70bd-40f2-94c1-a9a700f2b561/1,DELETE_INTERMEDIARY_AFTER_ADDING_OFFICIAL,العنوان مطابق للنص النظامي الرسمي بعد حذف ضوضاء الترقيم/السنة؛ يُستبدل بالأصل الرسمي من هيئة الخبراء.
lawlibrary_2538,نظام الطيران المدني,مكتبة القانون,عنوان مرجعي,,33ef05e2-f53e-4340-b5cb-a9a700f2ead1,نظام الطيران المدني,https://laws.boe.gov.sa/BoeLaws/Laws/LawDetails/33ef05e2-f53e-4340-b5cb-a9a700f2ead1/1,DELETE_INTERMEDIARY_AFTER_ADDING_OFFICIAL,العنوان مطابق للنص النظامي الرسمي بعد حذف ضوضاء الترقيم/السنة؛ يُستبدل بالأصل الرسمي من هيئة الخبراء.
lawlibrary_2539,نظام المطبوعات والنشر,مكتبة القانون,عنوان مرجعي,,ecaaec43-8ff9-46b8-b269-a9a700f16e66,نظام المطبوعات والنشر,https://laws.boe.gov.sa/BoeLaws/Laws/LawDetails/ecaaec43-8ff9-46b8-b269-a9a700f16e66/1,DELETE_INTERMEDIARY_AFTER_ADDING_OFFICIAL,العنوان مطابق للنص النظامي الرسمي بعد حذف ضوضاء الترقيم/السنة؛ يُستبدل بالأصل الرسمي من هيئة الخبراء.
lawlibrary_2621,10نظام مزاولة المهن الصحية 1426 هـ,مكتبة القانون,عنوان مرجعي,,f1de206c-eef4-4a76-904a-a9a700f2899a,نظام مزاولة المهن الصحية,https://laws.boe.gov.sa/BoeLaws/Laws/LawDetails/f1de206c-eef4-4a76-904a-a9a700f2899a/1,DELETE_INTERMEDIARY_AFTER_ADDING_OFFICIAL,العنوان مطابق للنص النظامي الرسمي بعد حذف ضوضاء الترقيم/السنة؛ يُستبدل بالأصل الرسمي من هيئة الخبراء.
lawlibrary_2622,10نظام حماية حقوق المؤلف 1424هـ,مكتبة القانون,عنوان مرجعي,,67d159e6-ee98-4efc-a2ee-a9a700f17083,نظام حماية حقوق المؤلف,https://laws.boe.gov.sa/BoeLaws/Laws/LawDetails/67d159e6-ee98-4efc-a2ee-a9a700f17083/1,DELETE_INTERMEDIARY_AFTER_ADDING_OFFICIAL,العنوان مطابق للنص النظامي الرسمي بعد حذف ضوضاء الترقيم/السنة؛ يُستبدل بالأصل الرسمي من هيئة الخبراء.
lawlibrary_2623,5نظام التحكيم 1403هـ 05,مكتبة القانون,عنوان مرجعي,,5535039e-13da-43f6-8f53-a9a700f26485,نظام التحكيم,https://laws.boe.gov.sa/BoeLaws/Laws/LawDetails/5535039e-13da-43f6-8f53-a9a700f26485/1,DELETE_INTERMEDIARY_AFTER_ADDING_OFFICIAL,العنوان مطابق للنص النظامي الرسمي بعد حذف ضوضاء الترقيم/السنة؛ يُستبدل بالأصل الرسمي من هيئة الخبراء.
lawlibrary_2624,4النظام الصحي 1423 هـ 06,مكتبة القانون,عنوان مرجعي,,1169b2b7-4e7d-4775-86b0-a9a700f2841e,النظام الصحي,https://laws.boe.gov.sa/BoeLaws/Laws/LawDetails/1169b2b7-4e7d-4775-86b0-a9a700f2841e/1,DELETE_INTERMEDIARY_AFTER_ADDING_OFFICIAL,العنوان مطابق للنص النظامي الرسمي بعد حذف ضوضاء الترقيم/السنة؛ يُستبدل بالأصل الرسمي من هيئة الخبراء.
lawlibrary_2625,03 نظام مجلس الوزراء 1414 هـ,مكتبة القانون,عنوان مرجعي,,93e87aa7-f344-4711-b97c-a9a700f1662b,نظام مجلس الوزراء,https://laws.boe.gov.sa/BoeLaws/Laws/LawDetails/93e87aa7-f344-4711-b97c-a9a700f1662b/1,DELETE_INTERMEDIARY_AFTER_ADDING_OFFICIAL,العنوان مطابق للنص النظامي الرسمي بعد حذف ضوضاء الترقيم/السنة؛ يُستبدل بالأصل الرسمي من هيئة الخبراء.
lawlibrary_2626,02 نظام مجلس الشورى 1412 هـ,مكتبة القانون,عنوان مرجعي,,b5cf540a-e6ac-426a-b348-a9a700f163de,نظام مجلس الشورى,https://laws.boe.gov.sa/BoeLaws/Laws/LawDetails/b5cf540a-e6ac-426a-b348-a9a700f163de/1,DELETE_INTERMEDIARY_AFTER_ADDING_OFFICIAL,العنوان مطابق للنص النظامي الرسمي بعد حذف ضوضاء الترقيم/السنة؛ يُستبدل بالأصل الرسمي من هيئة الخبراء.
lawlibrary_2628,01 النظام الأساسي للحكم 1412هـ,مكتبة القانون,عنوان مرجعي,,16b97fcb-4833-4f66-8531-a9a700f161b6,النظام الأساسي للحكم,https://laws.boe.gov.sa/BoeLaws/Laws/LawDetails/16b97fcb-4833-4f66-8531-a9a700f161b6/1,DELETE_INTERMEDIARY_AFTER_ADDING_OFFICIAL,العنوان مطابق للنص النظامي الرسمي بعد حذف ضوضاء الترقيم/السنة؛ يُستبدل بالأصل الرسمي من هيئة الخبراء.
lawlibrary_2666,نظام الكليات العسكرية,مكتبة القانون,عنوان مرجعي,,e36e899b-f29b-4db0-8b71-a9a700f23065,نظام الكليات العسكرية,https://laws.boe.gov.sa/BoeLaws/Laws/LawDetails/e36e899b-f29b-4db0-8b71-a9a700f23065/1,DELETE_INTERMEDIARY_AFTER_ADDING_OFFICIAL,العنوان مطابق للنص النظامي الرسمي بعد حذف ضوضاء الترقيم/السنة؛ يُستبدل بالأصل الرسمي من هيئة الخبراء.
lawlibrary_2699,46 لائحة عمال الخدمة المنزلية ومن في حكمهم,مكتبة القانون,عنوان مرجعي,,cc46debb-482e-48be-9daf-a9a700f2bfe7,لائحة عمال الخدمة المنزلية ومن في حكمهم,https://laws.boe.gov.sa/BoeLaws/Laws/LawDetails/cc46debb-482e-48be-9daf-a9a700f2bfe7/1,DELETE_INTERMEDIARY_AFTER_ADDING_OFFICIAL,العنوان مطابق للنص النظامي الرسمي بعد حذف ضوضاء الترقيم/السنة؛ يُستبدل بالأصل الرسمي من هيئة الخبراء.
lawlibrary_2723,نظام المجالس البلدية,مكتبة القانون,عنوان مرجعي,,9da91b16-62ba-41d8-b6f7-a9a700f21d07,نظام المجالس البلدية,https://laws.boe.gov.sa/BoeLaws/Laws/LawDetails/9da91b16-62ba-41d8-b6f7-a9a700f21d07/1,DELETE_INTERMEDIARY_AFTER_ADDING_OFFICIAL,العنوان مطابق للنص النظامي الرسمي بعد حذف ضوضاء الترقيم/السنة؛ يُستبدل بالأصل الرسمي من هيئة الخبراء.
lawlibrary_2724,نظام حماية المرافق العامة,مكتبة القانون,عنوان مرجعي,,70405759-cf34-4260-a81e-a9a700f21241,نظام حماية المرافق العامة,https://laws.boe.gov.sa/BoeLaws/Laws/LawDetails/70405759-cf34-4260-a81e-a9a700f21241/1,DELETE_INTERMEDIARY_AFTER_ADDING_OFFICIAL,العنوان مطابق للنص النظامي الرسمي بعد حذف ضوضاء الترقيم/السنة؛ يُستبدل بالأصل الرسمي من هيئة الخبراء.
lawlibrary_2725,نظام إدارة النفايات البلدية الصلبة,مكتبة القانون,عنوان مرجعي,,de0a2f61-27e3-47fa-a710-a9a700f21a67,نظام إدارة النفايات البلدية الصلبة,https://laws.boe.gov.sa/BoeLaws/Laws/LawDetails/de0a2f61-27e3-47fa-a710-a9a700f21a67/1,DELETE_INTERMEDIARY_AFTER_ADDING_OFFICIAL,العنوان مطابق للنص النظامي الرسمي بعد حذف ضوضاء الترقيم/السنة؛ يُستبدل بالأصل الرسمي من هيئة الخبراء.
lawlibrary_2726,نظام إجراءات التراخيص البلدية,مكتبة القانون,عنوان مرجعي,,1dd4c3d4-f4e9-4c15-852f-a9a700f21cab,نظام إجراءات التراخيص البلدية,https://laws.boe.gov.sa/BoeLaws/Laws/LawDetails/1dd4c3d4-f4e9-4c15-852f-a9a700f21cab/1,DELETE_INTERMEDIARY_AFTER_ADDING_OFFICIAL,العنوان مطابق للنص النظامي الرسمي بعد حذف ضوضاء الترقيم/السنة؛ يُستبدل بالأصل الرسمي من هيئة الخبراء.
lawlibrary_2727,نظام صندوق التنمية العقارية,مكتبة القانون,عنوان مرجعي,,2d8aa57a-3b29-438e-a686-acae00b6728d,نظام صندوق التنمية العقارية,https://laws.boe.gov.sa/BoeLaws/Laws/LawDetails/2d8aa57a-3b29-438e-a686-acae00b6728d/1,DELETE_INTERMEDIARY_AFTER_ADDING_OFFICIAL,العنوان مطابق للنص النظامي الرسمي بعد حذف ضوضاء الترقيم/السنة؛ يُستبدل بالأصل الرسمي من هيئة الخبراء.
lawlibrary_2730,نظام ملكية الوحدات العقارية وفرزها,مكتبة القانون,عنوان مرجعي,,c104908b-d32d-411a-b71e-a9a700f214b0,نظام ملكية الوحدات العقارية وفرزها,https://laws.boe.gov.sa/BoeLaws/Laws/LawDetails/c104908b-d32d-411a-b71e-a9a700f214b0/1,DELETE_INTERMEDIARY_AFTER_ADDING_OFFICIAL,العنوان مطابق للنص النظامي الرسمي بعد حذف ضوضاء الترقيم/السنة؛ يُستبدل بالأصل الرسمي من هيئة الخبراء.
lawlibrary_2732,نظام الطرق والمباني,مكتبة القانون,عنوان مرجعي,,ece2f7dc-db78-4ba4-a9e4-a9a700f20da3,نظام الطرق والمباني,https://laws.boe.gov.sa/BoeLaws/Laws/LawDetails/ece2f7dc-db78-4ba4-a9e4-a9a700f20da3/1,DELETE_INTERMEDIARY_AFTER_ADDING_OFFICIAL,العنوان مطابق للنص النظامي الرسمي بعد حذف ضوضاء الترقيم/السنة؛ يُستبدل بالأصل الرسمي من هيئة الخبراء.
lawlibrary_2733,نظام البلديات والقرى,مكتبة القانون,عنوان مرجعي,,e5f63d07-7de5-4a4d-a02f-a9a700f21187,نظام البلديات والقرى,https://laws.boe.gov.sa/BoeLaws/Laws/LawDetails/e5f63d07-7de5-4a4d-a02f-a9a700f21187/1,DELETE_INTERMEDIARY_AFTER_ADDING_OFFICIAL,العنوان مطابق للنص النظامي الرسمي بعد حذف ضوضاء الترقيم/السنة؛ يُستبدل بالأصل الرسمي من هيئة الخبراء.
lawlibrary_2735,نظام مجلس الخدمة المدنية,مكتبة القانون,عنوان مرجعي,,1fe7fe77-d349-4fae-a561-a9a700f23a89,نظام مجلس الخدمة المدنية,https://laws.boe.gov.sa/BoeLaws/Laws/LawDetails/1fe7fe77-d349-4fae-a561-a9a700f23a89/1,DELETE_INTERMEDIARY_AFTER_ADDING_OFFICIAL,العنوان مطابق للنص النظامي الرسمي بعد حذف ضوضاء الترقيم/السنة؛ يُستبدل بالأصل الرسمي من هيئة الخبراء.
lawlibrary_2737,نظام الخدمة المدنية,مكتبة القانون,عنوان مرجعي,,32f651e6-2976-439c-b418-a9a700f23fb2,نظام الخدمة المدنية,https://laws.boe.gov.sa/BoeLaws/Laws/LawDetails/32f651e6-2976-439c-b418-a9a700f23fb2/1,DELETE_INTERMEDIARY_AFTER_ADDING_OFFICIAL,العنوان مطابق للنص النظامي الرسمي بعد حذف ضوضاء الترقيم/السنة؛ يُستبدل بالأصل الرسمي من هيئة الخبراء.
lawlibrary_2738,نظام الوزراء ونواب الوزراء وموظفي المرتبة الممتازة,مكتبة القانون,عنوان مرجعي,,b2a002e4-a3da-474b-9735-a9a700f2386c,نظام الوزراء ونواب الوزراء وموظفي المرتبة الممتازة,https://laws.boe.gov.sa/BoeLaws/Laws/LawDetails/b2a002e4-a3da-474b-9735-a9a700f2386c/1,DELETE_INTERMEDIARY_AFTER_ADDING_OFFICIAL,العنوان مطابق للنص النظامي الرسمي بعد حذف ضوضاء الترقيم/السنة؛ يُستبدل بالأصل الرسمي من هيئة الخبراء.
lawlibrary_2740,نظام التقاعد المدني,مكتبة القانون,عنوان مرجعي,,859d4e56-627b-4766-a7aa-a9a700f23975,نظام التقاعد المدني,https://laws.boe.gov.sa/BoeLaws/Laws/LawDetails/859d4e56-627b-4766-a7aa-a9a700f23975/1,DELETE_INTERMEDIARY_AFTER_ADDING_OFFICIAL,العنوان مطابق للنص النظامي الرسمي بعد حذف ضوضاء الترقيم/السنة؛ يُستبدل بالأصل الرسمي من هيئة الخبراء.
lawlibrary_2741,نظام خدمة الأفراد,مكتبة القانون,عنوان مرجعي,,9b461caf-dc11-46bd-a8fd-ac74009a8724,نظام خدمة الأفراد,https://laws.boe.gov.sa/BoeLaws/Laws/LawDetails/9b461caf-dc11-46bd-a8fd-ac74009a8724/1,DELETE_INTERMEDIARY_AFTER_ADDING_OFFICIAL,العنوان مطابق للنص النظامي الرسمي بعد حذف ضوضاء الترقيم/السنة؛ يُستبدل بالأصل الرسمي من هيئة الخبراء.
lawlibrary_2742,نظام خدمة الضباط,مكتبة القانون,عنوان مرجعي,,8a12c94e-5a31-45cf-9c57-ac4400be8677,نظام خدمة الضباط,https://laws.boe.gov.sa/BoeLaws/Laws/LawDetails/8a12c94e-5a31-45cf-9c57-ac4400be8677/1,DELETE_INTERMEDIARY_AFTER_ADDING_OFFICIAL,العنوان مطابق للنص النظامي الرسمي بعد حذف ضوضاء الترقيم/السنة؛ يُستبدل بالأصل الرسمي من هيئة الخبراء.
lawlibrary_2744,نظام التقاعد العسكري,مكتبة القانون,عنوان مرجعي,,0838afd4-ca76-4b4a-b1d1-a9a700f22afd,نظام التقاعد العسكري,https://laws.boe.gov.sa/BoeLaws/Laws/LawDetails/0838afd4-ca76-4b4a-b1d1-a9a700f22afd/1,DELETE_INTERMEDIARY_AFTER_ADDING_OFFICIAL,العنوان مطابق للنص النظامي الرسمي بعد حذف ضوضاء الترقيم/السنة؛ يُستبدل بالأصل الرسمي من هيئة الخبراء.
lawlibrary_2745,نظام مجلس الخدمة العسكرية,مكتبة القانون,عنوان مرجعي,,11d3d5b0-dddf-443a-9851-a9a700f23208,نظام مجلس الخدمة العسكرية,https://laws.boe.gov.sa/BoeLaws/Laws/LawDetails/11d3d5b0-dddf-443a-9851-a9a700f23208/1,DELETE_INTERMEDIARY_AFTER_ADDING_OFFICIAL,العنوان مطابق للنص النظامي الرسمي بعد حذف ضوضاء الترقيم/السنة؛ يُستبدل بالأصل الرسمي من هيئة الخبراء.
lawlibrary_2746,نظام حماية الطفل,مكتبة القانون,عنوان مرجعي,,2d3cb83a-0379-4cde-8e0b-a9a700f272bd,نظام حماية الطفل,https://laws.boe.gov.sa/BoeLaws/Laws/LawDetails/2d3cb83a-0379-4cde-8e0b-a9a700f272bd/1,DELETE_INTERMEDIARY_AFTER_ADDING_OFFICIAL,العنوان مطابق للنص النظامي الرسمي بعد حذف ضوضاء الترقيم/السنة؛ يُستبدل بالأصل الرسمي من هيئة الخبراء.
lawlibrary_2747,نظام محاكمة الوزراء,مكتبة القانون,عنوان مرجعي,,e143d9d5-1889-45d8-8d99-a9a700f263cd,نظام محاكمة الوزراء,https://laws.boe.gov.sa/BoeLaws/Laws/LawDetails/e143d9d5-1889-45d8-8d99-a9a700f263cd/1,DELETE_INTERMEDIARY_AFTER_ADDING_OFFICIAL,العنوان مطابق للنص النظامي الرسمي بعد حذف ضوضاء الترقيم/السنة؛ يُستبدل بالأصل الرسمي من هيئة الخبراء.
lawlibrary_2748,نظام مكافحة جرائم الاتجار بالأشخاص,مكتبة القانون,عنوان مرجعي,,4e09c59d-f173-4971-8a38-a9a700f27025,نظام مكافحة جرائم الاتجار بالأشخاص,https://laws.boe.gov.sa/BoeLaws/Laws/LawDetails/4e09c59d-f173-4971-8a38-a9a700f27025/1,DELETE_INTERMEDIARY_AFTER_ADDING_OFFICIAL,العنوان مطابق للنص النظامي الرسمي بعد حذف ضوضاء الترقيم/السنة؛ يُستبدل بالأصل الرسمي من هيئة الخبراء.
lawlibrary_2749,نظام تركيز مسؤوليات القضاء الشرعي,مكتبة القانون,عنوان مرجعي,,2072c9ff-5a70-444e-91cc-a9a700f26346,نظام تركيز مسؤوليات القضاء الشرعي,https://laws.boe.gov.sa/BoeLaws/Laws/LawDetails/2072c9ff-5a70-444e-91cc-a9a700f26346/1,DELETE_INTERMEDIARY_AFTER_ADDING_OFFICIAL,العنوان مطابق للنص النظامي الرسمي بعد حذف ضوضاء الترقيم/السنة؛ يُستبدل بالأصل الرسمي من هيئة الخبراء.
lawlibrary_2750,اللائحة التنفيذية لنظام الإجراءات الجزائية,مكتبة القانون,عنوان مرجعي,,9a0249b7-f835-48fa-8d1e-a9a700f1981a,اللائحة التنفيذية لنظام الإجراءات الجزائية,https://laws.boe.gov.sa/BoeLaws/Laws/LawDetails/9a0249b7-f835-48fa-8d1e-a9a700f1981a/1,DELETE_INTERMEDIARY_AFTER_ADDING_OFFICIAL,العنوان مطابق للنص النظامي الرسمي بعد حذف ضوضاء الترقيم/السنة؛ يُستبدل بالأصل الرسمي من هيئة الخبراء.
lawlibrary_2751,نظام التأمين ضد التعطل عن العمل,مكتبة القانون,عنوان مرجعي,,c331efa7-58ec-48c9-b70e-a9a700f2ba82,نظام التأمين ضد التعطل عن العمل,https://laws.boe.gov.sa/BoeLaws/Laws/LawDetails/c331efa7-58ec-48c9-b70e-a9a700f2ba82/1,DELETE_INTERMEDIARY_AFTER_ADDING_OFFICIAL,العنوان مطابق للنص النظامي الرسمي بعد حذف ضوضاء الترقيم/السنة؛ يُستبدل بالأصل الرسمي من هيئة الخبراء.
lawlibrary_2752,نظام الضمان الاجتماعي,مكتبة القانون,عنوان مرجعي,,7799b707-e228-452c-8b19-ac7b00b4b64e,نظام الضمان الاجتماعي,https://laws.boe.gov.sa/BoeLaws/Laws/LawDetails/7799b707-e228-452c-8b19-ac7b00b4b64e/1,DELETE_INTERMEDIARY_AFTER_ADDING_OFFICIAL,العنوان مطابق للنص النظامي الرسمي بعد حذف ضوضاء الترقيم/السنة؛ يُستبدل بالأصل الرسمي من هيئة الخبراء.
lawlibrary_2754,نظام أندية السيارات والدراجات النارية,مكتبة القانون,عنوان مرجعي,,d805702d-77b9-40d0-92bd-a9a700f27da2,نظام أندية السيارات والدراجات النارية,https://laws.boe.gov.sa/BoeLaws/Laws/LawDetails/d805702d-77b9-40d0-92bd-a9a700f27da2/1,DELETE_INTERMEDIARY_AFTER_ADDING_OFFICIAL,العنوان مطابق للنص النظامي الرسمي بعد حذف ضوضاء الترقيم/السنة؛ يُستبدل بالأصل الرسمي من هيئة الخبراء.
lawlibrary_2761,نظام جمعية الكشافة العربية السعودية,مكتبة القانون,عنوان مرجعي,,bbfab460-8fe8-4425-9202-a9a700f27ba7,نظام جمعية الكشافة العربية السعودية,https://laws.boe.gov.sa/BoeLaws/Laws/LawDetails/bbfab460-8fe8-4425-9202-a9a700f27ba7/1,DELETE_INTERMEDIARY_AFTER_ADDING_OFFICIAL,العنوان مطابق للنص النظامي الرسمي بعد حذف ضوضاء الترقيم/السنة؛ يُستبدل بالأصل الرسمي من هيئة الخبراء.
lawlibrary_2763,نظام رعاية المعوقين,مكتبة القانون,عنوان مرجعي,,872950d8-7059-41fd-a6f1-a9a700f2a962,نظام رعاية المعوقين,https://laws.boe.gov.sa/BoeLaws/Laws/LawDetails/872950d8-7059-41fd-a6f1-a9a700f2a962/1,DELETE_INTERMEDIARY_AFTER_ADDING_OFFICIAL,العنوان مطابق للنص النظامي الرسمي بعد حذف ضوضاء الترقيم/السنة؛ يُستبدل بالأصل الرسمي من هيئة الخبراء.
lawlibrary_2767,اللائحة الأساسية لبرامج تأهيل المعوقين,مكتبة القانون,عنوان مرجعي,,dcc76b09-2e3b-41cc-8b8f-a9a700f2bb5e,اللائحة الأساسية لبرامج تأهيل المعوقين,https://laws.boe.gov.sa/BoeLaws/Laws/LawDetails/dcc76b09-2e3b-41cc-8b8f-a9a700f2bb5e/1,DELETE_INTERMEDIARY_AFTER_ADDING_OFFICIAL,العنوان مطابق للنص النظامي الرسمي بعد حذف ضوضاء الترقيم/السنة؛ يُستبدل بالأصل الرسمي من هيئة الخبراء.
lawlibrary_2768,اللائحة التنظيمية لمراكز التنمية الاجتماعية,مكتبة القانون,عنوان مرجعي,,09a30b92-50a5-41ce-b404-a9a700f2b4e6,اللائحة التنظيمية لمراكز التنمية الاجتماعية,https://laws.boe.gov.sa/BoeLaws/Laws/LawDetails/09a30b92-50a5-41ce-b404-a9a700f2b4e6/1,DELETE_INTERMEDIARY_AFTER_ADDING_OFFICIAL,العنوان مطابق للنص النظامي الرسمي بعد حذف ضوضاء الترقيم/السنة؛ يُستبدل بالأصل الرسمي من هيئة الخبراء.
lawlibrary_2774,نظام الجمعيات والمؤسسات الأهلية 1437هـ,مكتبة القانون,عنوان مرجعي,,37e0768f-8e3c-493a-b951-a9a700f2bbb1,نظام الجمعيات والمؤسسات الأهلية,https://laws.boe.gov.sa/BoeLaws/Laws/LawDetails/37e0768f-8e3c-493a-b951-a9a700f2bbb1/1,DELETE_INTERMEDIARY_AFTER_ADDING_OFFICIAL,العنوان مطابق للنص النظامي الرسمي بعد حذف ضوضاء الترقيم/السنة؛ يُستبدل بالأصل الرسمي من هيئة الخبراء.
lawlibrary_2777,النظام العام للبيئة,مكتبة القانون,عنوان مرجعي,,4dab5511-f6af-442a-b4be-a9a700f24a3f,النظام العام للبيئة,https://laws.boe.gov.sa/BoeLaws/Laws/LawDetails/4dab5511-f6af-442a-b4be-a9a700f24a3f/1,DELETE_INTERMEDIARY_AFTER_ADDING_OFFICIAL,العنوان مطابق للنص النظامي الرسمي بعد حذف ضوضاء الترقيم/السنة؛ يُستبدل بالأصل الرسمي من هيئة الخبراء.
lawlibrary_2778,نظام الزراعة العضوية,مكتبة القانون,عنوان مرجعي,,e37044a1-c673-4e80-af59-a9a700f25663,نظام الزراعة العضوية,https://laws.boe.gov.sa/BoeLaws/Laws/LawDetails/e37044a1-c673-4e80-af59-a9a700f25663/1,DELETE_INTERMEDIARY_AFTER_ADDING_OFFICIAL,العنوان مطابق للنص النظامي الرسمي بعد حذف ضوضاء الترقيم/السنة؛ يُستبدل بالأصل الرسمي من هيئة الخبراء.
lawlibrary_2779,نظام الثروة الحيوانية,مكتبة القانون,عنوان مرجعي,,965f24c7-0ddb-4d8f-a658-a9a700f24b24,نظام الثروة الحيوانية,https://laws.boe.gov.sa/BoeLaws/Laws/LawDetails/965f24c7-0ddb-4d8f-a658-a9a700f24b24/1,DELETE_INTERMEDIARY_AFTER_ADDING_OFFICIAL,العنوان مطابق للنص النظامي الرسمي بعد حذف ضوضاء الترقيم/السنة؛ يُستبدل بالأصل الرسمي من هيئة الخبراء.
lawlibrary_2780,نظام المؤسسة العامة لتحلية المياه المالحة,مكتبة القانون,عنوان مرجعي,,37f95015-f360-45be-8f91-a9a700f244c1,نظام المؤسسة العامة لتحلية المياه المالحة,https://laws.boe.gov.sa/BoeLaws/Laws/LawDetails/37f95015-f360-45be-8f91-a9a700f244c1/1,DELETE_INTERMEDIARY_AFTER_ADDING_OFFICIAL,العنوان مطابق للنص النظامي الرسمي بعد حذف ضوضاء الترقيم/السنة؛ يُستبدل بالأصل الرسمي من هيئة الخبراء.
lawlibrary_2781,نظام قانون الحجر البيطري لدول مجلس التعاون لدول الخليج العربية,مكتبة القانون,عنوان مرجعي,,ae6dac2c-6da4-47fc-b605-a9a700f251c2,نظام (قانون) الحجر البيطري لدول مجلس التعاون لدول الخليج العربية,https://laws.boe.gov.sa/BoeLaws/Laws/LawDetails/ae6dac2c-6da4-47fc-b605-a9a700f251c2/1,DELETE_INTERMEDIARY_AFTER_ADDING_OFFICIAL,العنوان مطابق للنص النظامي الرسمي بعد حذف ضوضاء الترقيم/السنة؛ يُستبدل بالأصل الرسمي من هيئة الخبراء.
lawlibrary_2782,قانون نظام الرفق بالحيوان لدول مجلس التعاون لدول الخليج العربية,مكتبة القانون,عنوان مرجعي,,6f3797d0-fc94-4930-b5e3-a9a700f25744,قانون (نظام) الرفق بالحيوان لدول مجلس التعاون لدول الخليج العربية,https://laws.boe.gov.sa/BoeLaws/Laws/LawDetails/6f3797d0-fc94-4930-b5e3-a9a700f25744/1,DELETE_INTERMEDIARY_AFTER_ADDING_OFFICIAL,العنوان مطابق للنص النظامي الرسمي بعد حذف ضوضاء الترقيم/السنة؛ يُستبدل بالأصل الرسمي من هيئة الخبراء.
lawlibrary_2784,قانون نظام المبيدات في دول مجلس التعاون لدول الخليج العربية,مكتبة القانون,عنوان مرجعي,,9b79b62a-da9e-4f66-8a7d-a9a700f25369,قانون (نظام) المبيدات في دول مجلس التعاون لدول الخليج العربية,https://laws.boe.gov.sa/BoeLaws/Laws/LawDetails/9b79b62a-da9e-4f66-8a7d-a9a700f25369/1,DELETE_INTERMEDIARY_AFTER_ADDING_OFFICIAL,العنوان مطابق للنص النظامي الرسمي بعد حذف ضوضاء الترقيم/السنة؛ يُستبدل بالأصل الرسمي من هيئة الخبراء.
lawlibrary_2786,نظام صيد الحيوانات والطيور البرية,مكتبة القانون,عنوان مرجعي,,d0d49e6b-0989-40ae-a889-a9a700f2488c,نظام صيد الحيوانات والطيور البرية,https://laws.boe.gov.sa/BoeLaws/Laws/LawDetails/d0d49e6b-0989-40ae-a889-a9a700f2488c/1,DELETE_INTERMEDIARY_AFTER_ADDING_OFFICIAL,العنوان مطابق للنص النظامي الرسمي بعد حذف ضوضاء الترقيم/السنة؛ يُستبدل بالأصل الرسمي من هيئة الخبراء.
lawlibrary_2787,نظام المراعي والغابات,مكتبة القانون,عنوان مرجعي,,4cbce34d-f9d3-4d07-bc08-a9a700f24bff,نظام المراعي والغابات,https://laws.boe.gov.sa/BoeLaws/Laws/LawDetails/4cbce34d-f9d3-4d07-bc08-a9a700f24bff/1,DELETE_INTERMEDIARY_AFTER_ADDING_OFFICIAL,العنوان مطابق للنص النظامي الرسمي بعد حذف ضوضاء الترقيم/السنة؛ يُستبدل بالأصل الرسمي من هيئة الخبراء.
lawlibrary_2788,نظام المحافظة على مصادر المياه,مكتبة القانون,عنوان مرجعي,,588efd09-dc0d-4491-82e4-a9a700f245f6,نظام المحافظة على مصادر المياه,https://laws.boe.gov.sa/BoeLaws/Laws/LawDetails/588efd09-dc0d-4491-82e4-a9a700f245f6/1,DELETE_INTERMEDIARY_AFTER_ADDING_OFFICIAL,العنوان مطابق للنص النظامي الرسمي بعد حذف ضوضاء الترقيم/السنة؛ يُستبدل بالأصل الرسمي من هيئة الخبراء.
lawlibrary_2789,نظام المناطق البحرية للمملكة العربية السعودية,مكتبة القانون,عنوان مرجعي,,98b1d2e8-4724-439b-af00-a9a700f255ef,نظام المناطق البحرية للمملكة العربية السعودية,https://laws.boe.gov.sa/BoeLaws/Laws/LawDetails/98b1d2e8-4724-439b-af00-a9a700f255ef/1,DELETE_INTERMEDIARY_AFTER_ADDING_OFFICIAL,العنوان مطابق للنص النظامي الرسمي بعد حذف ضوضاء الترقيم/السنة؛ يُستبدل بالأصل الرسمي من هيئة الخبراء.
lawlibrary_2790,نظام صندوق التنمية الزراعية,مكتبة القانون,عنوان مرجعي,,159008ad-198a-4439-b28b-b081009b92c2,نظام صندوق التنمية الزراعية.,https://laws.boe.gov.sa/BoeLaws/Laws/LawDetails/159008ad-198a-4439-b28b-b081009b92c2/1,DELETE_INTERMEDIARY_AFTER_ADDING_OFFICIAL,العنوان مطابق للنص النظامي الرسمي بعد حذف ضوضاء الترقيم/السنة؛ يُستبدل بالأصل الرسمي من هيئة الخبراء.
lawlibrary_2791,نظام الأعلاف,مكتبة القانون,عنوان مرجعي,,b8a7e5ff-d9a4-466b-b4b8-a9a700f256e1,نظام الأعلاف,https://laws.boe.gov.sa/BoeLaws/Laws/LawDetails/b8a7e5ff-d9a4-466b-b4b8-a9a700f256e1/1,DELETE_INTERMEDIARY_AFTER_ADDING_OFFICIAL,العنوان مطابق للنص النظامي الرسمي بعد حذف ضوضاء الترقيم/السنة؛ يُستبدل بالأصل الرسمي من هيئة الخبراء.
lawlibrary_2792,نظام قانون الحجر الزراعي لدول مجلس التعاون لدول الخليج العربية,مكتبة القانون,عنوان مرجعي,,c46966ec-0e03-41a3-96fa-a9a700f250b1,نظام (قانون) الحجر الزراعي لدول مجلس التعاون لدول الخليج العربية,https://laws.boe.gov.sa/BoeLaws/Laws/LawDetails/c46966ec-0e03-41a3-96fa-a9a700f250b1/1,DELETE_INTERMEDIARY_AFTER_ADDING_OFFICIAL,العنوان مطابق للنص النظامي الرسمي بعد حذف ضوضاء الترقيم/السنة؛ يُستبدل بالأصل الرسمي من هيئة الخبراء.
lawlibrary_2793,نظام المناطق المحمية للحياة الفطرية,مكتبة القانون,عنوان مرجعي,,415d80f3-d9f9-4def-92d9-a9a700f25799,نظام المناطق المحمية للحياة الفطرية,https://laws.boe.gov.sa/BoeLaws/Laws/LawDetails/415d80f3-d9f9-4def-92d9-a9a700f25799/1,DELETE_INTERMEDIARY_AFTER_ADDING_OFFICIAL,العنوان مطابق للنص النظامي الرسمي بعد حذف ضوضاء الترقيم/السنة؛ يُستبدل بالأصل الرسمي من هيئة الخبراء.
lawlibrary_2794,نظام الاتجار بالكائنات الفطرية المهددة بالانقراض و منتجاتها,مكتبة القانون,عنوان مرجعي,,233c2b64-6824-4d1a-bd38-a9a700f24fc5,نظام الاتجار بالكائنات الفطرية المهددة بالانقراض و منتجاتها,https://laws.boe.gov.sa/BoeLaws/Laws/LawDetails/233c2b64-6824-4d1a-bd38-a9a700f24fc5/1,DELETE_INTERMEDIARY_AFTER_ADDING_OFFICIAL,العنوان مطابق للنص النظامي الرسمي بعد حذف ضوضاء الترقيم/السنة؛ يُستبدل بالأصل الرسمي من هيئة الخبراء.
lawlibrary_2795,نظام تربية النحل,مكتبة القانون,عنوان مرجعي,,a5fa054e-a124-4cce-96a2-a9a700f254a0,نظام تربية النحل,https://laws.boe.gov.sa/BoeLaws/Laws/LawDetails/a5fa054e-a124-4cce-96a2-a9a700f254a0/1,DELETE_INTERMEDIARY_AFTER_ADDING_OFFICIAL,العنوان مطابق للنص النظامي الرسمي بعد حذف ضوضاء الترقيم/السنة؛ يُستبدل بالأصل الرسمي من هيئة الخبراء.
lawlibrary_2796,نظام الهيئة الوطنية لحماية الحياة الفطرية وإنمائها,مكتبة القانون,عنوان مرجعي,,d54dd8db-5d3c-4b5c-bfa7-a9a700f246cd,نظام الهيئة الوطنية لحماية الحياة الفطرية وإنمائها,https://laws.boe.gov.sa/BoeLaws/Laws/LawDetails/d54dd8db-5d3c-4b5c-bfa7-a9a700f246cd/1,DELETE_INTERMEDIARY_AFTER_ADDING_OFFICIAL,العنوان مطابق للنص النظامي الرسمي بعد حذف ضوضاء الترقيم/السنة؛ يُستبدل بالأصل الرسمي من هيئة الخبراء.
lawlibrary_2798,نظام صندوق التنمية الصناعية السعودي,مكتبة القانون,عنوان مرجعي,,407a32f0-2e60-4c3e-9994-a9a700f2952a,نظام صندوق التنمية الصناعية السعودي,https://laws.boe.gov.sa/BoeLaws/Laws/LawDetails/407a32f0-2e60-4c3e-9994-a9a700f2952a/1,DELETE_INTERMEDIARY_AFTER_ADDING_OFFICIAL,العنوان مطابق للنص النظامي الرسمي بعد حذف ضوضاء الترقيم/السنة؛ يُستبدل بالأصل الرسمي من هيئة الخبراء.
lawlibrary_2800,نظام الاستثمار التعديني,مكتبة القانون,عنوان مرجعي,,9560f620-e77e-476c-b9ea-abdd00b87480,نظام الاستــثمار التعديني.,https://laws.boe.gov.sa/BoeLaws/Laws/LawDetails/9560f620-e77e-476c-b9ea-abdd00b87480/1,DELETE_INTERMEDIARY_AFTER_ADDING_OFFICIAL,العنوان مطابق للنص النظامي الرسمي بعد حذف ضوضاء الترقيم/السنة؛ يُستبدل بالأصل الرسمي من هيئة الخبراء.
lawlibrary_2803,نظام المعادن الثمينة والأحجار الكريمة,مكتبة القانون,عنوان مرجعي,,0f54d227-1450-4231-93cd-a9a700f29821,نظام المعادن الثمينة والأحجار الكريمة,https://laws.boe.gov.sa/BoeLaws/Laws/LawDetails/0f54d227-1450-4231-93cd-a9a700f29821/1,DELETE_INTERMEDIARY_AFTER_ADDING_OFFICIAL,العنوان مطابق للنص النظامي الرسمي بعد حذف ضوضاء الترقيم/السنة؛ يُستبدل بالأصل الرسمي من هيئة الخبراء.
lawlibrary_2804,القانون النظام الموحد للتعدين لدول مجلس التعاون,مكتبة القانون,عنوان مرجعي,,652bbeb0-fb94-4f08-b70c-a9a700f2a0c2,القانون (النظام) الموحد للتعدين لدول مجلس التعاون,https://laws.boe.gov.sa/BoeLaws/Laws/LawDetails/652bbeb0-fb94-4f08-b70c-a9a700f2a0c2/1,DELETE_INTERMEDIARY_AFTER_ADDING_OFFICIAL,العنوان مطابق للنص النظامي الرسمي بعد حذف ضوضاء الترقيم/السنة؛ يُستبدل بالأصل الرسمي من هيئة الخبراء.
lawlibrary_2805,نظام الكهرباء,مكتبة القانون,عنوان مرجعي,,b3060214-c11a-4709-b191-aca700cbcc58,نظام الكهرباء,https://laws.boe.gov.sa/BoeLaws/Laws/LawDetails/b3060214-c11a-4709-b191-aca700cbcc58/1,DELETE_INTERMEDIARY_AFTER_ADDING_OFFICIAL,العنوان مطابق للنص النظامي الرسمي بعد حذف ضوضاء الترقيم/السنة؛ يُستبدل بالأصل الرسمي من هيئة الخبراء.
lawlibrary_2872,١ نظام العمل ١٤٤٠ ١١,مكتبة القانون,عنوان مرجعي,,08381293-6388-48e2-8ad2-a9a700f2aa94,نظام العمل,https://laws.boe.gov.sa/BoeLaws/Laws/LawDetails/08381293-6388-48e2-8ad2-a9a700f2aa94/1,DELETE_INTERMEDIARY_AFTER_ADDING_OFFICIAL,العنوان مطابق للنص النظامي الرسمي بعد حذف ضوضاء الترقيم/السنة؛ يُستبدل بالأصل الرسمي من هيئة الخبراء.
lawlibrary_2988,نظام البنك المركزي السعودي,مكتبة القانون,عنوان مرجعي,,a292ec7e-85fb-4ceb-9ad0-ac9200ced829,نظام البنك المركزي السعودي,https://laws.boe.gov.sa/BoeLaws/Laws/LawDetails/a292ec7e-85fb-4ceb-9ad0-ac9200ced829/1,DELETE_INTERMEDIARY_AFTER_ADDING_OFFICIAL,العنوان مطابق للنص النظامي الرسمي بعد حذف ضوضاء الترقيم/السنة؛ يُستبدل بالأصل الرسمي من هيئة الخبراء.
lawlibrary_2993,اللائحة التنفيذية لنظام الاحداث,مكتبة القانون,عنوان مرجعي,,9f08ef46-6240-4fd7-a437-ac8900df75a8,اللائحة التنفيذية لنظام الأحداث,https://laws.boe.gov.sa/BoeLaws/Laws/LawDetails/9f08ef46-6240-4fd7-a437-ac8900df75a8/1,DELETE_INTERMEDIARY_AFTER_ADDING_OFFICIAL,العنوان مطابق للنص النظامي الرسمي بعد حذف ضوضاء الترقيم/السنة؛ يُستبدل بالأصل الرسمي من هيئة الخبراء.
lawlibrary_3009,تنظيم الهيئة العامة لعقارات الدولة,مكتبة القانون,عنوان مرجعي,,9537b1e5-bfb5-499e-b0f9-accd0142beda,تنظيم الهيئة العامة لعقارات الدولة,https://laws.boe.gov.sa/BoeLaws/Laws/LawDetails/9537b1e5-bfb5-499e-b0f9-accd0142beda/1,DELETE_INTERMEDIARY_AFTER_ADDING_OFFICIAL,العنوان مطابق للنص النظامي الرسمي بعد حذف ضوضاء الترقيم/السنة؛ يُستبدل بالأصل الرسمي من هيئة الخبراء.
lawlibrary_3060,نظام التخصيص,مكتبة القانون,عنوان مرجعي,,8af67ec1-6776-4f67-abb4-ad0900eadf2f,نظام التخصيص,https://laws.boe.gov.sa/BoeLaws/Laws/LawDetails/8af67ec1-6776-4f67-abb4-ad0900eadf2f/1,DELETE_INTERMEDIARY_AFTER_ADDING_OFFICIAL,العنوان مطابق للنص النظامي الرسمي بعد حذف ضوضاء الترقيم/السنة؛ يُستبدل بالأصل الرسمي من هيئة الخبراء.
lawlibrary_3067,نظام المحاكم التجارية 1441,مكتبة القانون,عنوان مرجعي,,38334008-3b70-4c6c-b3af-aba3016a8061,نظام المحاكم التجارية,https://laws.boe.gov.sa/BoeLaws/Laws/LawDetails/38334008-3b70-4c6c-b3af-aba3016a8061/1,DELETE_INTERMEDIARY_AFTER_ADDING_OFFICIAL,العنوان مطابق للنص النظامي الرسمي بعد حذف ضوضاء الترقيم/السنة؛ يُستبدل بالأصل الرسمي من هيئة الخبراء.
lawlibrary_3076,نظام التبرع بالأعضاء البشرية,مكتبة القانون,عنوان مرجعي,,4a16fbc8-7f1d-4647-8acc-ad0900d849c2,نظام التبرع بالأعضاء البشرية,https://laws.boe.gov.sa/BoeLaws/Laws/LawDetails/4a16fbc8-7f1d-4647-8acc-ad0900d849c2/1,DELETE_INTERMEDIARY_AFTER_ADDING_OFFICIAL,العنوان مطابق للنص النظامي الرسمي بعد حذف ضوضاء الترقيم/السنة؛ يُستبدل بالأصل الرسمي من هيئة الخبراء.
lawlibrary_3140,نظام إدارة النفايات,مكتبة القانون,عنوان مرجعي,,4d5bda56-cc0d-4b16-a025-ad9d00b281ab,نظام إدارة النفايات,https://laws.boe.gov.sa/BoeLaws/Laws/LawDetails/4d5bda56-cc0d-4b16-a025-ad9d00b281ab/1,DELETE_INTERMEDIARY_AFTER_ADDING_OFFICIAL,العنوان مطابق للنص النظامي الرسمي بعد حذف ضوضاء الترقيم/السنة؛ يُستبدل بالأصل الرسمي من هيئة الخبراء.
lawlibrary_3144,نظام التكاليف القضائية,مكتبة القانون,عنوان مرجعي,,3e368087-7b31-46e7-8005-ada100b8f703,نظام التكاليف القضائية,https://laws.boe.gov.sa/BoeLaws/Laws/LawDetails/3e368087-7b31-46e7-8005-ada100b8f703/1,DELETE_INTERMEDIARY_AFTER_ADDING_OFFICIAL,العنوان مطابق للنص النظامي الرسمي بعد حذف ضوضاء الترقيم/السنة؛ يُستبدل بالأصل الرسمي من هيئة الخبراء.
lawlibrary_3147,نظام حماية البيانات الشخصية,مكتبة القانون,عنوان مرجعي,,b7cfae89-828e-4994-b167-adaa00e37188,نظام حماية البيانات الشخصية,https://laws.boe.gov.sa/BoeLaws/Laws/LawDetails/b7cfae89-828e-4994-b167-adaa00e37188/1,DELETE_INTERMEDIARY_AFTER_ADDING_OFFICIAL,العنوان مطابق للنص النظامي الرسمي بعد حذف ضوضاء الترقيم/السنة؛ يُستبدل بالأصل الرسمي من هيئة الخبراء.
lawlibrary_3148,نظام مكافحة التسول,مكتبة القانون,عنوان مرجعي,,61fa8a49-aa1b-49ed-b9ad-adaa00dc6272,نظام مكافحة التسول,https://laws.boe.gov.sa/BoeLaws/Laws/LawDetails/61fa8a49-aa1b-49ed-b9ad-adaa00dc6272/1,DELETE_INTERMEDIARY_AFTER_ADDING_OFFICIAL,العنوان مطابق للنص النظامي الرسمي بعد حذف ضوضاء الترقيم/السنة؛ يُستبدل بالأصل الرسمي من هيئة الخبراء.
lawlibrary_3158,نظام المدفوعات وخدماتها,مكتبة القانون,عنوان مرجعي,,c4af9503-d0f4-4d07-a7c3-add500a67d0c,نظام المدفوعات وخدماتها,https://laws.boe.gov.sa/BoeLaws/Laws/LawDetails/c4af9503-d0f4-4d07-a7c3-add500a67d0c/1,DELETE_INTERMEDIARY_AFTER_ADDING_OFFICIAL,العنوان مطابق للنص النظامي الرسمي بعد حذف ضوضاء الترقيم/السنة؛ يُستبدل بالأصل الرسمي من هيئة الخبراء.
lawlibrary_3177,نظام حقوق كبير السن ورعايته,مكتبة القانون,عنوان مرجعي,,3c63e654-4046-468d-93fd-ae1a00de13be,نظام حقوق كبير السن ورعايته,https://laws.boe.gov.sa/BoeLaws/Laws/LawDetails/3c63e654-4046-468d-93fd-ae1a00de13be/1,DELETE_INTERMEDIARY_AFTER_ADDING_OFFICIAL,العنوان مطابق للنص النظامي الرسمي بعد حذف ضوضاء الترقيم/السنة؛ يُستبدل بالأصل الرسمي من هيئة الخبراء.
lawlibrary_3207,اللائحة التنفيذية لنظام التكاليف القضائية,مكتبة القانون,عنوان مرجعي,,d7e8efd3-4021-4413-8255-ae7c00f190de,اللائحة التنفيذية لنظام التكاليف القضائية,https://laws.boe.gov.sa/BoeLaws/Laws/LawDetails/d7e8efd3-4021-4413-8255-ae7c00f190de/1,DELETE_INTERMEDIARY_AFTER_ADDING_OFFICIAL,العنوان مطابق للنص النظامي الرسمي بعد حذف ضوضاء الترقيم/السنة؛ يُستبدل بالأصل الرسمي من هيئة الخبراء.
lawlibrary_3221,نظام الاتصالات وتقنية المعلومات,مكتبة القانون,عنوان مرجعي,,ae610645-e094-48ef-814e-aeb4009d244f,نظام الاتصالات وتقنية المعلومات,https://laws.boe.gov.sa/BoeLaws/Laws/LawDetails/ae610645-e094-48ef-814e-aeb4009d244f/1,DELETE_INTERMEDIARY_AFTER_ADDING_OFFICIAL,العنوان مطابق للنص النظامي الرسمي بعد حذف ضوضاء الترقيم/السنة؛ يُستبدل بالأصل الرسمي من هيئة الخبراء.
lawlibrary_3223,نظام الوساطة العقارية,مكتبة القانون,عنوان مرجعي,,f1bfd1f1-0c50-468e-b9a5-aeee008e493a,نظام الوساطة العقارية,https://laws.boe.gov.sa/BoeLaws/Laws/LawDetails/f1bfd1f1-0c50-468e-b9a5-aeee008e493a/1,DELETE_INTERMEDIARY_AFTER_ADDING_OFFICIAL,العنوان مطابق للنص النظامي الرسمي بعد حذف ضوضاء الترقيم/السنة؛ يُستبدل بالأصل الرسمي من هيئة الخبراء.
lawlibrary_3229,نظام استئجار الدولة للعقار,مكتبة القانون,عنوان مرجعي,,220f5444-31ee-4132-8712-aeee00ac1ba3,نظام استئجار الدولة للعقار,https://laws.boe.gov.sa/BoeLaws/Laws/LawDetails/220f5444-31ee-4132-8712-aeee00ac1ba3/1,DELETE_INTERMEDIARY_AFTER_ADDING_OFFICIAL,العنوان مطابق للنص النظامي الرسمي بعد حذف ضوضاء الترقيم/السنة؛ يُستبدل بالأصل الرسمي من هيئة الخبراء.
lawlibrary_3306,نظام المقيّمين المعتمدين 2023 1,مكتبة القانون,عنوان مرجعي,,cad66e4d-38d3-4baa-8049-a9a700f1e7a8,نظام المقيمين المعتمدين,https://laws.boe.gov.sa/BoeLaws/Laws/LawDetails/cad66e4d-38d3-4baa-8049-a9a700f1e7a8/1,DELETE_INTERMEDIARY_AFTER_ADDING_OFFICIAL,العنوان مطابق للنص النظامي الرسمي بعد حذف ضوضاء الترقيم/السنة؛ يُستبدل بالأصل الرسمي من هيئة الخبراء.
lawlibrary_3315,نظام المساهمات العقارية,مكتبة القانون,عنوان مرجعي,,5efb6f40-d859-47e6-9c8a-b04500943ecc,نظام المساهمات العقارية,https://laws.boe.gov.sa/BoeLaws/Laws/LawDetails/5efb6f40-d859-47e6-9c8a-b04500943ecc/1,DELETE_INTERMEDIARY_AFTER_ADDING_OFFICIAL,العنوان مطابق للنص النظامي الرسمي بعد حذف ضوضاء الترقيم/السنة؛ يُستبدل بالأصل الرسمي من هيئة الخبراء.
lawlibrary_3336,نظام حقوق الأشخاص ذوي الإعاقة 1445هـ,مكتبة القانون,عنوان مرجعي,,e52b691a-785c-42a7-8916-b07d00e4fd38,نظام حقوق الأشخاص ذوي الإعاقة,https://laws.boe.gov.sa/BoeLaws/Laws/LawDetails/e52b691a-785c-42a7-8916-b07d00e4fd38/1,DELETE_INTERMEDIARY_AFTER_ADDING_OFFICIAL,العنوان مطابق للنص النظامي الرسمي بعد حذف ضوضاء الترقيم/السنة؛ يُستبدل بالأصل الرسمي من هيئة الخبراء.
lawlibrary_3340,نظام المنافسات والمشتريات الحكومية,مكتبة القانون,عنوان مرجعي,,c2c05ee1-201a-48de-91e7-a9a700f2d14f,نظام المنافسات والمشتريات الحكومية,https://laws.boe.gov.sa/BoeLaws/Laws/LawDetails/c2c05ee1-201a-48de-91e7-a9a700f2d14f/1,DELETE_INTERMEDIARY_AFTER_ADDING_OFFICIAL,العنوان مطابق للنص النظامي الرسمي بعد حذف ضوضاء الترقيم/السنة؛ يُستبدل بالأصل الرسمي من هيئة الخبراء.
lawlibrary_3412,نظام المعاملات المدنية (1),مكتبة القانون,عنوان مرجعي,,655fdb42-8c96-422b-b8c4-b04f0095c94c,نظام المعاملات المدنية,https://laws.boe.gov.sa/BoeLaws/Laws/LawDetails/655fdb42-8c96-422b-b8c4-b04f0095c94c/1,DELETE_INTERMEDIARY_AFTER_ADDING_OFFICIAL,العنوان مطابق للنص النظامي الرسمي بعد حذف ضوضاء الترقيم/السنة؛ يُستبدل بالأصل الرسمي من هيئة الخبراء.
lawlibrary_3424,‎⁨نظام هيئة الرقابة ومكافحة الفساد⁩,مكتبة القانون,عنوان مرجعي,,a8ebff8e-412c-4f67-ac5f-b1ca008d18d9,نظام هيئة الرقابة ومكافحة الفساد,https://laws.boe.gov.sa/BoeLaws/Laws/LawDetails/a8ebff8e-412c-4f67-ac5f-b1ca008d18d9/1,DELETE_INTERMEDIARY_AFTER_ADDING_OFFICIAL,العنوان مطابق للنص النظامي الرسمي بعد حذف ضوضاء الترقيم/السنة؛ يُستبدل بالأصل الرسمي من هيئة الخبراء.
lawlibrary_3428,نظام جمع التبرعات,مكتبة القانون,عنوان مرجعي,,738c42bb-a29f-4da7-bed4-b1d300a55f20,نظام جمع التبرعات,https://laws.boe.gov.sa/BoeLaws/Laws/LawDetails/738c42bb-a29f-4da7-bed4-b1d300a55f20/1,DELETE_INTERMEDIARY_AFTER_ADDING_OFFICIAL,العنوان مطابق للنص النظامي الرسمي بعد حذف ضوضاء الترقيم/السنة؛ يُستبدل بالأصل الرسمي من هيئة الخبراء.
lawlibrary_3431,نظام الطوارئ,مكتبة القانون,عنوان مرجعي,,7ac1a448-b042-4c73-8164-b2eb00ceb54f,نظام الطوارئ,https://laws.boe.gov.sa/BoeLaws/Laws/LawDetails/7ac1a448-b042-4c73-8164-b2eb00ceb54f/1,DELETE_INTERMEDIARY_AFTER_ADDING_OFFICIAL,العنوان مطابق للنص النظامي الرسمي بعد حذف ضوضاء الترقيم/السنة؛ يُستبدل بالأصل الرسمي من هيئة الخبراء.
iirmll_title_050,40 نظام التصرف في العقارات البلدية,المكتبة القانونية ⚖️,عنوان مرجعي,,81bd35e9-ee8d-47bf-97c7-a9a700f2100a,نظام التصرف في العقارات البلدية,https://laws.boe.gov.sa/BoeLaws/Laws/LawDetails/81bd35e9-ee8d-47bf-97c7-a9a700f2100a/1,DELETE_INTERMEDIARY_AFTER_ADDING_OFFICIAL,العنوان مطابق للنص النظامي الرسمي بعد حذف ضوضاء الترقيم/السنة؛ يُستبدل بالأصل الرسمي من هيئة الخبراء.
iirmll_title_051,53-نظام الخدمة المدنية,المكتبة القانونية ⚖️,عنوان مرجعي,,32f651e6-2976-439c-b418-a9a700f23fb2,نظام الخدمة المدنية,https://laws.boe.gov.sa/BoeLaws/Laws/LawDetails/32f651e6-2976-439c-b418-a9a700f23fb2/1,DELETE_INTERMEDIARY_AFTER_ADDING_OFFICIAL,العنوان مطابق للنص النظامي الرسمي بعد حذف ضوضاء الترقيم/السنة؛ يُستبدل بالأصل الرسمي من هيئة الخبراء.
iirmll_title_111,2نظام التقاعد العسكري 1395هـ - 02,المكتبة القانونية ⚖️,عنوان مرجعي,,0838afd4-ca76-4b4a-b1d1-a9a700f22afd,نظام التقاعد العسكري,https://laws.boe.gov.sa/BoeLaws/Laws/LawDetails/0838afd4-ca76-4b4a-b1d1-a9a700f22afd/1,DELETE_INTERMEDIARY_AFTER_ADDING_OFFICIAL,العنوان مطابق للنص النظامي الرسمي بعد حذف ضوضاء الترقيم/السنة؛ يُستبدل بالأصل الرسمي من هيئة الخبراء.
iirmll_title_112,5نظام مجلس الخدمة العسكرية 1402هـ,المكتبة القانونية ⚖️,عنوان مرجعي,,11d3d5b0-dddf-443a-9851-a9a700f23208,نظام مجلس الخدمة العسكرية,https://laws.boe.gov.sa/BoeLaws/Laws/LawDetails/11d3d5b0-dddf-443a-9851-a9a700f23208/1,DELETE_INTERMEDIARY_AFTER_ADDING_OFFICIAL,العنوان مطابق للنص النظامي الرسمي بعد حذف ضوضاء الترقيم/السنة؛ يُستبدل بالأصل الرسمي من هيئة الخبراء.
iirmll_title_117,3نظام المختبرات الخاصة 1423هـ - 05,المكتبة القانونية ⚖️,عنوان مرجعي,,4c55f487-89fa-4d0f-80f1-a9a700f2835e,نظام المختبرات الخاصة,https://laws.boe.gov.sa/BoeLaws/Laws/LawDetails/4c55f487-89fa-4d0f-80f1-a9a700f2835e/1,DELETE_INTERMEDIARY_AFTER_ADDING_OFFICIAL,العنوان مطابق للنص النظامي الرسمي بعد حذف ضوضاء الترقيم/السنة؛ يُستبدل بالأصل الرسمي من هيئة الخبراء.
iirmll_title_118,3نظام معهد الدراسات الدبلوماسية,المكتبة القانونية ⚖️,عنوان مرجعي,,b3f0cb3a-6338-4995-91d7-a9a700f1fad2,نظام معهد الدراسات الدبلوماسية,https://laws.boe.gov.sa/BoeLaws/Laws/LawDetails/b3f0cb3a-6338-4995-91d7-a9a700f1fad2/1,DELETE_INTERMEDIARY_AFTER_ADDING_OFFICIAL,العنوان مطابق للنص النظامي الرسمي بعد حذف ضوضاء الترقيم/السنة؛ يُستبدل بالأصل الرسمي من هيئة الخبراء.
iirmll_title_120,7نظام المنشآت والمستحضرات الصيدلانية,المكتبة القانونية ⚖️,عنوان مرجعي,,e14d5204-6b1f-432e-b139-a9a700f28765,نظام المنشآت والمستحضرات الصيدلانية,https://laws.boe.gov.sa/BoeLaws/Laws/LawDetails/e14d5204-6b1f-432e-b139-a9a700f28765/1,DELETE_INTERMEDIARY_AFTER_ADDING_OFFICIAL,العنوان مطابق للنص النظامي الرسمي بعد حذف ضوضاء الترقيم/السنة؛ يُستبدل بالأصل الرسمي من هيئة الخبراء.
iirmll_title_247,نظام+الإجراءات+الجزائية,المكتبة القانونية ⚖️,عنوان مرجعي,,8f1b7079-a5f0-425d-b5e0-a9a700f26b2d,نظام الإجراءات الجزائية,https://laws.boe.gov.sa/BoeLaws/Laws/LawDetails/8f1b7079-a5f0-425d-b5e0-a9a700f26b2d/1,DELETE_INTERMEDIARY_AFTER_ADDING_OFFICIAL,العنوان مطابق للنص النظامي الرسمي بعد حذف ضوضاء الترقيم/السنة؛ يُستبدل بالأصل الرسمي من هيئة الخبراء.
iirmll_title_259,نظام مكافحة جرائم المعلوماتية(1),المكتبة القانونية ⚖️,عنوان مرجعي,,25df73d6-0f49-4dc5-b010-a9a700f2ec1d,نظام مكافحة جرائم المعلوماتية,https://laws.boe.gov.sa/BoeLaws/Laws/LawDetails/25df73d6-0f49-4dc5-b010-a9a700f2ec1d/1,DELETE_INTERMEDIARY_AFTER_ADDING_OFFICIAL,العنوان مطابق للنص النظامي الرسمي بعد حذف ضوضاء الترقيم/السنة؛ يُستبدل بالأصل الرسمي من هيئة الخبراء.
iirmll_title_260,نظام معهد الإدارة العامة,المكتبة القانونية ⚖️,عنوان مرجعي,,7797548e-f8c5-4042-a383-a9a700f1fe68,نظام معهد الإدارة العامة,https://laws.boe.gov.sa/BoeLaws/Laws/LawDetails/7797548e-f8c5-4042-a383-a9a700f1fe68/1,DELETE_INTERMEDIARY_AFTER_ADDING_OFFICIAL,العنوان مطابق للنص النظامي الرسمي بعد حذف ضوضاء الترقيم/السنة؛ يُستبدل بالأصل الرسمي من هيئة الخبراء.
iirmll_title_261,نظام الأسلحة والذخائر,المكتبة القانونية ⚖️,عنوان مرجعي,,a445af93-671f-496b-818a-a9a700f19150,نظام الأسلحة والذخائر,https://laws.boe.gov.sa/BoeLaws/Laws/LawDetails/a445af93-671f-496b-818a-a9a700f19150/1,DELETE_INTERMEDIARY_AFTER_ADDING_OFFICIAL,العنوان مطابق للنص النظامي الرسمي بعد حذف ضوضاء الترقيم/السنة؛ يُستبدل بالأصل الرسمي من هيئة الخبراء.
iirmll_title_262,نظام الهيئة العامة للغذاء والدواء,المكتبة القانونية ⚖️,عنوان مرجعي,,dd7a7d7d-a92d-431b-9ec3-a9a700f28a46,نظام الهيئة العامة للغذاء والدواء,https://laws.boe.gov.sa/BoeLaws/Laws/LawDetails/dd7a7d7d-a92d-431b-9ec3-a9a700f28a46/1,DELETE_INTERMEDIARY_AFTER_ADDING_OFFICIAL,العنوان مطابق للنص النظامي الرسمي بعد حذف ضوضاء الترقيم/السنة؛ يُستبدل بالأصل الرسمي من هيئة الخبراء.
iirmll_title_264,النظام الأساسي للحكم,المكتبة القانونية ⚖️,عنوان مرجعي,,16b97fcb-4833-4f66-8531-a9a700f161b6,النظام الأساسي للحكم,https://laws.boe.gov.sa/BoeLaws/Laws/LawDetails/16b97fcb-4833-4f66-8531-a9a700f161b6/1,DELETE_INTERMEDIARY_AFTER_ADDING_OFFICIAL,العنوان مطابق للنص النظامي الرسمي بعد حذف ضوضاء الترقيم/السنة؛ يُستبدل بالأصل الرسمي من هيئة الخبراء.
iirmll_title_271,نظام الموانئ والمرافئ والمنائر البحرية,المكتبة القانونية ⚖️,عنوان مرجعي,,b680a5b2-1ed3-4014-9f49-a9a700f2e298,نظام الموانئ والمرافئ والمنائر البحرية,https://laws.boe.gov.sa/BoeLaws/Laws/LawDetails/b680a5b2-1ed3-4014-9f49-a9a700f2e298/1,DELETE_INTERMEDIARY_AFTER_ADDING_OFFICIAL,العنوان مطابق للنص النظامي الرسمي بعد حذف ضوضاء الترقيم/السنة؛ يُستبدل بالأصل الرسمي من هيئة الخبراء.
iirmll_title_273,نظام نقابة السيارات,المكتبة القانونية ⚖️,عنوان مرجعي,,cddb94e2-167b-4158-af5f-a9a700f2de58,نظام نقابة السيارات,https://laws.boe.gov.sa/BoeLaws/Laws/LawDetails/cddb94e2-167b-4158-af5f-a9a700f2de58/1,DELETE_INTERMEDIARY_AFTER_ADDING_OFFICIAL,العنوان مطابق للنص النظامي الرسمي بعد حذف ضوضاء الترقيم/السنة؛ يُستبدل بالأصل الرسمي من هيئة الخبراء.
iirmll_title_274,نظام وظائف مباشرة الأموال العامة,المكتبة القانونية ⚖️,عنوان مرجعي,,fd30f9c7-8606-4367-bb22-a9a700f2d952,نظام وظائف مباشرة الأموال العامة,https://laws.boe.gov.sa/BoeLaws/Laws/LawDetails/fd30f9c7-8606-4367-bb22-a9a700f2d952/1,DELETE_INTERMEDIARY_AFTER_ADDING_OFFICIAL,العنوان مطابق للنص النظامي الرسمي بعد حذف ضوضاء الترقيم/السنة؛ يُستبدل بالأصل الرسمي من هيئة الخبراء.
iirmll_title_275,نظام الغرف التجارية والصناعية,المكتبة القانونية ⚖️,عنوان مرجعي,,737705df-17ad-42b0-9094-a9a700f1bb61,نظام الغرف التجارية والصناعية,https://laws.boe.gov.sa/BoeLaws/Laws/LawDetails/737705df-17ad-42b0-9094-a9a700f1bb61/1,DELETE_INTERMEDIARY_AFTER_ADDING_OFFICIAL,العنوان مطابق للنص النظامي الرسمي بعد حذف ضوضاء الترقيم/السنة؛ يُستبدل بالأصل الرسمي من هيئة الخبراء.
iirmll_title_278,تنظيم الهيئة العامة للطيران المدني,المكتبة القانونية ⚖️,عنوان مرجعي,,7b3d4c04-1816-4c89-bdc7-b32200e54fee,تنظيم الهيئة العامة للطيران المدني,https://laws.boe.gov.sa/BoeLaws/Laws/LawDetails/7b3d4c04-1816-4c89-bdc7-b32200e54fee/1,DELETE_INTERMEDIARY_AFTER_ADDING_OFFICIAL,العنوان مطابق للنص النظامي الرسمي بعد حذف ضوضاء الترقيم/السنة؛ يُستبدل بالأصل الرسمي من هيئة الخبراء.
iirmll_title_280,نظام الميداليات المدنية والعسكرية,المكتبة القانونية ⚖️,عنوان مرجعي,,e1fd0b90-ced3-4402-ad60-a9a700f1f755,نظام الميداليات المدنية والعسكرية,https://laws.boe.gov.sa/BoeLaws/Laws/LawDetails/e1fd0b90-ced3-4402-ad60-a9a700f1f755/1,DELETE_INTERMEDIARY_AFTER_ADDING_OFFICIAL,العنوان مطابق للنص النظامي الرسمي بعد حذف ضوضاء الترقيم/السنة؛ يُستبدل بالأصل الرسمي من هيئة الخبراء.
iirmll_title_282,نظام ديوان المراقبة العامة,المكتبة القانونية ⚖️,عنوان مرجعي,,5dc538d4-5bbd-4995-8f0c-a9a700f2c88c,نظام ديوان المراقبة العامة,https://laws.boe.gov.sa/BoeLaws/Laws/LawDetails/5dc538d4-5bbd-4995-8f0c-a9a700f2c88c/1,DELETE_INTERMEDIARY_AFTER_ADDING_OFFICIAL,العنوان مطابق للنص النظامي الرسمي بعد حذف ضوضاء الترقيم/السنة؛ يُستبدل بالأصل الرسمي من هيئة الخبراء.
iirmll_title_283,نظام رسوم تسجيل السفن والوحدات العائمة,المكتبة القانونية ⚖️,عنوان مرجعي,,59d8016f-daa9-463b-8a5d-a9a700f2d3eb,نظام رسوم تسجيل السفن والوحدات العائمة,https://laws.boe.gov.sa/BoeLaws/Laws/LawDetails/59d8016f-daa9-463b-8a5d-a9a700f2d3eb/1,DELETE_INTERMEDIARY_AFTER_ADDING_OFFICIAL,العنوان مطابق للنص النظامي الرسمي بعد حذف ضوضاء الترقيم/السنة؛ يُستبدل بالأصل الرسمي من هيئة الخبراء.
iirmll_title_284,نظام مكتبة الملك فهد الوطنية,المكتبة القانونية ⚖️,عنوان مرجعي,,891a3908-3c1b-4b06-85ac-a9a700f17132,نظام مكتبة الملك فهد الوطنية,https://laws.boe.gov.sa/BoeLaws/Laws/LawDetails/891a3908-3c1b-4b06-85ac-a9a700f17132/1,DELETE_INTERMEDIARY_AFTER_ADDING_OFFICIAL,العنوان مطابق للنص النظامي الرسمي بعد حذف ضوضاء الترقيم/السنة؛ يُستبدل بالأصل الرسمي من هيئة الخبراء.
iirmll_title_287,نظام مجلس الشورى,المكتبة القانونية ⚖️,عنوان مرجعي,,b5cf540a-e6ac-426a-b348-a9a700f163de,نظام مجلس الشورى,https://laws.boe.gov.sa/BoeLaws/Laws/LawDetails/b5cf540a-e6ac-426a-b348-a9a700f163de/1,DELETE_INTERMEDIARY_AFTER_ADDING_OFFICIAL,العنوان مطابق للنص النظامي الرسمي بعد حذف ضوضاء الترقيم/السنة؛ يُستبدل بالأصل الرسمي من هيئة الخبراء.
iirmll_title_288,نظام مجلس الوزراء,المكتبة القانونية ⚖️,عنوان مرجعي,,93e87aa7-f344-4711-b97c-a9a700f1662b,نظام مجلس الوزراء,https://laws.boe.gov.sa/BoeLaws/Laws/LawDetails/93e87aa7-f344-4711-b97c-a9a700f1662b/1,DELETE_INTERMEDIARY_AFTER_ADDING_OFFICIAL,العنوان مطابق للنص النظامي الرسمي بعد حذف ضوضاء الترقيم/السنة؛ يُستبدل بالأصل الرسمي من هيئة الخبراء.
iirmll_title_289,نظام جباية الزكاة,المكتبة القانونية ⚖️,عنوان مرجعي,,25fed59a-2790-4a77-ab11-a9a700f2c5fd,نظام جباية الزكاة,https://laws.boe.gov.sa/BoeLaws/Laws/LawDetails/25fed59a-2790-4a77-ab11-a9a700f2c5fd/1,DELETE_INTERMEDIARY_AFTER_ADDING_OFFICIAL,العنوان مطابق للنص النظامي الرسمي بعد حذف ضوضاء الترقيم/السنة؛ يُستبدل بالأصل الرسمي من هيئة الخبراء.
iirmll_title_290,تنظيم هيئة حقوق الإنسان,المكتبة القانونية ⚖️,عنوان مرجعي,,836460dd-2750-40a8-b8b1-a9a700f26ede,تنظيم هيئة حقوق الإنسان,https://laws.boe.gov.sa/BoeLaws/Laws/LawDetails/836460dd-2750-40a8-b8b1-a9a700f26ede/1,DELETE_INTERMEDIARY_AFTER_ADDING_OFFICIAL,العنوان مطابق للنص النظامي الرسمي بعد حذف ضوضاء الترقيم/السنة؛ يُستبدل بالأصل الرسمي من هيئة الخبراء.
iirmll_title_292,نظام تعريفة الطيران المدني,المكتبة القانونية ⚖️,عنوان مرجعي,,456ab486-9c16-4c7b-993c-a9a700f2cc4a,نظام تعريفة الطيران المدني,https://laws.boe.gov.sa/BoeLaws/Laws/LawDetails/456ab486-9c16-4c7b-993c-a9a700f2cc4a/1,DELETE_INTERMEDIARY_AFTER_ADDING_OFFICIAL,العنوان مطابق للنص النظامي الرسمي بعد حذف ضوضاء الترقيم/السنة؛ يُستبدل بالأصل الرسمي من هيئة الخبراء.
iirmll_title_294,نظام البريد,المكتبة القانونية ⚖️,عنوان مرجعي,,8ca91427-5be7-4807-80ae-adc700a97f0d,نظام البريد,https://laws.boe.gov.sa/BoeLaws/Laws/LawDetails/8ca91427-5be7-4807-80ae-adc700a97f0d/1,DELETE_INTERMEDIARY_AFTER_ADDING_OFFICIAL,العنوان مطابق للنص النظامي الرسمي بعد حذف ضوضاء الترقيم/السنة؛ يُستبدل بالأصل الرسمي من هيئة الخبراء.
iirmll_title_295,نظام أمن الحدود,المكتبة القانونية ⚖️,عنوان مرجعي,,871b7db0-6d40-4380-90a1-a9a700f188c7,نظام أمن الحدود,https://laws.boe.gov.sa/BoeLaws/Laws/LawDetails/871b7db0-6d40-4380-90a1-a9a700f188c7/1,DELETE_INTERMEDIARY_AFTER_ADDING_OFFICIAL,العنوان مطابق للنص النظامي الرسمي بعد حذف ضوضاء الترقيم/السنة؛ يُستبدل بالأصل الرسمي من هيئة الخبراء.
iirmll_title_296,نظام هيئة البيعة,المكتبة القانونية ⚖️,عنوان مرجعي,,3213c2f6-eaf8-45dc-8f8c-a9a700f167ee,نظام هيئة البيعة,https://laws.boe.gov.sa/BoeLaws/Laws/LawDetails/3213c2f6-eaf8-45dc-8f8c-a9a700f167ee/1,DELETE_INTERMEDIARY_AFTER_ADDING_OFFICIAL,العنوان مطابق للنص النظامي الرسمي بعد حذف ضوضاء الترقيم/السنة؛ يُستبدل بالأصل الرسمي من هيئة الخبراء.
iirmll_title_298,نظام المختبرات الخاصة,المكتبة القانونية ⚖️,عنوان مرجعي,,4c55f487-89fa-4d0f-80f1-a9a700f2835e,نظام المختبرات الخاصة,https://laws.boe.gov.sa/BoeLaws/Laws/LawDetails/4c55f487-89fa-4d0f-80f1-a9a700f2835e/1,DELETE_INTERMEDIARY_AFTER_ADDING_OFFICIAL,العنوان مطابق للنص النظامي الرسمي بعد حذف ضوضاء الترقيم/السنة؛ يُستبدل بالأصل الرسمي من هيئة الخبراء.
iirmll_title_301,نظام المؤسسة العامة للموانئ السعودية,المكتبة القانونية ⚖️,عنوان مرجعي,,db0851bf-16ee-41d5-b87f-a9a700f2e35d,نظام المؤسسة العامة للموانئ السعودية,https://laws.boe.gov.sa/BoeLaws/Laws/LawDetails/db0851bf-16ee-41d5-b87f-a9a700f2e35d/1,DELETE_INTERMEDIARY_AFTER_ADDING_OFFICIAL,العنوان مطابق للنص النظامي الرسمي بعد حذف ضوضاء الترقيم/السنة؛ يُستبدل بالأصل الرسمي من هيئة الخبراء.
iirmll_title_302,نظام الهيئة السعودية للتخصصات الصحية,المكتبة القانونية ⚖️,عنوان مرجعي,,6c8d5fc7-ce6c-4636-9c72-a9a700f28290,نظام الهيئة السعودية للتخصصات الصحية,https://laws.boe.gov.sa/BoeLaws/Laws/LawDetails/6c8d5fc7-ce6c-4636-9c72-a9a700f28290/1,DELETE_INTERMEDIARY_AFTER_ADDING_OFFICIAL,العنوان مطابق للنص النظامي الرسمي بعد حذف ضوضاء الترقيم/السنة؛ يُستبدل بالأصل الرسمي من هيئة الخبراء.
iirmll_title_303,نظام جوازات السفر السياسية والخاصة,المكتبة القانونية ⚖️,عنوان مرجعي,,f5b4288e-5625-4cf3-8ce8-a9a700f17bf9,نظام جوازات السفر السياسية والخاصة,https://laws.boe.gov.sa/BoeLaws/Laws/LawDetails/f5b4288e-5625-4cf3-8ce8-a9a700f17bf9/1,DELETE_INTERMEDIARY_AFTER_ADDING_OFFICIAL,العنوان مطابق للنص النظامي الرسمي بعد حذف ضوضاء الترقيم/السنة؛ يُستبدل بالأصل الرسمي من هيئة الخبراء.
iirmll_title_305,نظام وثائق السفر,المكتبة القانونية ⚖️,عنوان مرجعي,,e29f08fa-d53e-4944-b22b-a9a700f17fd9,نظام وثائق السفر,https://laws.boe.gov.sa/BoeLaws/Laws/LawDetails/e29f08fa-d53e-4944-b22b-a9a700f17fd9/1,DELETE_INTERMEDIARY_AFTER_ADDING_OFFICIAL,العنوان مطابق للنص النظامي الرسمي بعد حذف ضوضاء الترقيم/السنة؛ يُستبدل بالأصل الرسمي من هيئة الخبراء.
iirmll_title_306,نظام الإحصاء,المكتبة القانونية ⚖️,عنوان مرجعي,,b4edc050-18f3-4b23-aabc-b35b00ddaab7,نظام الإحصاء,https://laws.boe.gov.sa/BoeLaws/Laws/LawDetails/b4edc050-18f3-4b23-aabc-b35b00ddaab7/1,DELETE_INTERMEDIARY_AFTER_ADDING_OFFICIAL,العنوان مطابق للنص النظامي الرسمي بعد حذف ضوضاء الترقيم/السنة؛ يُستبدل بالأصل الرسمي من هيئة الخبراء.
iirmll_title_309,نظام المركز الوطني للوثائق والمحفوظات,المكتبة القانونية ⚖️,عنوان مرجعي,,bdf15375-52e6-4c94-9153-a9a700f16cc3,نظام المركز الوطني للوثائق والمحفوظات,https://laws.boe.gov.sa/BoeLaws/Laws/LawDetails/bdf15375-52e6-4c94-9153-a9a700f16cc3/1,DELETE_INTERMEDIARY_AFTER_ADDING_OFFICIAL,العنوان مطابق للنص النظامي الرسمي بعد حذف ضوضاء الترقيم/السنة؛ يُستبدل بالأصل الرسمي من هيئة الخبراء.
iirmll_title_519,نظام ملكية الوحدات العقارية وفرزها وإدارتها 0,المكتبة القانونية ⚖️,عنوان مرجعي,,d19fbfe8-6517-4e8b-b06a-b09000cefe1b,نظام ملكية الوحدات العقارية وفرزها وإدارتها,https://laws.boe.gov.sa/BoeLaws/Laws/LawDetails/d19fbfe8-6517-4e8b-b06a-b09000cefe1b/1,DELETE_INTERMEDIARY_AFTER_ADDING_OFFICIAL,العنوان مطابق للنص النظامي الرسمي بعد حذف ضوضاء الترقيم/السنة؛ يُستبدل بالأصل الرسمي من هيئة الخبراء.
suwaid_title_232,نظام العمل التطوعي,شركة السويد للمحاماة والاستشارات القانونية,عنوان مرجعي,,a122634e-98ea-4e40-b4dd-ab5700c51c7d,نظام العمل التطوعي,https://laws.boe.gov.sa/BoeLaws/Laws/LawDetails/a122634e-98ea-4e40-b4dd-ab5700c51c7d/1,DELETE_INTERMEDIARY_AFTER_ADDING_OFFICIAL,العنوان مطابق للنص النظامي الرسمي بعد حذف ضوضاء الترقيم/السنة؛ يُستبدل بالأصل الرسمي من هيئة الخبراء.
suwaid_title_768,نظام الاثبات,شركة السويد للمحاماة والاستشارات القانونية,عنوان مرجعي,,2716057c-c097-4bad-8e1e-ae1400c678d5,نظام الإثبات,https://laws.boe.gov.sa/BoeLaws/Laws/LawDetails/2716057c-c097-4bad-8e1e-ae1400c678d5/1,DELETE_INTERMEDIARY_AFTER_ADDING_OFFICIAL,العنوان مطابق للنص النظامي الرسمي بعد حذف ضوضاء الترقيم/السنة؛ يُستبدل بالأصل الرسمي من هيئة الخبراء.
suwaid_title_847,نظام تملك غير السعوديين للعقار 2025,شركة السويد للمحاماة والاستشارات القانونية,عنوان مرجعي,,a1bdadb5-c518-48bb-a1d0-b33000e66fd1,نظام تملك غير السعوديين للعقار,https://laws.boe.gov.sa/BoeLaws/Laws/LawDetails/a1bdadb5-c518-48bb-a1d0-b33000e66fd1/1,DELETE_INTERMEDIARY_AFTER_ADDING_OFFICIAL,العنوان مطابق للنص النظامي الرسمي بعد حذف ضوضاء الترقيم/السنة؛ يُستبدل بالأصل الرسمي من هيئة الخبراء.
