author,category,download_links_count,file_size,file_type,id,integration_note,investigator,is_featured,link_direct,link_drive,link_telegram,material_type,pages_count,publisher,source,source_message_id,title,year
,الأحوال الشخصية والتركات,1,9.5 MB,PDF,almuhame_alfaqih_619,عنوان ورابط رسالة عامة فقط؛ لم يُحمّل الملف.,,False,,,https://t.me/almuhamealfaqih/619,بحث,,قناة المحامي الفقيه (@almuhamealfaqih),المحامي الفقيه,619,تعليق الطلاق علي مشيئة الله,2023
,التحكيم والوساطة,1,337.2 KB,PDF,almuhame_alfaqih_701,عنوان ورابط رسالة عامة فقط؛ لم يُحمّل الملف.,,False,,,https://t.me/almuhamealfaqih/701,نظام,,قناة المحامي الفقيه (@almuhamealfaqih),المحامي الفقيه,701,2023 ICC Facilitating Settlement in International Arbitration,2023
,الأحوال الشخصية والتركات,1,6.9 MB,PDF,almuhame_alfaqih_705,عنوان ورابط رسالة عامة فقط؛ لم يُحمّل الملف.,,False,,,https://t.me/almuhamealfaqih/705,كتاب,,قناة المحامي الفقيه (@almuhamealfaqih),المحامي الفقيه,705,عقد الزواج,2023
,التحكيم والوساطة,1,7.5 MB,PDF,almuhame_alfaqih_709,عنوان ورابط رسالة عامة فقط؛ لم يُحمّل الملف.,,False,,,https://t.me/almuhamealfaqih/709,نظام,,قناة المحامي الفقيه (@almuhamealfaqih),المحامي الفقيه,709,معايير استرشادية لتحديد اتعاب المحكمين ومصاريفهم في مراكز التحكيم,2023
,الأنظمة والتشريعات,1,9.3 MB,PDF,almuhame_alfaqih_733,عنوان ورابط رسالة عامة فقط؛ لم يُحمّل الملف.,,False,,,https://t.me/almuhamealfaqih/733,كتاب,,قناة المحامي الفقيه (@almuhamealfaqih),المحامي الفقيه,733,الأنظمة و التنظيمات الصحية في المملكة العربية السعودية,2023
,الأنظمة والتشريعات,1,31.7 MB,PDF,almuhame_alfaqih_865,عنوان ورابط رسالة عامة فقط؛ لم يُحمّل الملف.,,False,,,https://t.me/almuhamealfaqih/865,كتاب,,قناة المحامي الفقيه (@almuhamealfaqih),المحامي الفقيه,865,توثيق,2024
,القضاء والإثبات,1,13.8 MB,PDF,almuhame_alfaqih_1055,عنوان ورابط رسالة عامة فقط؛ لم يُحمّل الملف.,,False,,,https://t.me/almuhamealfaqih/1055,دليل,,قناة المحامي الفقيه (@almuhamealfaqih),المحامي الفقيه,1055,دليل المعهد العالي للقضاء,2024
,الأنظمة والتشريعات,1,331.0 KB,PDF,almuhame_alfaqih_1062,عنوان ورابط رسالة عامة فقط؛ لم يُحمّل الملف.,,False,,,https://t.me/almuhamealfaqih/1062,كتاب,,قناة المحامي الفقيه (@almuhamealfaqih),المحامي الفقيه,1062,تعريفات المعاملات الفقهية,2024
,الأنظمة والتشريعات,1,2.7 MB,PDF,almuhame_alfaqih_1089,عنوان ورابط رسالة عامة فقط؛ لم يُحمّل الملف.,,False,,,https://t.me/almuhamealfaqih/1089,دليل,,قناة المحامي الفقيه (@almuhamealfaqih),المحامي الفقيه,1089,الدليل المساعد للقانونيين 240915 000532,2024
,القضاء والإثبات,1,810.2 KB,PDF,almuhame_alfaqih_1090,عنوان ورابط رسالة عامة فقط؛ لم يُحمّل الملف.,,False,,,https://t.me/almuhamealfaqih/1090,دليل,,قناة المحامي الفقيه (@almuhamealfaqih),المحامي الفقيه,1090,١٠٠ مصطلح ديوان المظالم,2024
,الأنظمة والتشريعات,1,158.4 KB,PDF,almuhame_alfaqih_1101,عنوان ورابط رسالة عامة فقط؛ لم يُحمّل الملف.,,False,,,https://t.me/almuhamealfaqih/1101,نظام,,قناة المحامي الفقيه (@almuhamealfaqih),المحامي الفقيه,1101,اللائحة التنظيمية لنشاط الاستراحات,2024
,التحكيم والوساطة,1,150.4 KB,PDF,almuhame_alfaqih_1119,عنوان ورابط رسالة عامة فقط؛ لم يُحمّل الملف.,,False,,,https://t.me/almuhamealfaqih/1119,نظام,,قناة المحامي الفقيه (@almuhamealfaqih),المحامي الفقيه,1119,لائحة عمل أمين سر لجنة التحكيم,2024
,الأحوال الشخصية والتركات,1,221.8 KB,PDF,almuhame_alfaqih_1120,عنوان ورابط رسالة عامة فقط؛ لم يُحمّل الملف.,,False,,,https://t.me/almuhamealfaqih/1120,نظام,,قناة المحامي الفقيه (@almuhamealfaqih),المحامي الفقيه,1120,قواعد الفرائض,2024
,الأنظمة والتشريعات,1,14.8 MB,PDF,almuhame_alfaqih_1133,عنوان ورابط رسالة عامة فقط؛ لم يُحمّل الملف.,,False,,,https://t.me/almuhamealfaqih/1133,نظام,,قناة المحامي الفقيه (@almuhamealfaqih),المحامي الفقيه,1133,اللائحة التنفيذية الجديدة,2024
,الأحوال الشخصية والتركات,1,4.7 MB,PDF,almuhame_alfaqih_1166,عنوان ورابط رسالة عامة فقط؛ لم يُحمّل الملف.,,False,,,https://t.me/almuhamealfaqih/1166,كتاب,,قناة المحامي الفقيه (@almuhamealfaqih),المحامي الفقيه,1166,فرائض2 - 46هـ,2024
,الأحوال الشخصية والتركات,1,307.5 KB,PDF,almuhame_alfaqih_1181,عنوان ورابط رسالة عامة فقط؛ لم يُحمّل الملف.,,False,,,https://t.me/almuhamealfaqih/1181,كتاب,,قناة المحامي الفقيه (@almuhamealfaqih),المحامي الفقيه,1181,حقوق الورثة,2025
,الأحوال الشخصية والتركات,1,1.2 MB,Word,almuhame_alfaqih_1182,عنوان ورابط رسالة عامة فقط؛ لم يُحمّل الملف.,,False,,,https://t.me/almuhamealfaqih/1182,كتاب,,قناة المحامي الفقيه (@almuhamealfaqih),المحامي الفقيه,1182,حقوق الورثة (نسخة للطباعة),2025
,الأنظمة والتشريعات,1,14.7 MB,PDF,almuhame_alfaqih_1289,عنوان ورابط رسالة عامة فقط؛ لم يُحمّل الملف.,,False,,,https://t.me/almuhamealfaqih/1289,بحث,,قناة المحامي الفقيه (@almuhamealfaqih),المحامي الفقيه,1289,نظام المعاملات المدنية ملامحه وتاريخه دراسة تأصيلية,2025
,الأحوال الشخصية والتركات,1,20.7 MB,PDF,almuhame_alfaqih_1384,عنوان ورابط رسالة عامة فقط؛ لم يُحمّل الملف.,,False,,,https://t.me/almuhamealfaqih/1384,كتاب,,قناة المحامي الفقيه (@almuhamealfaqih),المحامي الفقيه,1384,حساب المواريث بطريقة الكسور ط2 مع غلاف,2025
,الأحوال الشخصية والتركات,1,2.7 MB,PDF,almuhame_alfaqih_1420,عنوان ورابط رسالة عامة فقط؛ لم يُحمّل الملف.,,False,,,https://t.me/almuhamealfaqih/1420,شرح,,قناة المحامي الفقيه (@almuhamealfaqih),المحامي الفقيه,1420,شرح نظام الأحوال الشخصية إعداد وزارة العدل,2025
,الأنظمة والتشريعات,1,192.7 KB,PDF,almuhame_alfaqih_1432,عنوان ورابط رسالة عامة فقط؛ لم يُحمّل الملف.,,False,,,https://t.me/almuhamealfaqih/1432,دليل,,قناة المحامي الفقيه (@almuhamealfaqih),المحامي الفقيه,1432,قائمة بكتبي المتعلقة بنظام المعاملات المدنية,2025
,الأنظمة والتشريعات,1,760.6 KB,PDF,almuhame_alfaqih_1449,عنوان ورابط رسالة عامة فقط؛ لم يُحمّل الملف.,,False,,,https://t.me/almuhamealfaqih/1449,نظام,,قناة المحامي الفقيه (@almuhamealfaqih),المحامي الفقيه,1449,اللائحة التنظيمية للباعة المتجولين,2025
,الأنظمة والتشريعات,1,394.8 KB,PDF,almuhame_alfaqih_1455,عنوان ورابط رسالة عامة فقط؛ لم يُحمّل الملف.,,False,,,https://t.me/almuhamealfaqih/1455,بحث,,قناة المحامي الفقيه (@almuhamealfaqih),المحامي الفقيه,1455,ندوة المعايير الشرعية وعلاقتها بالنصوص النظامية ذات الصلة,2025
,الأنظمة والتشريعات,1,478.1 KB,PDF,almuhame_alfaqih_1468,عنوان ورابط رسالة عامة فقط؛ لم يُحمّل الملف.,,False,,,https://t.me/almuhamealfaqih/1468,كتاب,,قناة المحامي الفقيه (@almuhamealfaqih),المحامي الفقيه,1468,ملخص فقه العقوبات,2025
,التحكيم والوساطة,1,718.5 KB,PDF,almuhame_alfaqih_1481,عنوان ورابط رسالة عامة فقط؛ لم يُحمّل الملف.,,False,,,https://t.me/almuhamealfaqih/1481,بحث,,قناة المحامي الفقيه (@almuhamealfaqih),المحامي الفقيه,1481,الأوراق العلمية بطلان حكم التحكيم,2025
,القضاء والإثبات,1,17.0 MB,PDF,almuhame_alfaqih_1486,عنوان ورابط رسالة عامة فقط؛ لم يُحمّل الملف.,,False,,,https://t.me/almuhamealfaqih/1486,كتاب,,قناة المحامي الفقيه (@almuhamealfaqih),المحامي الفقيه,1486,الاستفادة من السوابق,2025
,القضاء والإثبات,1,10.7 MB,PDF,almuhame_alfaqih_1602,عنوان ورابط رسالة عامة فقط؛ لم يُحمّل الملف.,,False,,,https://t.me/almuhamealfaqih/1602,كتاب,,قناة المحامي الفقيه (@almuhamealfaqih),المحامي الفقيه,1602,ابن تيمية في القضاء السعودي (1),2026
,الأنظمة والتشريعات,1,9.5 MB,PDF,almuhame_alfaqih_1767,عنوان ورابط رسالة عامة فقط؛ لم يُحمّل الملف.,,False,,,https://t.me/almuhamealfaqih/1767,شرح,,قناة المحامي الفقيه (@almuhamealfaqih),المحامي الفقيه,1767,شرح نظام المعاملات المدنية كامل ومفهرس,2026
