date,file_name,file_size,message_id,mime_type,reason,title
2023-08-29T04:21:07,‎⁨فهرس أبحاث فقه القضاء⁩.pdf,705725,765,application/pdf,تطابق عنواني صريح مع مادة قائمة في المكنز,فهرس أبحاث فقه القضاء
2024-02-12T14:43:04,المحامي_الوكيل_بالخصومة_مسائل_وأحكام_في_كتب_التراث.pdf,2612448,907,application/pdf,تطابق عنواني صريح مع مادة قائمة في المكنز,المحامي الوكيل بالخصومة مسائل وأحكام في كتب التراث
2024-03-24T10:51:33,قواعد قانونية قرآنية.pdf,9654261,955,application/pdf,تطابق عنواني صريح مع مادة قائمة في المكنز,قواعد قانونية قرآنية
2024-10-05T21:18:42,الصياغة القضائية.pdf,1424541,1109,application/pdf,تطابق عنواني صريح مع مادة قائمة في المكنز,الصياغة القضائية
2024-12-31T16:18:05,‎⁨تقدير_التعويض_الناشئ_عن_الإثراء_بلا_سبب⁩.pdf,1155702,1180,application/pdf,تطابق عنواني صريح مع مادة قائمة في المكنز,تقدير التعويض الناشئ عن الإثراء بلا سبب
2025-01-01T06:15:09,حقوق الورثة (نسخة للطباعة).pdf,283333,1183,application/pdf,تطابق عنواني صريح داخل هذا التصدير,حقوق الورثة (نسخة للطباعة)
2025-01-05T20:17:52,‎⁨نظام_المرافعات_أمام_ديوان_المظالم_ولائحته_التنفيذية⁩.pdf,4350558,1186,application/pdf,تطابق عنواني صريح مع مادة قائمة في المكنز,نظام المرافعات أمام ديوان المظالم ولائحته التنفيذية
2025-02-13T12:02:41,‎⁨أحكام العزل من نظارة الوقف⁩.pdf,881445,1216,application/pdf,تطابق عنواني صريح مع مادة قائمة في المكنز,أحكام العزل من نظارة الوقف
2025-02-18T16:34:24,‎⁨لائحة_نظام_الأحوال_الشخصية_1446هـ⁩.pdf,1676200,1221,application/pdf,تطابق عنواني صريح مع مادة قائمة في المكنز,لائحة نظام الأحوال الشخصية 1446هـ
2025-02-27T20:53:51,‎⁨لائحة_نظام_الأحوال_الشخصية_1446هـ⁩.pdf,1676200,1231,application/pdf,تطابق عنواني صريح مع مادة قائمة في المكنز,لائحة نظام الأحوال الشخصية 1446هـ
2025-04-19T11:55:17,__1745052879.pdf,486605,1301,application/pdf,تطابق عنواني صريح مع مادة قائمة في المكنز,الضوابط اللغوية للصياغة القانونية
2025-11-13T10:47:22,الضوابط_اللغوية_للصياغة_القانونية_.pdf,486012,1460,application/pdf,تطابق عنواني صريح مع مادة قائمة في المكنز,الضوابط اللغوية للصياغة القانونية
2025-12-24T16:35:06,تبسيط_نظام_الأحوال_الشخصية_السعودي.pdf,820390,1496,application/pdf,تطابق عنواني صريح مع مادة قائمة في المكنز,تبسيط نظام الأحوال الشخصية السعودي
2026-01-02T22:28:33,تجميعات سوابق قضائية.pdf,22564964,1511,application/pdf,تطابق عنواني صريح مع مادة قائمة في المكنز,تجميعات سوابق قضائية
2026-01-12T07:08:16,ما عليه العمل في كتاب القضاء.pdf,506370,1518,application/pdf,تطابق عنواني صريح مع مادة قائمة في المكنز,ما عليه العمل في كتاب القضاء
